year,month,threshold,lat,lon,prec,evap,in_degree,out_degree,clustering,ffl
2030,1,1.1514,-6.639901329037456,-64.54326923076923,228.7682293319737,88.44650001596854,6.278846153846154,6.278846153846154,0.2640638800218393,25.783653846153847
2030,1,3.112,-6.639901329037456,-64.54326923076923,228.7682293319737,88.44650001596854,1.1538461538461537,1.1538461538461537,0.04952171670921671,2.0913461538461537
2030,2,1.1514,-6.639901329037456,-64.54326923076923,203.05840357176774,79.67456927558285,5.4014423076923075,5.4014423076923075,0.2357270020484827,20.860576923076923
2030,2,3.112,-6.639901329037456,-64.54326923076923,203.05840357176774,79.67456927558285,0.9471153846153846,0.9471153846153846,0.0322454988921335,1.5865384615384615
2030,3,1.1514,-6.639901329037456,-64.54326923076923,240.1528060124578,87.18267102773294,6.5360576923076925,6.5360576923076925,0.2731071720860349,26.365384615384617
2030,3,3.112,-6.639901329037456,-64.54326923076923,240.1528060124578,87.18267102773294,1.2379807692307692,1.2379807692307692,0.04898252788877788,2.0889423076923075
2030,4,1.1514,-6.639901329037456,-64.54326923076923,239.59639760184533,83.78988576946588,6.555288461538462,6.555288461538462,0.2568225469288702,27.55528846153846
2030,4,3.112,-6.639901329037456,-64.54326923076923,239.59639760184533,83.78988576946588,1.1177884615384615,1.1177884615384615,0.028565705128205124,1.6201923076923077
2030,5,1.1514,-6.639901329037456,-64.54326923076923,167.14710914523624,83.99696998488632,3.887019230769231,3.887019230769231,0.15428293861579942,15.721153846153847
2030,5,3.112,-6.639901329037456,-64.54326923076923,167.14710914523624,83.99696998488632,0.6129807692307693,0.6129807692307693,0.01879578754578754,0.8653846153846154
2030,6,1.1514,-6.639901329037456,-64.54326923076923,74.61540426121316,74.43425301342668,1.2355769230769231,1.2355769230769231,0.05078175706369806,3.65625
2030,6,3.112,-6.639901329037456,-64.54326923076923,74.61540426121316,74.43425301342668,0.20673076923076922,0.20673076923076922,0.007251602564102564,0.27884615384615385
2030,7,1.1514,-6.639901329037456,-64.54326923076923,42.398961745612596,74.26505450653943,0.5048076923076923,0.5048076923076923,0.02442978362449516,1.0504807692307692
2030,7,3.112,-6.639901329037456,-64.54326923076923,42.398961745612596,74.26505450653943,0.04567307692307692,0.04567307692307692,0.004006410256410256,0.052884615384615384
2030,8,1.1514,-6.639901329037456,-64.54326923076923,28.596001994830797,76.7805452455101,0.3245192307692308,0.3245192307692308,0.014758852258852258,0.6081730769230769
2030,8,3.112,-6.639901329037456,-64.54326923076923,28.596001994830797,76.7805452455101,0.026442307692307692,0.026442307692307692,0.0,0.03125
2030,9,1.1514,-6.639901329037456,-64.54326923076923,47.72369190856261,77.11503521520254,1.0721153846153846,1.0721153846153846,0.05720031170752324,2.3966346153846154
2030,9,3.112,-6.639901329037456,-64.54326923076923,47.72369190856261,77.11503521520254,0.07692307692307693,0.07692307692307693,0.0,0.08173076923076923
2030,10,1.1514,-6.639901329037456,-64.54326923076923,137.1626113983178,85.81911937312488,4.891826923076923,4.891826923076923,0.20001578978935847,19.173076923076923
2030,10,3.112,-6.639901329037456,-64.54326923076923,137.1626113983178,85.81911937312488,0.7259615384615384,0.7259615384615384,0.036227487789987786,1.0504807692307692
2030,11,1.1514,-6.639901329037456,-64.54326923076923,188.14062759297693,87.01250381588339,6.175480769230769,6.175480769230769,0.25333934448040435,26.771634615384617
2030,11,3.112,-6.639901329037456,-64.54326923076923,188.14062759297693,87.01250381588339,1.0,1.0,0.038906499483422556,1.6995192307692308
2030,12,1.1514,-6.639901329037456,-64.54326923076923,253.70056165112067,88.32583474549712,7.459134615384615,7.459134615384615,0.2886317657344154,36.08653846153846
2030,12,3.112,-6.639901329037456,-64.54326923076923,253.70056165112067,88.32583474549712,1.4591346153846154,1.4591346153846154,0.05160928323913628,2.889423076923077
2031,1,1.1514,-6.639901329037456,-64.54326923076923,227.59586851744012,88.34414503455835,6.185096153846154,6.185096153846154,0.2631792975415327,24.927884615384617
2031,1,3.112,-6.639901329037456,-64.54326923076923,227.59586851744012,88.34414503455835,1.1105769230769231,1.1105769230769231,0.049297235111379845,2.043269230769231
2031,2,1.1514,-6.639901329037456,-64.54326923076923,200.75187706840495,79.25693063273236,5.389423076923077,5.389423076923077,0.23448346894283587,21.528846153846153
2031,2,3.112,-6.639901329037456,-64.54326923076923,200.75187706840495,79.25693063273236,0.9110576923076923,0.9110576923076923,0.03486338714704099,1.6033653846153846
2031,3,1.1514,-6.639901329037456,-64.54326923076923,241.65429790703212,86.40408703840059,6.653846153846154,6.653846153846154,0.27832855336679807,27.108173076923077
2031,3,3.112,-6.639901329037456,-64.54326923076923,241.65429790703212,86.40408703840059,1.2475961538461537,1.2475961538461537,0.05059015059015059,2.09375
2031,4,1.1514,-6.639901329037456,-64.54326923076923,237.8156100906673,83.71849620000825,6.6514423076923075,6.6514423076923075,0.2564311280175743,28.401442307692307
2031,4,3.112,-6.639901329037456,-64.54326923076923,237.8156100906673,83.71849620000825,1.1490384615384615,1.1490384615384615,0.031850961538461536,1.6658653846153846
2031,5,1.1514,-6.639901329037456,-64.54326923076923,168.61021762409442,83.77413754388934,3.831730769230769,3.831730769230769,0.15344965949010536,15.64423076923077
2031,5,3.112,-6.639901329037456,-64.54326923076923,168.61021762409442,83.77413754388934,0.5985576923076923,0.5985576923076923,0.016311813186813184,0.8485576923076923
2031,6,1.1514,-6.639901329037456,-64.54326923076923,76.87085276010686,74.20999214918261,1.3197115384615385,1.3197115384615385,0.0530528129007435,4.045673076923077
2031,6,3.112,-6.639901329037456,-64.54326923076923,76.87085276010686,74.20999214918261,0.21634615384615385,0.21634615384615385,0.00925480769230769,0.29086538461538464
2031,7,1.1514,-6.639901329037456,-64.54326923076923,40.82311712415212,74.03897863780115,0.4807692307692308,0.4807692307692308,0.02238123121536583,0.9975961538461539
2031,7,3.112,-6.639901329037456,-64.54326923076923,40.82311712415212,74.03897863780115,0.055288461538461536,0.055288461538461536,0.004006410256410256,0.07451923076923077
2031,8,1.1514,-6.639901329037456,-64.54326923076923,28.46369045571625,76.3620531753636,0.3125,0.3125,0.015233898046398046,0.5769230769230769
2031,8,3.112,-6.639901329037456,-64.54326923076923,28.46369045571625,76.3620531753636,0.02403846153846154,0.02403846153846154,0.0,0.028846153846153848
2031,9,1.1514,-6.639901329037456,-64.54326923076923,46.8756871592724,76.98107942205161,1.0408653846153846,1.0408653846153846,0.056365463449739465,2.300480769230769
2031,9,3.112,-6.639901329037456,-64.54326923076923,46.8756871592724,76.98107942205161,0.06971153846153846,0.06971153846153846,0.0,0.07211538461538461
2031,10,1.1514,-6.639901329037456,-64.54326923076923,134.19337157175926,85.32966781940635,4.793269230769231,4.793269230769231,0.19587618754289104,18.329326923076923
2031,10,3.112,-6.639901329037456,-64.54326923076923,134.19337157175926,85.32966781940635,0.7211538461538461,0.7211538461538461,0.03673878205128205,1.0600961538461537
2031,11,1.1514,-6.639901329037456,-64.54326923076923,186.21661622117801,86.46144852153567,6.060096153846154,6.060096153846154,0.2509508932080374,25.822115384615383
2031,11,3.112,-6.639901329037456,-64.54326923076923,186.21661622117801,86.46144852153567,0.9903846153846154,0.9903846153846154,0.038288474346166654,1.6995192307692308
2031,12,1.1514,-6.639901329037456,-64.54326923076923,251.3373663366244,88.21565828708334,7.3701923076923075,7.3701923076923075,0.28626687352778385,35.09615384615385
2031,12,3.112,-6.639901329037456,-64.54326923076923,251.3373663366244,88.21565828708334,1.4471153846153846,1.4471153846153846,0.04751920428035575,2.7548076923076925
2032,1,1.1514,-6.639901329037456,-64.54326923076923,226.31469045134898,87.96619798920561,6.331730769230769,6.331730769230769,0.2652744641238081,25.908653846153847
2032,1,3.112,-6.639901329037456,-64.54326923076923,226.31469045134898,87.96619798920561,1.1610576923076923,1.1610576923076923,0.04394480245631561,2.105769230769231
2032,2,1.1514,-6.639901329037456,-64.54326923076923,203.3582539777946,79.09603594897165,5.4326923076923075,5.4326923076923075,0.23602882297226882,21.35576923076923
2032,2,3.112,-6.639901329037456,-64.54326923076923,203.3582539777946,79.09603594897165,0.9423076923076923,0.9423076923076923,0.03733289724876263,1.6274038461538463
2032,3,1.1514,-6.639901329037456,-64.54326923076923,244.76677051776946,86.25826605799224,6.8076923076923075,6.8076923076923075,0.28221758091563026,28.259615384615383
2032,3,3.112,-6.639901329037456,-64.54326923076923,244.76677051776946,86.25826605799224,1.3221153846153846,1.3221153846153846,0.05216568732193732,2.204326923076923
2032,4,1.1514,-6.639901329037456,-64.54326923076923,236.76551015491793,83.4057821897975,6.716346153846154,6.716346153846154,0.25877242721985777,29.139423076923077
2032,4,3.112,-6.639901329037456,-64.54326923076923,236.76551015491793,83.4057821897975,1.1442307692307692,1.1442307692307692,0.02772435897435897,1.6586538461538463
2032,5,1.1514,-6.639901329037456,-64.54326923076923,170.96013056628956,83.24698358935947,3.951923076923077,3.951923076923077,0.15432533576823104,16.584134615384617
2032,5,3.112,-6.639901329037456,-64.54326923076923,170.96013056628956,83.24698358935947,0.6201923076923077,0.6201923076923077,0.016351877289377287,0.8846153846153846
2032,6,1.1514,-6.639901329037456,-64.54326923076923,76.99895075683881,74.22569492981492,1.3293269230769231,1.3293269230769231,0.05448411591233105,3.987980769230769
2032,6,3.112,-6.639901329037456,-64.54326923076923,76.99895075683881,74.22569492981492,0.21634615384615385,0.21634615384615385,0.010376602564102564,0.28365384615384615
2032,7,1.1514,-6.639901329037456,-64.54326923076923,42.56971488800422,74.14920677818253,0.5120192307692307,0.5120192307692307,0.0222491250736443,1.0697115384615385
2032,7,3.112,-6.639901329037456,-64.54326923076923,42.56971488800422,74.14920677818253,0.057692307692307696,0.057692307692307696,0.004006410256410256,0.07692307692307693
2032,8,1.1514,-6.639901329037456,-64.54326923076923,29.237327865831972,76.25426088133972,0.3269230769230769,0.3269230769230769,0.01791342338217338,0.6129807692307693
2032,8,3.112,-6.639901329037456,-64.54326923076923,29.237327865831972,76.25426088133972,0.02403846153846154,0.02403846153846154,0.0,0.028846153846153848
2032,9,1.1514,-6.639901329037456,-64.54326923076923,47.454292979435486,76.94533152947669,1.03125,1.03125,0.057486261512703814,2.2548076923076925
2032,9,3.112,-6.639901329037456,-64.54326923076923,47.454292979435486,76.94533152947669,0.0673076923076923,0.0673076923076923,0.0,0.07211538461538461
2032,10,1.1514,-6.639901329037456,-64.54326923076923,128.23782007042252,84.84872836405201,4.512019230769231,4.512019230769231,0.19063845391671258,16.466346153846153
2032,10,3.112,-6.639901329037456,-64.54326923076923,128.23782007042252,84.84872836405201,0.6538461538461539,0.6538461538461539,0.03325320512820513,0.9399038461538461
2032,11,1.1514,-6.639901329037456,-64.54326923076923,189.30247160526125,86.15905474897949,6.137019230769231,6.137019230769231,0.25116655032446655,26.353365384615383
2032,11,3.112,-6.639901329037456,-64.54326923076923,189.30247160526125,86.15905474897949,1.0168269230769231,1.0168269230769231,0.044451646145408794,1.7980769230769231
2032,12,1.1514,-6.639901329037456,-64.54326923076923,251.40047402677965,87.90205653467265,7.350961538461538,7.350961538461538,0.29098858391693594,35.08653846153846
2032,12,3.112,-6.639901329037456,-64.54326923076923,251.40047402677965,87.90205653467265,1.4038461538461537,1.4038461538461537,0.04879319150056302,2.6514423076923075
2033,1,1.1514,-6.639901329037456,-64.54326923076923,222.64893849387892,88.38147291638019,6.408653846153846,6.408653846153846,0.26428620630757793,26.709134615384617
2033,1,3.112,-6.639901329037456,-64.54326923076923,222.64893849387892,88.38147291638019,1.1538461538461537,1.1538461538461537,0.042699606679869835,2.0865384615384617
2033,2,1.1514,-6.639901329037456,-64.54326923076923,205.45576721507638,79.31248418226716,5.552884615384615,5.552884615384615,0.24333624930456074,21.83653846153846
2033,2,3.112,-6.639901329037456,-64.54326923076923,205.45576721507638,79.31248418226716,1.0168269230769231,1.0168269230769231,0.035210842843054375,1.8052884615384615
2033,3,1.1514,-6.639901329037456,-64.54326923076923,241.30473272633924,86.00164265057032,6.668269230769231,6.668269230769231,0.27655382162453374,27.44951923076923
2033,3,3.112,-6.639901329037456,-64.54326923076923,241.30473272633924,86.00164265057032,1.2980769230769231,1.2980769230769231,0.04602952024827024,2.15625
2033,4,1.1514,-6.639901329037456,-64.54326923076923,230.4691926135914,83.4312892785346,6.658653846153846,6.658653846153846,0.2619799424463676,28.658653846153847
2033,4,3.112,-6.639901329037456,-64.54326923076923,230.4691926135914,83.4312892785346,1.1201923076923077,1.1201923076923077,0.02375801282051282,1.6153846153846154
2033,5,1.1514,-6.639901329037456,-64.54326923076923,173.8492635774513,82.57466030566535,4.084134615384615,4.084134615384615,0.15564387455767045,17.564903846153847
2033,5,3.112,-6.639901329037456,-64.54326923076923,173.8492635774513,82.57466030566535,0.6586538461538461,0.6586538461538461,0.022882326007326002,0.9615384615384616
2033,6,1.1514,-6.639901329037456,-64.54326923076923,77.17596028331346,74.27840421399198,1.3125,1.3125,0.05283568388344078,3.8990384615384617
2033,6,3.112,-6.639901329037456,-64.54326923076923,77.17596028331346,74.27840421399198,0.21394230769230768,0.21394230769230768,0.010056089743589743,0.2860576923076923
2033,7,1.1514,-6.639901329037456,-64.54326923076923,41.63199982545201,73.94470831290006,0.47836538461538464,0.47836538461538464,0.024541224000358613,1.0024038461538463
2033,7,3.112,-6.639901329037456,-64.54326923076923,41.63199982545201,73.94470831290006,0.05048076923076923,0.05048076923076923,0.004006410256410256,0.057692307692307696
2033,8,1.1514,-6.639901329037456,-64.54326923076923,30.562634090384034,76.13944218086138,0.35096153846153844,0.35096153846153844,0.015024038461538462,0.6706730769230769
2033,8,3.112,-6.639901329037456,-64.54326923076923,30.562634090384034,76.13944218086138,0.028846153846153848,0.028846153846153848,0.0,0.03365384615384615
2033,9,1.1514,-6.639901329037456,-64.54326923076923,42.50813908192639,76.06742338007413,0.8365384615384616,0.8365384615384616,0.04912656787656787,1.6538461538461537
2033,9,3.112,-6.639901329037456,-64.54326923076923,42.50813908192639,76.06742338007413,0.05048076923076923,0.05048076923076923,0.0,0.052884615384615384
2033,10,1.1514,-6.639901329037456,-64.54326923076923,124.26606653360713,84.46695453569511,4.2860576923076925,4.2860576923076925,0.18137557179527392,15.307692307692308
2033,10,3.112,-6.639901329037456,-64.54326923076923,124.26606653360713,84.46695453569511,0.6322115384615384,0.6322115384615384,0.035223023504273504,0.9086538461538461
2033,11,1.1514,-6.639901329037456,-64.54326923076923,184.74895798589873,85.78084620877522,5.7764423076923075,5.7764423076923075,0.2479916962483551,24.05528846153846
2033,11,3.112,-6.639901329037456,-64.54326923076923,184.74895798589873,85.78084620877522,0.9471153846153846,0.9471153846153846,0.043049124669190454,1.6490384615384615
2033,12,1.1514,-6.639901329037456,-64.54326923076923,252.9544051208199,87.69169513692417,7.581730769230769,7.581730769230769,0.29003023814089673,36.70432692307692
2033,12,3.112,-6.639901329037456,-64.54326923076923,252.9544051208199,87.69169513692417,1.4495192307692308,1.4495192307692308,0.049151735143759465,2.7139423076923075
2034,1,1.1514,-6.639901329037456,-64.54326923076923,218.17914258440067,88.10746460274088,6.146634615384615,6.146634615384615,0.26093789791430677,25.39423076923077
2034,1,3.112,-6.639901329037456,-64.54326923076923,218.17914258440067,88.10746460274088,1.0865384615384615,1.0865384615384615,0.042702641839154995,1.9831730769230769
2034,2,1.1514,-6.639901329037456,-64.54326923076923,199.84024606690315,79.62671201853216,5.305288461538462,5.305288461538462,0.24194270252240488,20.036057692307693
2034,2,3.112,-6.639901329037456,-64.54326923076923,199.84024606690315,79.62671201853216,0.9543269230769231,0.9543269230769231,0.03604440431363508,1.6442307692307692
2034,3,1.1514,-6.639901329037456,-64.54326923076923,242.63682167731557,86.04634856982777,6.615384615384615,6.615384615384615,0.2772977044799465,27.346153846153847
2034,3,3.112,-6.639901329037456,-64.54326923076923,242.63682167731557,86.04634856982777,1.2716346153846154,1.2716346153846154,0.0455842034567996,2.0889423076923075
2034,4,1.1514,-6.639901329037456,-64.54326923076923,232.13769340002378,83.01332355670849,6.673076923076923,6.673076923076923,0.2667751006033151,28.35096153846154
2034,4,3.112,-6.639901329037456,-64.54326923076923,232.13769340002378,83.01332355670849,1.1730769230769231,1.1730769230769231,0.02179487179487179,1.7211538461538463
2034,5,1.1514,-6.639901329037456,-64.54326923076923,175.37369299785055,82.45525092646949,3.9711538461538463,3.9711538461538463,0.15397728310750136,17.204326923076923
2034,5,3.112,-6.639901329037456,-64.54326923076923,175.37369299785055,82.45525092646949,0.6346153846153846,0.6346153846153846,0.020278159340659338,0.9254807692307693
2034,6,1.1514,-6.639901329037456,-64.54326923076923,77.47996338306679,74.31967796194661,1.3052884615384615,1.3052884615384615,0.051914995278730454,3.9447115384615383
2034,6,3.112,-6.639901329037456,-64.54326923076923,77.47996338306679,74.31967796194661,0.21394230769230768,0.21394230769230768,0.007371794871794872,0.28125
2034,7,1.1514,-6.639901329037456,-64.54326923076923,40.936737859631414,73.7577954666808,0.46634615384615385,0.46634615384615385,0.02043716833380295,0.9663461538461539
2034,7,3.112,-6.639901329037456,-64.54326923076923,40.936737859631414,73.7577954666808,0.04807692307692308,0.04807692307692308,0.004006410256410256,0.055288461538461536
2034,8,1.1514,-6.639901329037456,-64.54326923076923,30.368206038116327,76.0689678790268,0.35336538461538464,0.35336538461538464,0.015424679487179486,0.6682692307692307
2034,8,3.112,-6.639901329037456,-64.54326923076923,30.368206038116327,76.0689678790268,0.028846153846153848,0.028846153846153848,0.0,0.03365384615384615
2034,9,1.1514,-6.639901329037456,-64.54326923076923,41.64017240209062,75.8119954695968,0.7596153846153846,0.7596153846153846,0.04225459369690139,1.46875
2034,9,3.112,-6.639901329037456,-64.54326923076923,41.64017240209062,75.8119954695968,0.040865384615384616,0.040865384615384616,0.0,0.040865384615384616
2034,10,1.1514,-6.639901329037456,-64.54326923076923,116.94049707662359,83.56818034952076,3.8125,3.8125,0.1687200405096247,12.891826923076923
2034,10,3.112,-6.639901329037456,-64.54326923076923,116.94049707662359,83.56818034952076,0.5360576923076923,0.5360576923076923,0.027355196886446886,0.7524038461538461
2034,11,1.1514,-6.639901329037456,-64.54326923076923,177.72018850854724,85.07574354712457,5.4735576923076925,5.4735576923076925,0.23833078486418507,22.370192307692307
2034,11,3.112,-6.639901329037456,-64.54326923076923,177.72018850854724,85.07574354712457,0.875,0.875,0.04280817409929252,1.5408653846153846
2034,12,1.1514,-6.639901329037456,-64.54326923076923,245.83305432281492,87.33544393871126,7.1826923076923075,7.1826923076923075,0.28751102852537047,33.67307692307692
2034,12,3.112,-6.639901329037456,-64.54326923076923,245.83305432281492,87.33544393871126,1.3485576923076923,1.3485576923076923,0.046142589597490576,2.5
2035,1,1.1514,-6.639901329037456,-64.54326923076923,214.64441278950264,87.27537476219764,5.730769230769231,5.730769230769231,0.25577155702538235,22.834134615384617
2035,1,3.112,-6.639901329037456,-64.54326923076923,214.64441278950264,87.27537476219764,0.96875,0.96875,0.03855851902726903,1.7860576923076923
2035,2,1.1514,-6.639901329037456,-64.54326923076923,203.51803660724562,79.12851382422424,5.3125,5.3125,0.2452241855214566,19.69471153846154
2035,2,3.112,-6.639901329037456,-64.54326923076923,203.51803660724562,79.12851382422424,0.9495192307692307,0.9495192307692307,0.03901361948236948,1.6682692307692308
2035,3,1.1514,-6.639901329037456,-64.54326923076923,246.95301240008806,86.22590917342634,6.925480769230769,6.925480769230769,0.2851266161764733,29.442307692307693
2035,3,3.112,-6.639901329037456,-64.54326923076923,246.95301240008806,86.22590917342634,1.3557692307692308,1.3557692307692308,0.04875280969030969,2.2115384615384617
2035,4,1.1514,-6.639901329037456,-64.54326923076923,233.20834992682933,83.38926260424819,6.822115384615385,6.822115384615385,0.26257203936910745,30.00721153846154
2035,4,3.112,-6.639901329037456,-64.54326923076923,233.20834992682933,83.38926260424819,1.2211538461538463,1.2211538461538463,0.027804487179487174,1.8221153846153846
2035,5,1.1514,-6.639901329037456,-64.54326923076923,170.58596766892984,82.50875283652167,3.8485576923076925,3.8485576923076925,0.14346862759755377,16.641826923076923
2035,5,3.112,-6.639901329037456,-64.54326923076923,170.58596766892984,82.50875283652167,0.6033653846153846,0.6033653846153846,0.015750915750915747,0.8774038461538461
2035,6,1.1514,-6.639901329037456,-64.54326923076923,75.80962748208505,74.2393393684792,1.2283653846153846,1.2283653846153846,0.05358629574806417,3.668269230769231
2035,6,3.112,-6.639901329037456,-64.54326923076923,75.80962748208505,74.2393393684792,0.18269230769230768,0.18269230769230768,0.008373397435897436,0.22596153846153846
2035,7,1.1514,-6.639901329037456,-64.54326923076923,38.4113874883316,73.1849039601533,0.4230769230769231,0.4230769230769231,0.019998924686424686,0.84375
2035,7,3.112,-6.639901329037456,-64.54326923076923,38.4113874883316,73.1849039601533,0.040865384615384616,0.040865384615384616,0.004006410256410256,0.05048076923076923
2035,8,1.1514,-6.639901329037456,-64.54326923076923,28.29070650105788,75.36224032967719,0.2860576923076923,0.2860576923076923,0.013630380036630037,0.5168269230769231
2035,8,3.112,-6.639901329037456,-64.54326923076923,28.29070650105788,75.36224032967719,0.026442307692307692,0.026442307692307692,0.0,0.03125
2035,9,1.1514,-6.639901329037456,-64.54326923076923,39.545097262933425,75.47066989005579,0.6754807692307693,0.6754807692307693,0.0364333583083583,1.2596153846153846
2035,9,3.112,-6.639901329037456,-64.54326923076923,39.545097262933425,75.47066989005579,0.03125,0.03125,0.0,0.03125
2035,10,1.1514,-6.639901329037456,-64.54326923076923,110.76701711637519,82.7905202052967,3.610576923076923,3.610576923076923,0.15441384717182596,12.079326923076923
2035,10,3.112,-6.639901329037456,-64.54326923076923,110.76701711637519,82.7905202052967,0.5240384615384616,0.5240384615384616,0.026030219780219778,0.7259615384615384
2035,11,1.1514,-6.639901329037456,-64.54326923076923,174.57461005811572,84.66619401833955,5.461538461538462,5.461538461538462,0.23599430001311517,22.629807692307693
2035,11,3.112,-6.639901329037456,-64.54326923076923,174.57461005811572,84.66619401833955,0.8413461538461539,0.8413461538461539,0.04129721621814232,1.5
2035,12,1.1514,-6.639901329037456,-64.54326923076923,239.30479093618735,87.21036761137704,6.894230769230769,6.894230769230769,0.27723409880798383,31.235576923076923
2035,12,3.112,-6.639901329037456,-64.54326923076923,239.30479093618735,87.21036761137704,1.28125,1.28125,0.042936241437388646,2.449519230769231
2036,1,1.1514,-6.639901329037456,-64.54326923076923,215.53881876732385,86.62925536497929,5.882211538461538,5.882211538461538,0.25758417602519335,24.401442307692307
2036,1,3.112,-6.639901329037456,-64.54326923076923,215.53881876732385,86.62925536497929,0.9855769230769231,0.9855769230769231,0.033628184048857125,1.8100961538461537
2036,2,1.1514,-6.639901329037456,-64.54326923076923,211.19121629348734,78.85224266129535,5.322115384615385,5.322115384615385,0.24784555344797005,19.752403846153847
2036,2,3.112,-6.639901329037456,-64.54326923076923,211.19121629348734,78.85224266129535,0.9807692307692307,0.9807692307692307,0.04101251757501757,1.71875
2036,3,1.1514,-6.639901329037456,-64.54326923076923,239.94565093596745,85.93988016852207,6.71875,6.71875,0.2830989663464082,27.48798076923077
2036,3,3.112,-6.639901329037456,-64.54326923076923,239.94565093596745,85.93988016852207,1.3221153846153846,1.3221153846153846,0.04553780887915503,2.1514423076923075
2036,4,1.1514,-6.639901329037456,-64.54326923076923,235.42430365070518,83.09362171951585,6.800480769230769,6.800480769230769,0.26550757189801133,29.86778846153846
2036,4,3.112,-6.639901329037456,-64.54326923076923,235.42430365070518,83.09362171951585,1.2235576923076923,1.2235576923076923,0.025784111721611717,1.8100961538461537
2036,5,1.1514,-6.639901329037456,-64.54326923076923,176.53479453046944,82.04380072589635,4.168269230769231,4.168269230769231,0.15558281998910603,17.939903846153847
2036,5,3.112,-6.639901329037456,-64.54326923076923,176.53479453046944,82.04380072589635,0.6201923076923077,0.6201923076923077,0.015750915750915747,0.9038461538461539
2036,6,1.1514,-6.639901329037456,-64.54326923076923,77.54724629079047,74.1367896722291,1.2259615384615385,1.2259615384615385,0.05055754845314115,3.5625
2036,6,3.112,-6.639901329037456,-64.54326923076923,77.54724629079047,74.1367896722291,0.18028846153846154,0.18028846153846154,0.007572115384615385,0.21394230769230768
2036,7,1.1514,-6.639901329037456,-64.54326923076923,38.783384521361185,73.24018029509715,0.42788461538461536,0.42788461538461536,0.02196961025086025,0.8701923076923077
2036,7,3.112,-6.639901329037456,-64.54326923076923,38.783384521361185,73.24018029509715,0.040865384615384616,0.040865384615384616,0.004006410256410256,0.05048076923076923
2036,8,1.1514,-6.639901329037456,-64.54326923076923,30.721490125995505,75.90507095864419,0.35096153846153844,0.35096153846153844,0.015381753663003662,0.6730769230769231
2036,8,3.112,-6.639901329037456,-64.54326923076923,30.721490125995505,75.90507095864419,0.028846153846153848,0.028846153846153848,0.0,0.03365384615384615
2036,9,1.1514,-6.639901329037456,-64.54326923076923,37.148693417363596,75.32358674331991,0.6466346153846154,0.6466346153846154,0.0382338147963148,1.1778846153846154
2036,9,3.112,-6.639901329037456,-64.54326923076923,37.148693417363596,75.32358674331991,0.021634615384615384,0.021634615384615384,0.0,0.021634615384615384
2036,10,1.1514,-6.639901329037456,-64.54326923076923,108.16551002115263,82.4645306438001,3.4423076923076925,3.4423076923076925,0.1426080775864769,11.435096153846153
2036,10,3.112,-6.639901329037456,-64.54326923076923,108.16551002115263,82.4645306438001,0.4735576923076923,0.4735576923076923,0.026963141025641027,0.6706730769230769
2036,11,1.1514,-6.639901329037456,-64.54326923076923,169.42178843249377,84.5200807597846,5.396634615384615,5.396634615384615,0.23710061998874468,22.51923076923077
2036,11,3.112,-6.639901329037456,-64.54326923076923,169.42178843249377,84.5200807597846,0.8245192307692307,0.8245192307692307,0.03950722087741318,1.4423076923076923
2036,12,1.1514,-6.639901329037456,-64.54326923076923,240.95157369230324,86.58963865933961,6.802884615384615,6.802884615384615,0.2757146604881543,30.560096153846153
2036,12,3.112,-6.639901329037456,-64.54326923076923,240.95157369230324,86.58963865933961,1.2019230769230769,1.2019230769230769,0.03956319993826464,2.206730769230769
2037,1,1.1514,-6.639901329037456,-64.54326923076923,214.19076906577723,86.58972798360391,5.694711538461538,5.694711538461538,0.2521813803795275,23.233173076923077
2037,1,3.112,-6.639901329037456,-64.54326923076923,214.19076906577723,86.58972798360391,0.9254807692307693,0.9254807692307693,0.03871206918081918,1.6947115384615385
2037,2,1.1514,-6.639901329037456,-64.54326923076923,211.4496507540145,78.49829415189366,5.096153846153846,5.096153846153846,0.2323602468051494,18.36778846153846
2037,2,3.112,-6.639901329037456,-64.54326923076923,211.4496507540145,78.49829415189366,0.90625,0.90625,0.038477494727494725,1.5432692307692308
2037,3,1.1514,-6.639901329037456,-64.54326923076923,232.14548519662418,85.9052924901132,6.427884615384615,6.427884615384615,0.2755440388375715,25.60576923076923
2037,3,3.112,-6.639901329037456,-64.54326923076923,232.14548519662418,85.9052924901132,1.2692307692307692,1.2692307692307692,0.041341531065088755,2.048076923076923
2037,4,1.1514,-6.639901329037456,-64.54326923076923,226.67392434637352,82.91459978640758,6.560096153846154,6.560096153846154,0.26244957838150496,28.127403846153847
2037,4,3.112,-6.639901329037456,-64.54326923076923,226.67392434637352,82.91459978640758,1.1370192307692308,1.1370192307692308,0.02201808608058608,1.6634615384615385
2037,5,1.1514,-6.639901329037456,-64.54326923076923,170.3983476625104,81.90381524773349,3.8028846153846154,3.8028846153846154,0.14206849856317613,15.444711538461538
2037,5,3.112,-6.639901329037456,-64.54326923076923,170.3983476625104,81.90381524773349,0.5552884615384616,0.5552884615384616,0.019831730769230768,0.8052884615384616
2037,6,1.1514,-6.639901329037456,-64.54326923076923,79.47844688593676,73.79358333401893,1.1634615384615385,1.1634615384615385,0.04992936646111136,3.125
2037,6,3.112,-6.639901329037456,-64.54326923076923,79.47844688593676,73.79358333401893,0.1658653846153846,0.1658653846153846,0.005568910256410256,0.19471153846153846
2037,7,1.1514,-6.639901329037456,-64.54326923076923,42.69233049689167,73.49095149139465,0.4639423076923077,0.4639423076923077,0.024572649572649572,0.8942307692307693
2037,7,3.112,-6.639901329037456,-64.54326923076923,42.69233049689167,73.49095149139465,0.040865384615384616,0.040865384615384616,0.002804487179487179,0.04807692307692308
2037,8,1.1514,-6.639901329037456,-64.54326923076923,30.91214910681949,75.64367794016549,0.3485576923076923,0.3485576923076923,0.013019879426129423,0.6322115384615384
2037,8,3.112,-6.639901329037456,-64.54326923076923,30.91214910681949,75.64367794016549,0.028846153846153848,0.028846153846153848,0.0,0.03365384615384615
2037,9,1.1514,-6.639901329037456,-64.54326923076923,37.03069177662547,75.083461014228,0.6153846153846154,0.6153846153846154,0.038848304473304465,1.0841346153846154
2037,9,3.112,-6.639901329037456,-64.54326923076923,37.03069177662547,75.083461014228,0.021634615384615384,0.021634615384615384,0.0,0.019230769230769232
2037,10,1.1514,-6.639901329037456,-64.54326923076923,103.27614353160143,82.07595725404188,3.1947115384615383,3.1947115384615383,0.1365300879683778,10.288461538461538
2037,10,3.112,-6.639901329037456,-64.54326923076923,103.27614353160143,82.07595725404188,0.41346153846153844,0.41346153846153844,0.027389537545787546,0.5649038461538461
2037,11,1.1514,-6.639901329037456,-64.54326923076923,165.22887533789938,84.30982703256774,5.076923076923077,5.076923076923077,0.2240008964305769,20.228365384615383
2037,11,3.112,-6.639901329037456,-64.54326923076923,165.22887533789938,84.30982703256774,0.7716346153846154,0.7716346153846154,0.039969779152471456,1.3389423076923077
2037,12,1.1514,-6.639901329037456,-64.54326923076923,228.38736779091258,85.8918885161689,6.302884615384615,6.302884615384615,0.2684026006208769,26.802884615384617
2037,12,3.112,-6.639901329037456,-64.54326923076923,228.38736779091258,85.8918885161689,1.0745192307692308,1.0745192307692308,0.037350488698068555,1.9350961538461537
2038,1,1.1514,-6.639901329037456,-64.54326923076923,206.22190827315887,86.07736989812717,5.165865384615385,5.165865384615385,0.24471157066266497,19.96875
2038,1,3.112,-6.639901329037456,-64.54326923076923,206.22190827315887,86.07736989812717,0.8245192307692307,0.8245192307692307,0.03710516913641913,1.53125
2038,2,1.1514,-6.639901329037456,-64.54326923076923,204.48186634630383,78.19891205796554,4.8125,4.8125,0.2277775360846711,16.84375
2038,2,3.112,-6.639901329037456,-64.54326923076923,204.48186634630383,78.19891205796554,0.8149038461538461,0.8149038461538461,0.03586786477411477,1.3653846153846154
2038,3,1.1514,-6.639901329037456,-64.54326923076923,233.3030854403381,86.13968830606505,6.334134615384615,6.334134615384615,0.2703563627387088,25.19951923076923
2038,3,3.112,-6.639901329037456,-64.54326923076923,233.3030854403381,86.13968830606505,1.2163461538461537,1.2163461538461537,0.04001247594997595,1.96875
2038,4,1.1514,-6.639901329037456,-64.54326923076923,227.87096778227425,82.93311347716866,6.612980769230769,6.612980769230769,0.2560118674799241,28.954326923076923
2038,4,3.112,-6.639901329037456,-64.54326923076923,227.87096778227425,82.93311347716866,1.1370192307692308,1.1370192307692308,0.019290865384615382,1.6802884615384615
2038,5,1.1514,-6.639901329037456,-64.54326923076923,171.79754954696733,81.63546132321504,3.7548076923076925,3.7548076923076925,0.14024065365150612,15.33173076923077
2038,5,3.112,-6.639901329037456,-64.54326923076923,171.79754954696733,81.63546132321504,0.5360576923076923,0.5360576923076923,0.01943108974358974,0.7692307692307693
2038,6,1.1514,-6.639901329037456,-64.54326923076923,77.26448475268579,73.61556793974515,1.1153846153846154,1.1153846153846154,0.049503300015698797,2.9278846153846154
2038,6,3.112,-6.639901329037456,-64.54326923076923,77.26448475268579,73.61556793974515,0.15625,0.15625,0.005568910256410256,0.18269230769230768
2038,7,1.1514,-6.639901329037456,-64.54326923076923,43.58466065315925,73.25250032298867,0.4831730769230769,0.4831730769230769,0.023689591658341655,0.9543269230769231
2038,7,3.112,-6.639901329037456,-64.54326923076923,43.58466065315925,73.25250032298867,0.040865384615384616,0.040865384615384616,0.002804487179487179,0.04807692307692308
2038,8,1.1514,-6.639901329037456,-64.54326923076923,30.495077878013284,74.65111110212092,0.34615384615384615,0.34615384615384615,0.014286668192918192,0.6730769230769231
2038,8,3.112,-6.639901329037456,-64.54326923076923,30.495077878013284,74.65111110212092,0.03125,0.03125,0.0,0.036057692307692304
2038,9,1.1514,-6.639901329037456,-64.54326923076923,37.682878935832086,74.41062255575436,0.6370192307692307,0.6370192307692307,0.036716582029082026,1.1442307692307692
2038,9,3.112,-6.639901329037456,-64.54326923076923,37.682878935832086,74.41062255575436,0.026442307692307692,0.026442307692307692,0.0,0.02403846153846154
2038,10,1.1514,-6.639901329037456,-64.54326923076923,106.66394377632514,81.86123424427667,3.2572115384615383,3.2572115384615383,0.13706510080869252,10.665865384615385
2038,10,3.112,-6.639901329037456,-64.54326923076923,106.66394377632514,81.86123424427667,0.4254807692307692,0.4254807692307692,0.02692307692307692,0.5576923076923077
2038,11,1.1514,-6.639901329037456,-64.54326923076923,164.94142484777345,83.79527973683746,5.0,5.0,0.2214010315423496,19.5625
2038,11,3.112,-6.639901329037456,-64.54326923076923,164.94142484777345,83.79527973683746,0.7740384615384616,0.7740384615384616,0.03909345862470862,1.3365384615384615
2038,12,1.1514,-6.639901329037456,-64.54326923076923,226.62369051875507,85.95667813092783,6.204326923076923,6.204326923076923,0.2655888297685047,26.346153846153847
2038,12,3.112,-6.639901329037456,-64.54326923076923,226.62369051875507,85.95667813092783,1.0360576923076923,1.0360576923076923,0.038019691290348066,1.9278846153846154
2039,1,1.1514,-6.639901329037456,-64.54326923076923,216.05639656898907,86.54331893409166,5.524038461538462,5.524038461538462,0.24926935657972893,21.579326923076923
2039,1,3.112,-6.639901329037456,-64.54326923076923,216.05639656898907,86.54331893409166,0.9230769230769231,0.9230769230769231,0.040072685505377806,1.6850961538461537
2039,2,1.1514,-6.639901329037456,-64.54326923076923,215.13417116945385,78.36708236582375,5.180288461538462,5.180288461538462,0.2413997913050253,18.846153846153847
2039,2,3.112,-6.639901329037456,-64.54326923076923,215.13417116945385,78.36708236582375,0.8966346153846154,0.8966346153846154,0.038460044229275,1.5
2039,3,1.1514,-6.639901329037456,-64.54326923076923,235.81717812746527,86.28336398240457,6.408653846153846,6.408653846153846,0.2718218241211506,25.25721153846154
2039,3,3.112,-6.639901329037456,-64.54326923076923,235.81717812746527,86.28336398240457,1.2259615384615385,1.2259615384615385,0.04356936466311466,2.016826923076923
2039,4,1.1514,-6.639901329037456,-64.54326923076923,232.42505300750858,82.88805225932649,6.507211538461538,6.507211538461538,0.2605032998344937,27.704326923076923
2039,4,3.112,-6.639901329037456,-64.54326923076923,232.42505300750858,82.88805225932649,1.1610576923076923,1.1610576923076923,0.02385149572649572,1.7211538461538463
2039,5,1.1514,-6.639901329037456,-64.54326923076923,169.45100175997302,81.82196664800358,3.8341346153846154,3.8341346153846154,0.1388523168477884,16.173076923076923
2039,5,3.112,-6.639901329037456,-64.54326923076923,169.45100175997302,81.82196664800358,0.5625,0.5625,0.0188301282051282,0.8100961538461539
2039,6,1.1514,-6.639901329037456,-64.54326923076923,76.28104805341364,73.46689802027537,1.1201923076923077,1.1201923076923077,0.0477027545715775,3.0528846153846154
2039,6,3.112,-6.639901329037456,-64.54326923076923,76.28104805341364,73.46689802027537,0.16346153846153846,0.16346153846153846,0.005568910256410256,0.20432692307692307
2039,7,1.1514,-6.639901329037456,-64.54326923076923,43.55260210955813,73.0637893497791,0.49278846153846156,0.49278846153846156,0.024959935897435895,0.9519230769230769
2039,7,3.112,-6.639901329037456,-64.54326923076923,43.55260210955813,73.0637893497791,0.040865384615384616,0.040865384615384616,0.002804487179487179,0.04807692307692308
2039,8,1.1514,-6.639901329037456,-64.54326923076923,30.529021306144507,74.19813275168626,0.3317307692307692,0.3317307692307692,0.015244391025641024,0.6418269230769231
2039,8,3.112,-6.639901329037456,-64.54326923076923,30.529021306144507,74.19813275168626,0.03125,0.03125,0.0,0.036057692307692304
2039,9,1.1514,-6.639901329037456,-64.54326923076923,39.563469832676454,74.33666961269043,0.7355769230769231,0.7355769230769231,0.04281811938061938,1.4326923076923077
2039,9,3.112,-6.639901329037456,-64.54326923076923,39.563469832676454,74.33666961269043,0.026442307692307692,0.026442307692307692,0.0,0.028846153846153848
2039,10,1.1514,-6.639901329037456,-64.54326923076923,101.23799908007882,81.4232580891944,3.0913461538461537,3.0913461538461537,0.1297066757596688,10.064903846153847
2039,10,3.112,-6.639901329037456,-64.54326923076923,101.23799908007882,81.4232580891944,0.4110576923076923,0.4110576923076923,0.028285256410256407,0.5240384615384616
2039,11,1.1514,-6.639901329037456,-64.54326923076923,168.89256920840037,83.6799209670996,5.1201923076923075,5.1201923076923075,0.22289975924203279,20.209134615384617
2039,11,3.112,-6.639901329037456,-64.54326923076923,168.89256920840037,83.6799209670996,0.8028846153846154,0.8028846153846154,0.03706383315758315,1.375
2039,12,1.1514,-6.639901329037456,-64.54326923076923,224.6662839085225,86.01855698198506,6.1610576923076925,6.1610576923076925,0.2714459458499169,26.19471153846154
2039,12,3.112,-6.639901329037456,-64.54326923076923,224.6662839085225,86.01855698198506,1.0384615384615385,1.0384615384615385,0.04298174670770824,1.90625
2040,1,1.1514,-6.639901329037456,-64.54326923076923,223.29778338438652,86.201931943589,5.677884615384615,5.677884615384615,0.25297695849113955,22.51201923076923
2040,1,3.112,-6.639901329037456,-64.54326923076923,223.29778338438652,86.201931943589,0.9711538461538461,0.9711538461538461,0.041187104828931745,1.7788461538461537
2040,2,1.1514,-6.639901329037456,-64.54326923076923,221.3645947181403,78.56807928456314,5.444711538461538,5.444711538461538,0.2525396070335849,19.947115384615383
2040,2,3.112,-6.639901329037456,-64.54326923076923,221.3645947181403,78.56807928456314,0.9831730769230769,0.9831730769230769,0.04127880666342205,1.6418269230769231
2040,3,1.1514,-6.639901329037456,-64.54326923076923,247.6427757760263,86.56467738647697,6.9110576923076925,6.9110576923076925,0.28300671413579515,28.891826923076923
2040,3,3.112,-6.639901329037456,-64.54326923076923,247.6427757760263,86.56467738647697,1.3653846153846154,1.3653846153846154,0.04862608011646473,2.2908653846153846
2040,4,1.1514,-6.639901329037456,-64.54326923076923,233.67159660341156,82.76557352099323,6.658653846153846,6.658653846153846,0.2644000407372126,28.58653846153846
2040,4,3.112,-6.639901329037456,-64.54326923076923,233.67159660341156,82.76557352099323,1.2355769230769231,1.2355769230769231,0.026649305555555555,1.8509615384615385
2040,5,1.1514,-6.639901329037456,-64.54326923076923,169.8172247333656,81.1723365536475,3.730769230769231,3.730769230769231,0.13875868787170115,15.576923076923077
2040,5,3.112,-6.639901329037456,-64.54326923076923,169.8172247333656,81.1723365536475,0.5649038461538461,0.5649038461538461,0.019030448717948713,0.8052884615384616
2040,6,1.1514,-6.639901329037456,-64.54326923076923,74.4493032683701,72.86251872408894,1.1129807692307692,1.1129807692307692,0.04846276765461877,3.0697115384615383
2040,6,3.112,-6.639901329037456,-64.54326923076923,74.4493032683701,72.86251872408894,0.16346153846153846,0.16346153846153846,0.005568910256410256,0.2091346153846154
2040,7,1.1514,-6.639901329037456,-64.54326923076923,40.26478309444248,72.76233764549403,0.4519230769230769,0.4519230769230769,0.02016464438339438,0.8629807692307693
2040,7,3.112,-6.639901329037456,-64.54326923076923,40.26478309444248,72.76233764549403,0.038461538461538464,0.038461538461538464,0.0,0.04326923076923077
2040,8,1.1514,-6.639901329037456,-64.54326923076923,28.9600350285956,73.72599057962785,0.3173076923076923,0.3173076923076923,0.015857059607059607,0.6225961538461539
2040,8,3.112,-6.639901329037456,-64.54326923076923,28.9600350285956,73.72599057962785,0.026442307692307692,0.026442307692307692,0.0,0.03125
2040,9,1.1514,-6.639901329037456,-64.54326923076923,38.41578625442951,73.8973682952962,0.6802884615384616,0.6802884615384616,0.04050324675324675,1.3076923076923077
2040,9,3.112,-6.639901329037456,-64.54326923076923,38.41578625442951,73.8973682952962,0.02403846153846154,0.02403846153846154,0.0,0.026442307692307692
2040,10,1.1514,-6.639901329037456,-64.54326923076923,101.79656143891556,81.11696687920629,3.0865384615384617,3.0865384615384617,0.13052820694896355,10.120192307692308
2040,10,3.112,-6.639901329037456,-64.54326923076923,101.79656143891556,81.11696687920629,0.40384615384615385,0.40384615384615385,0.023998397435897434,0.5192307692307693
2040,11,1.1514,-6.639901329037456,-64.54326923076923,167.07985008566263,83.71766536961405,4.961538461538462,4.961538461538462,0.2144894057746322,18.51923076923077
2040,11,3.112,-6.639901329037456,-64.54326923076923,167.07985008566263,83.71766536961405,0.8004807692307693,0.8004807692307693,0.0394492081992082,1.3653846153846154
2040,12,1.1514,-6.639901329037456,-64.54326923076923,221.82051882120504,85.96880440134058,6.153846153846154,6.153846153846154,0.27626311386619745,26.442307692307693
2040,12,3.112,-6.639901329037456,-64.54326923076923,221.82051882120504,85.96880440134058,1.0336538461538463,1.0336538461538463,0.039276213668181986,1.9399038461538463
2041,1,1.1514,-6.639901329037456,-64.54326923076923,223.715491357031,86.06849867613641,5.752403846153846,5.752403846153846,0.25810280674122255,22.82451923076923
2041,1,3.112,-6.639901329037456,-64.54326923076923,223.715491357031,86.06849867613641,0.9879807692307693,0.9879807692307693,0.041827306465464356,1.7884615384615385
2041,2,1.1514,-6.639901329037456,-64.54326923076923,226.76293758911427,78.42292974755979,5.824519230769231,5.824519230769231,0.25484938492532494,21.74278846153846
2041,2,3.112,-6.639901329037456,-64.54326923076923,226.76293758911427,78.42292974755979,1.1346153846153846,1.1346153846153846,0.050995292101061324,1.9399038461538463
2041,3,1.1514,-6.639901329037456,-64.54326923076923,248.437297625251,86.8508326479389,7.03125,7.03125,0.28119765922501166,29.829326923076923
2041,3,3.112,-6.639901329037456,-64.54326923076923,248.437297625251,86.8508326479389,1.4206730769230769,1.4206730769230769,0.05975973812512274,2.4158653846153846
2041,4,1.1514,-6.639901329037456,-64.54326923076923,236.740676653757,82.30365462718909,6.663461538461538,6.663461538461538,0.2667028344159623,29.098557692307693
2041,4,3.112,-6.639901329037456,-64.54326923076923,236.740676653757,82.30365462718909,1.2355769230769231,1.2355769230769231,0.030368589743589743,1.8509615384615385
2041,5,1.1514,-6.639901329037456,-64.54326923076923,169.89025405229162,80.8288964198552,3.831730769230769,3.831730769230769,0.13418804425100045,16.358173076923077
2041,5,3.112,-6.639901329037456,-64.54326923076923,169.89025405229162,80.8288964198552,0.5889423076923077,0.5889423076923077,0.02285943223443223,0.8653846153846154
2041,6,1.1514,-6.639901329037456,-64.54326923076923,73.30516886345562,72.60380909723149,1.0697115384615385,1.0697115384615385,0.04997731022668135,2.84375
2041,6,3.112,-6.639901329037456,-64.54326923076923,73.30516886345562,72.60380909723149,0.1658653846153846,0.1658653846153846,0.005568910256410256,0.19471153846153846
2041,7,1.1514,-6.639901329037456,-64.54326923076923,39.972671555917856,72.38589527801409,0.42788461538461536,0.42788461538461536,0.018046016483516482,0.7764423076923077
2041,7,3.112,-6.639901329037456,-64.54326923076923,39.972671555917856,72.38589527801409,0.036057692307692304,0.036057692307692304,0.0,0.040865384615384616
2041,8,1.1514,-6.639901329037456,-64.54326923076923,27.149235006029112,73.65698209072,0.30288461538461536,0.30288461538461536,0.015020656426906427,0.5769230769230769
2041,8,3.112,-6.639901329037456,-64.54326923076923,27.149235006029112,73.65698209072,0.026442307692307692,0.026442307692307692,0.0,0.03125
2041,9,1.1514,-6.639901329037456,-64.54326923076923,37.278034317321016,73.47805100041423,0.6322115384615384,0.6322115384615384,0.03869758713508713,1.1923076923076923
2041,9,3.112,-6.639901329037456,-64.54326923076923,37.278034317321016,73.47805100041423,0.02403846153846154,0.02403846153846154,0.0,0.026442307692307692
2041,10,1.1514,-6.639901329037456,-64.54326923076923,96.81977508887238,80.60979379526381,2.889423076923077,2.889423076923077,0.12305677280787508,9.15625
2041,10,3.112,-6.639901329037456,-64.54326923076923,96.81977508887238,80.60979379526381,0.3701923076923077,0.3701923076923077,0.025,0.4735576923076923
2041,11,1.1514,-6.639901329037456,-64.54326923076923,170.63995757985788,83.65667838036946,5.1201923076923075,5.1201923076923075,0.2271337961478017,19.70673076923077
2041,11,3.112,-6.639901329037456,-64.54326923076923,170.63995757985788,83.65667838036946,0.8389423076923077,0.8389423076923077,0.0388557911995412,1.4591346153846154
2041,12,1.1514,-6.639901329037456,-64.54326923076923,225.4323088866957,85.70902744445424,6.103365384615385,6.103365384615385,0.2715174389468291,26.197115384615383
2041,12,3.112,-6.639901329037456,-64.54326923076923,225.4323088866957,85.70902744445424,0.9855769230769231,0.9855769230769231,0.035753117437032036,1.8677884615384615
2042,1,1.1514,-6.639901329037456,-64.54326923076923,218.6659818330786,85.82360406874044,5.408653846153846,5.408653846153846,0.2528774122244705,20.69951923076923
2042,1,3.112,-6.639901329037456,-64.54326923076923,218.6659818330786,85.82360406874044,0.8798076923076923,0.8798076923076923,0.039893324268324266,1.5745192307692308
2042,2,1.1514,-6.639901329037456,-64.54326923076923,220.6171550034363,78.30259890640879,5.603365384615385,5.603365384615385,0.255774757193138,20.911057692307693
2042,2,3.112,-6.639901329037456,-64.54326923076923,220.6171550034363,78.30259890640879,1.0360576923076923,1.0360576923076923,0.0462917291042291,1.7379807692307692
2042,3,1.1514,-6.639901329037456,-64.54326923076923,244.0385523657517,86.73914360948937,6.9423076923076925,6.9423076923076925,0.28456001685337673,29.24278846153846
2042,3,3.112,-6.639901329037456,-64.54326923076923,244.0385523657517,86.73914360948937,1.3725961538461537,1.3725961538461537,0.050473211350615194,2.3173076923076925
2042,4,1.1514,-6.639901329037456,-64.54326923076923,234.36765988218164,81.82409559088465,6.461538461538462,6.461538461538462,0.2678640285056418,27.14903846153846
2042,4,3.112,-6.639901329037456,-64.54326923076923,234.36765988218164,81.82409559088465,1.2019230769230769,1.2019230769230769,0.024445779914529914,1.7764423076923077
2042,5,1.1514,-6.639901329037456,-64.54326923076923,170.5724636966759,80.73875811324488,3.8389423076923075,3.8389423076923075,0.13165293540126388,16.365384615384617
2042,5,3.112,-6.639901329037456,-64.54326923076923,170.5724636966759,80.73875811324488,0.5793269230769231,0.5793269230769231,0.026905906593406588,0.8557692307692307
2042,6,1.1514,-6.639901329037456,-64.54326923076923,75.93230131911807,72.26419952637646,1.0817307692307692,1.0817307692307692,0.04938101656693509,2.826923076923077
2042,6,3.112,-6.639901329037456,-64.54326923076923,75.93230131911807,72.26419952637646,0.1778846153846154,0.1778846153846154,0.0052483974358974355,0.2283653846153846
2042,7,1.1514,-6.639901329037456,-64.54326923076923,39.47302395589012,72.1981124126855,0.4230769230769231,0.4230769230769231,0.017965888278388277,0.7668269230769231
2042,7,3.112,-6.639901329037456,-64.54326923076923,39.47302395589012,72.1981124126855,0.03365384615384615,0.03365384615384615,0.0,0.040865384615384616
2042,8,1.1514,-6.639901329037456,-64.54326923076923,28.17146075964812,73.89760214462149,0.31490384615384615,0.31490384615384615,0.015341689560439558,0.6129807692307693
2042,8,3.112,-6.639901329037456,-64.54326923076923,28.17146075964812,73.89760214462149,0.026442307692307692,0.026442307692307692,0.0,0.03125
2042,9,1.1514,-6.639901329037456,-64.54326923076923,37.66050366408267,73.43927305597978,0.6346153846153846,0.6346153846153846,0.039048624986124984,1.1658653846153846
2042,9,3.112,-6.639901329037456,-64.54326923076923,37.66050366408267,73.43927305597978,0.021634615384615384,0.021634615384615384,0.0,0.021634615384615384
2042,10,1.1514,-6.639901329037456,-64.54326923076923,98.36992570763276,80.5569423709276,2.9158653846153846,2.9158653846153846,0.12755647502609346,9.283653846153847
2042,10,3.112,-6.639901329037456,-64.54326923076923,98.36992570763276,80.5569423709276,0.375,0.375,0.024639423076923076,0.4735576923076923
2042,11,1.1514,-6.639901329037456,-64.54326923076923,174.7559248244077,83.67895489474255,5.1298076923076925,5.1298076923076925,0.22691811547922033,19.865384615384617
2042,11,3.112,-6.639901329037456,-64.54326923076923,174.7559248244077,83.67895489474255,0.8293269230769231,0.8293269230769231,0.03836556961556961,1.4134615384615385
2042,12,1.1514,-6.639901329037456,-64.54326923076923,224.40248094914767,85.82078052163534,5.987980769230769,5.987980769230769,0.2665109088278386,24.923076923076923
2042,12,3.112,-6.639901329037456,-64.54326923076923,224.40248094914767,85.82078052163534,0.9975961538461539,0.9975961538461539,0.04093955718462213,1.84375
2043,1,1.1514,-6.639901329037456,-64.54326923076923,219.24469903696948,85.48339087180968,5.283653846153846,5.283653846153846,0.25175442220788874,19.83653846153846
2043,1,3.112,-6.639901329037456,-64.54326923076923,219.24469903696948,85.48339087180968,0.8677884615384616,0.8677884615384616,0.03990948287823288,1.5552884615384615
2043,2,1.1514,-6.639901329037456,-64.54326923076923,221.86811601747917,77.98492300921397,5.516826923076923,5.516826923076923,0.24681146680100696,20.65625
2043,2,3.112,-6.639901329037456,-64.54326923076923,221.86811601747917,77.98492300921397,0.9903846153846154,0.9903846153846154,0.05034211915221531,1.6466346153846154
2043,3,1.1514,-6.639901329037456,-64.54326923076923,250.6681050114062,86.24802265156364,7.2235576923076925,7.2235576923076925,0.2877950386879228,31.21153846153846
2043,3,3.112,-6.639901329037456,-64.54326923076923,250.6681050114062,86.24802265156364,1.4855769230769231,1.4855769230769231,0.059837798027136256,2.5889423076923075
2043,4,1.1514,-6.639901329037456,-64.54326923076923,241.18028018509406,81.55512724253748,6.625,6.625,0.26918532142955753,28.48076923076923
2043,4,3.112,-6.639901329037456,-64.54326923076923,241.18028018509406,81.55512724253748,1.2644230769230769,1.2644230769230769,0.030113896520146517,1.8966346153846154
2043,5,1.1514,-6.639901329037456,-64.54326923076923,169.7767445498538,80.74668512467657,3.7764423076923075,3.7764423076923075,0.13117198025758223,16.040865384615383
2043,5,3.112,-6.639901329037456,-64.54326923076923,169.7767445498538,80.74668512467657,0.5913461538461539,0.5913461538461539,0.02502289377289377,0.8774038461538461
2043,6,1.1514,-6.639901329037456,-64.54326923076923,77.35629525876571,71.96060572977163,1.1442307692307692,1.1442307692307692,0.054915813479980535,3.1298076923076925
2043,6,3.112,-6.639901329037456,-64.54326923076923,77.35629525876571,71.96060572977163,0.1778846153846154,0.1778846153846154,0.005568910256410256,0.22355769230769232
2043,7,1.1514,-6.639901329037456,-64.54326923076923,40.21213716659614,72.25891462624055,0.44471153846153844,0.44471153846153844,0.01870421245421245,0.7908653846153846
2043,7,3.112,-6.639901329037456,-64.54326923076923,40.21213716659614,72.25891462624055,0.038461538461538464,0.038461538461538464,0.0,0.040865384615384616
2043,8,1.1514,-6.639901329037456,-64.54326923076923,27.297210950382727,73.79127491279813,0.3076923076923077,0.3076923076923077,0.015655958624708623,0.5961538461538461
2043,8,3.112,-6.639901329037456,-64.54326923076923,27.297210950382727,73.79127491279813,0.026442307692307692,0.026442307692307692,0.0,0.03125
2043,9,1.1514,-6.639901329037456,-64.54326923076923,41.658090172490056,73.87445078872389,0.7860576923076923,0.7860576923076923,0.04325995185370184,1.5360576923076923
2043,9,3.112,-6.639901329037456,-64.54326923076923,41.658090172490056,73.87445078872389,0.03365384615384615,0.03365384615384615,0.0,0.038461538461538464
2043,10,1.1514,-6.639901329037456,-64.54326923076923,101.81296470611791,80.57812224785565,3.0408653846153846,3.0408653846153846,0.12817897735949918,9.939903846153847
2043,10,3.112,-6.639901329037456,-64.54326923076923,101.81296470611791,80.57812224785565,0.4110576923076923,0.4110576923076923,0.023998397435897434,0.5192307692307693
2043,11,1.1514,-6.639901329037456,-64.54326923076923,176.22124019276882,83.83512018545487,5.194711538461538,5.194711538461538,0.23300265991986327,20.125
2043,11,3.112,-6.639901329037456,-64.54326923076923,176.22124019276882,83.83512018545487,0.8461538461538461,0.8461538461538461,0.03825913669663669,1.4567307692307692
2043,12,1.1514,-6.639901329037456,-64.54326923076923,226.80809949037783,85.89618866559364,5.915865384615385,5.915865384615385,0.26704169066362227,24.514423076923077
2043,12,3.112,-6.639901329037456,-64.54326923076923,226.80809949037783,85.89618866559364,0.9879807692307693,0.9879807692307693,0.03836213199193968,1.8125
2044,1,1.1514,-6.639901329037456,-64.54326923076923,222.1480302569785,85.51440783336359,5.382211538461538,5.382211538461538,0.24480708085347463,20.35576923076923
2044,1,3.112,-6.639901329037456,-64.54326923076923,222.1480302569785,85.51440783336359,0.90625,0.90625,0.03741475028239734,1.5600961538461537
2044,2,1.1514,-6.639901329037456,-64.54326923076923,220.19636725810201,77.47263038319251,5.423076923076923,5.423076923076923,0.24710966534437734,20.278846153846153
2044,2,3.112,-6.639901329037456,-64.54326923076923,220.19636725810201,77.47263038319251,0.9807692307692307,0.9807692307692307,0.04755896480656096,1.6538461538461537
2044,3,1.1514,-6.639901329037456,-64.54326923076923,249.6503088197686,85.61552050556809,7.15625,7.15625,0.2870420228671144,30.88221153846154
2044,3,3.112,-6.639901329037456,-64.54326923076923,249.6503088197686,85.61552050556809,1.4879807692307692,1.4879807692307692,0.05766280327578404,2.5649038461538463
2044,4,1.1514,-6.639901329037456,-64.54326923076923,244.4420045425686,81.1758063636304,6.800480769230769,6.800480769230769,0.2728608939091933,29.990384615384617
2044,4,3.112,-6.639901329037456,-64.54326923076923,244.4420045425686,81.1758063636304,1.28125,1.28125,0.029590201465201464,1.9254807692307692
2044,5,1.1514,-6.639901329037456,-64.54326923076923,173.14219904624537,80.63091719494331,3.951923076923077,3.951923076923077,0.14233842137076164,16.48798076923077
2044,5,3.112,-6.639901329037456,-64.54326923076923,173.14219904624537,80.63091719494331,0.6129807692307693,0.6129807692307693,0.02502289377289377,0.8822115384615384
2044,6,1.1514,-6.639901329037456,-64.54326923076923,80.14548469197436,71.72435949238684,1.2139423076923077,1.2139423076923077,0.05655135080895662,3.5024038461538463
2044,6,3.112,-6.639901329037456,-64.54326923076923,80.14548469197436,71.72435949238684,0.1778846153846154,0.1778846153846154,0.005568910256410256,0.22596153846153846
2044,7,1.1514,-6.639901329037456,-64.54326923076923,41.425068269679656,72.44269649773149,0.46634615384615385,0.46634615384615385,0.019058112026862025,0.8509615384615384
2044,7,3.112,-6.639901329037456,-64.54326923076923,41.425068269679656,72.44269649773149,0.040865384615384616,0.040865384615384616,0.0,0.04326923076923077
2044,8,1.1514,-6.639901329037456,-64.54326923076923,29.47959906069934,74.27587435150448,0.3389423076923077,0.3389423076923077,0.016601107226107224,0.6682692307692307
2044,8,3.112,-6.639901329037456,-64.54326923076923,29.47959906069934,74.27587435150448,0.026442307692307692,0.026442307692307692,0.0,0.03125
2044,9,1.1514,-6.639901329037456,-64.54326923076923,45.906145209341496,74.38921087904188,0.8798076923076923,0.8798076923076923,0.04355789109394878,1.7692307692307692
2044,9,3.112,-6.639901329037456,-64.54326923076923,45.906145209341496,74.38921087904188,0.04567307692307692,0.04567307692307692,0.0,0.04807692307692308
2044,10,1.1514,-6.639901329037456,-64.54326923076923,110.55024394088099,81.44737595195646,3.512019230769231,3.512019230769231,0.14142125951794343,12.23798076923077
2044,10,3.112,-6.639901329037456,-64.54326923076923,110.55024394088099,81.44737595195646,0.47836538461538464,0.47836538461538464,0.028645833333333332,0.6706730769230769
2044,11,1.1514,-6.639901329037456,-64.54326923076923,183.60513894082894,84.27875726340856,5.449519230769231,5.449519230769231,0.24783794286725794,21.572115384615383
2044,11,3.112,-6.639901329037456,-64.54326923076923,183.60513894082894,84.27875726340856,0.9014423076923077,0.9014423076923077,0.03644455837965453,1.5384615384615385
2044,12,1.1514,-6.639901329037456,-64.54326923076923,232.86406252821922,85.77756123346882,6.132211538461538,6.132211538461538,0.2732444672334265,25.5
2044,12,3.112,-6.639901329037456,-64.54326923076923,232.86406252821922,85.77756123346882,1.0480769230769231,1.0480769230769231,0.04103031272502426,1.9158653846153846
2045,1,1.1514,-6.639901329037456,-64.54326923076923,224.0759105772777,86.05222519341184,5.579326923076923,5.579326923076923,0.2506717269641347,21.560096153846153
2045,1,3.112,-6.639901329037456,-64.54326923076923,224.0759105772777,86.05222519341184,0.9591346153846154,0.9591346153846154,0.03733858733858734,1.6826923076923077
2045,2,1.1514,-6.639901329037456,-64.54326923076923,214.64299313204688,77.67019488915483,5.132211538461538,5.132211538461538,0.23301038398181337,18.603365384615383
2045,2,3.112,-6.639901329037456,-64.54326923076923,214.64299313204688,77.67019488915483,0.9110576923076923,0.9110576923076923,0.043201870245139475,1.5240384615384615
2045,3,1.1514,-6.639901329037456,-64.54326923076923,244.2194482910218,85.44362546404692,6.735576923076923,6.735576923076923,0.28114842260749223,27.560096153846153
2045,3,3.112,-6.639901329037456,-64.54326923076923,244.2194482910218,85.44362546404692,1.3341346153846154,1.3341346153846154,0.05075017915091444,2.331730769230769
2045,4,1.1514,-6.639901329037456,-64.54326923076923,243.43104243564602,80.92560498965607,6.608173076923077,6.608173076923077,0.26954395517973656,28.43028846153846
2045,4,3.112,-6.639901329037456,-64.54326923076923,243.43104243564602,80.92560498965607,1.2355769230769231,1.2355769230769231,0.0297275641025641,1.8485576923076923
2045,5,1.1514,-6.639901329037456,-64.54326923076923,176.17909694007813,80.59366294939727,3.9903846153846154,3.9903846153846154,0.14222425697377292,16.670673076923077
2045,5,3.112,-6.639901329037456,-64.54326923076923,176.17909694007813,80.59366294939727,0.6201923076923077,0.6201923076923077,0.02474244505494505,0.8990384615384616
2045,6,1.1514,-6.639901329037456,-64.54326923076923,79.86259242004084,71.99875802181946,1.2235576923076923,1.2235576923076923,0.058498681644765044,3.5096153846153846
2045,6,3.112,-6.639901329037456,-64.54326923076923,79.86259242004084,71.99875802181946,0.19230769230769232,0.19230769230769232,0.005208333333333333,0.24759615384615385
2045,7,1.1514,-6.639901329037456,-64.54326923076923,43.001539892873964,72.48362613053261,0.46875,0.46875,0.02393448565323565,0.8485576923076923
2045,7,3.112,-6.639901329037456,-64.54326923076923,43.001539892873964,72.48362613053261,0.038461538461538464,0.038461538461538464,0.0,0.04326923076923077
2045,8,1.1514,-6.639901329037456,-64.54326923076923,30.513864207418994,74.8527068090277,0.34134615384615385,0.34134615384615385,0.0149763431013431,0.65625
2045,8,3.112,-6.639901329037456,-64.54326923076923,30.513864207418994,74.8527068090277,0.026442307692307692,0.026442307692307692,0.0,0.03125
2045,9,1.1514,-6.639901329037456,-64.54326923076923,44.44132332366713,74.34369727034559,0.8173076923076923,0.8173076923076923,0.04369926948051947,1.6081730769230769
2045,9,3.112,-6.639901329037456,-64.54326923076923,44.44132332366713,74.34369727034559,0.04326923076923077,0.04326923076923077,0.0,0.04567307692307692
2045,10,1.1514,-6.639901329037456,-64.54326923076923,111.93711916649069,81.89127513870106,3.485576923076923,3.485576923076923,0.13813882443110756,11.810096153846153
2045,10,3.112,-6.639901329037456,-64.54326923076923,111.93711916649069,81.89127513870106,0.4639423076923077,0.4639423076923077,0.024021291208791207,0.6418269230769231
2045,11,1.1514,-6.639901329037456,-64.54326923076923,178.86963580406777,84.37736662033434,5.225961538461538,5.225961538461538,0.2390811370660756,20.08653846153846
2045,11,3.112,-6.639901329037456,-64.54326923076923,178.86963580406777,84.37736662033434,0.84375,0.84375,0.036048506781679854,1.4134615384615385
2045,12,1.1514,-6.639901329037456,-64.54326923076923,234.66227027815285,86.0109790422053,6.165865384615385,6.165865384615385,0.2767040940955791,25.81971153846154
2045,12,3.112,-6.639901329037456,-64.54326923076923,234.66227027815285,86.0109790422053,1.0649038461538463,1.0649038461538463,0.04364885716571592,1.9423076923076923
2046,1,1.1514,-6.639901329037456,-64.54326923076923,221.14741152044567,86.1587325880491,5.435096153846154,5.435096153846154,0.2467668139179723,20.341346153846153
2046,1,3.112,-6.639901329037456,-64.54326923076923,221.14741152044567,86.1587325880491,0.9254807692307693,0.9254807692307693,0.039228863242021135,1.6514423076923077
2046,2,1.1514,-6.639901329037456,-64.54326923076923,208.2069550427886,77.53660736614339,5.115384615384615,5.115384615384615,0.2374930970894617,18.834134615384617
2046,2,3.112,-6.639901329037456,-64.54326923076923,208.2069550427886,77.53660736614339,0.8822115384615384,0.8822115384615384,0.03827890859140859,1.4471153846153846
2046,3,1.1514,-6.639901329037456,-64.54326923076923,247.33523710193714,85.57647759466246,6.6298076923076925,6.6298076923076925,0.2819322305951709,27.060096153846153
2046,3,3.112,-6.639901329037456,-64.54326923076923,247.33523710193714,85.57647759466246,1.3052884615384615,1.3052884615384615,0.051856794825544825,2.264423076923077
2046,4,1.1514,-6.639901329037456,-64.54326923076923,239.81675679132545,81.34797698053325,6.5,6.5,0.2651771997290942,27.81971153846154
2046,4,3.112,-6.639901329037456,-64.54326923076923,239.81675679132545,81.34797698053325,1.1730769230769231,1.1730769230769231,0.03203697344322344,1.7115384615384615
2046,5,1.1514,-6.639901329037456,-64.54326923076923,170.44699498751245,80.58157110929331,3.7283653846153846,3.7283653846153846,0.1419999448604617,15.490384615384615
2046,5,3.112,-6.639901329037456,-64.54326923076923,170.44699498751245,80.58157110929331,0.5745192307692307,0.5745192307692307,0.024118589743589738,0.8245192307692307
2046,6,1.1514,-6.639901329037456,-64.54326923076923,79.59059232848995,71.71080195152462,1.2043269230769231,1.2043269230769231,0.05947235558666479,3.420673076923077
2046,6,3.112,-6.639901329037456,-64.54326923076923,79.59059232848995,71.71080195152462,0.1875,0.1875,0.005568910256410256,0.24278846153846154
2046,7,1.1514,-6.639901329037456,-64.54326923076923,42.945445433037165,72.34565219026669,0.45913461538461536,0.45913461538461536,0.02328010531135531,0.8413461538461539
2046,7,3.112,-6.639901329037456,-64.54326923076923,42.945445433037165,72.34565219026669,0.040865384615384616,0.040865384615384616,0.0,0.04567307692307692
2046,8,1.1514,-6.639901329037456,-64.54326923076923,29.820528634732757,74.46893778453338,0.3293269230769231,0.3293269230769231,0.018844436813186812,0.6129807692307693
2046,8,3.112,-6.639901329037456,-64.54326923076923,29.820528634732757,74.46893778453338,0.026442307692307692,0.026442307692307692,0.0,0.03125
2046,9,1.1514,-6.639901329037456,-64.54326923076923,44.635737301332625,73.68030112214363,0.8245192307692307,0.8245192307692307,0.043861026793719095,1.6033653846153846
2046,9,3.112,-6.639901329037456,-64.54326923076923,44.635737301332625,73.68030112214363,0.04807692307692308,0.04807692307692308,0.0,0.05048076923076923
2046,10,1.1514,-6.639901329037456,-64.54326923076923,112.99854425308769,81.80289712447698,3.4735576923076925,3.4735576923076925,0.14281684906477435,12.009615384615385
2046,10,3.112,-6.639901329037456,-64.54326923076923,112.99854425308769,81.80289712447698,0.46634615384615385,0.46634615384615385,0.023357371794871795,0.6322115384615384
2046,11,1.1514,-6.639901329037456,-64.54326923076923,183.01295859365385,83.83103937827852,5.240384615384615,5.240384615384615,0.2469377412324964,20.235576923076923
2046,11,3.112,-6.639901329037456,-64.54326923076923,183.01295859365385,83.83103937827852,0.8365384615384616,0.8365384615384616,0.03426093471165586,1.40625
2046,12,1.1514,-6.639901329037456,-64.54326923076923,228.37811338774438,85.81086284828146,6.0048076923076925,6.0048076923076925,0.26902115815751715,24.94471153846154
2046,12,3.112,-6.639901329037456,-64.54326923076923,228.37811338774438,85.81086284828146,1.0,1.0,0.04058195855070855,1.8004807692307692
2047,1,1.1514,-6.639901329037456,-64.54326923076923,217.75169946345474,85.81816992139014,5.40625,5.40625,0.24834300394632153,20.052884615384617
2047,1,3.112,-6.639901329037456,-64.54326923076923,217.75169946345474,85.81816992139014,0.9254807692307693,0.9254807692307693,0.036074255605505604,1.6394230769230769
2047,2,1.1514,-6.639901329037456,-64.54326923076923,212.39805344450937,77.70115721149327,5.40625,5.40625,0.2448444540593475,20.50721153846154
2047,2,3.112,-6.639901329037456,-64.54326923076923,212.39805344450937,77.70115721149327,0.9399038461538461,0.9399038461538461,0.03761282120657121,1.5360576923076923
2047,3,1.1514,-6.639901329037456,-64.54326923076923,254.92844793814118,85.54132697192557,6.747596153846154,6.747596153846154,0.2805168486687136,27.96153846153846
2047,3,3.112,-6.639901329037456,-64.54326923076923,254.92844793814118,85.54132697192557,1.375,1.375,0.05726166194916194,2.4086538461538463
2047,4,1.1514,-6.639901329037456,-64.54326923076923,240.9567838445068,81.83766366117983,6.449519230769231,6.449519230769231,0.25851106405524354,28.103365384615383
2047,4,3.112,-6.639901329037456,-64.54326923076923,240.9567838445068,81.83766366117983,1.1706730769230769,1.1706730769230769,0.030111034798534796,1.7307692307692308
2047,5,1.1514,-6.639901329037456,-64.54326923076923,173.17860572304278,80.55566863077878,3.954326923076923,3.954326923076923,0.14768449782564771,17.233173076923077
2047,5,3.112,-6.639901329037456,-64.54326923076923,173.17860572304278,80.55566863077878,0.6225961538461539,0.6225961538461539,0.02890911172161172,0.9158653846153846
2047,6,1.1514,-6.639901329037456,-64.54326923076923,77.4782846831792,71.72597659930167,1.1995192307692308,1.1995192307692308,0.05959023985981669,3.331730769230769
2047,6,3.112,-6.639901329037456,-64.54326923076923,77.4782846831792,71.72597659930167,0.18509615384615385,0.18509615384615385,0.0052483974358974355,0.23798076923076922
2047,7,1.1514,-6.639901329037456,-64.54326923076923,38.75778089328195,71.97166141678301,0.3942307692307692,0.3942307692307692,0.02247882326007326,0.7163461538461539
2047,7,3.112,-6.639901329037456,-64.54326923076923,38.75778089328195,71.97166141678301,0.03365384615384615,0.03365384615384615,0.0,0.036057692307692304
2047,8,1.1514,-6.639901329037456,-64.54326923076923,28.88788725543778,74.00605928531185,0.31971153846153844,0.31971153846153844,0.018918841575091574,0.59375
2047,8,3.112,-6.639901329037456,-64.54326923076923,28.88788725543778,74.00605928531185,0.026442307692307692,0.026442307692307692,0.0,0.03125
2047,9,1.1514,-6.639901329037456,-64.54326923076923,43.55738386177489,72.87568979167139,0.8076923076923077,0.8076923076923077,0.0428361568986569,1.5625
2047,9,3.112,-6.639901329037456,-64.54326923076923,43.55738386177489,72.87568979167139,0.04807692307692308,0.04807692307692308,0.0,0.05048076923076923
2047,10,1.1514,-6.639901329037456,-64.54326923076923,116.36766524430892,81.67477799171098,3.6658653846153846,3.6658653846153846,0.14739347418368573,12.80048076923077
2047,10,3.112,-6.639901329037456,-64.54326923076923,116.36766524430892,81.67477799171098,0.5072115384615384,0.5072115384615384,0.023257211538461536,0.7115384615384616
2047,11,1.1514,-6.639901329037456,-64.54326923076923,182.30867057964727,83.58573494596574,5.425480769230769,5.425480769230769,0.247499916349062,21.567307692307693
2047,11,3.112,-6.639901329037456,-64.54326923076923,182.30867057964727,83.58573494596574,0.8725961538461539,0.8725961538461539,0.03775032726354842,1.4735576923076923
2047,12,1.1514,-6.639901329037456,-64.54326923076923,234.91766861541802,85.83496024827835,6.4423076923076925,6.4423076923076925,0.27947163836241046,28.59375
2047,12,3.112,-6.639901329037456,-64.54326923076923,234.91766861541802,85.83496024827835,1.0841346153846154,1.0841346153846154,0.04307557426547811,1.9423076923076923
2048,1,1.1514,-6.639901329037456,-64.54326923076923,220.52218652586208,86.1416608312793,5.6826923076923075,5.6826923076923075,0.259816158478375,21.83653846153846
2048,1,3.112,-6.639901329037456,-64.54326923076923,220.52218652586208,86.1416608312793,0.9735576923076923,0.9735576923076923,0.035785384958179074,1.6971153846153846
2048,2,1.1514,-6.639901329037456,-64.54326923076923,223.3801512899586,77.32950021416363,5.903846153846154,5.903846153846154,0.25284271382876844,23.516826923076923
2048,2,3.112,-6.639901329037456,-64.54326923076923,223.3801512899586,77.32950021416363,1.1129807692307692,1.1129807692307692,0.04896067474192474,1.9158653846153846
2048,3,1.1514,-6.639901329037456,-64.54326923076923,254.53770855845082,85.37147802440239,6.920673076923077,6.920673076923077,0.28352613176598146,28.93028846153846
2048,3,3.112,-6.639901329037456,-64.54326923076923,254.53770855845082,85.37147802440239,1.4543269230769231,1.4543269230769231,0.061925854986516746,2.548076923076923
2048,4,1.1514,-6.639901329037456,-64.54326923076923,241.23251891664083,81.8574155331957,6.591346153846154,6.591346153846154,0.2619391332330777,29.21875
2048,4,3.112,-6.639901329037456,-64.54326923076923,241.23251891664083,81.8574155331957,1.2139423076923077,1.2139423076923077,0.04008699633699633,1.8605769230769231
2048,5,1.1514,-6.639901329037456,-64.54326923076923,168.2107751322896,80.36012613666671,3.7427884615384617,3.7427884615384617,0.14158513075783427,15.67548076923077
2048,5,3.112,-6.639901329037456,-64.54326923076923,168.2107751322896,80.36012613666671,0.5841346153846154,0.5841346153846154,0.02534340659340659,0.8461538461538461
2048,6,1.1514,-6.639901329037456,-64.54326923076923,78.19791712544284,71.71103321326129,1.2403846153846154,1.2403846153846154,0.06102820822331792,3.612980769230769
2048,6,3.112,-6.639901329037456,-64.54326923076923,78.19791712544284,71.71103321326129,0.1875,0.1875,0.007251602564102564,0.24759615384615385
2048,7,1.1514,-6.639901329037456,-64.54326923076923,37.17591521255542,71.67666588466598,0.36538461538461536,0.36538461538461536,0.02150965354090354,0.6514423076923077
2048,7,3.112,-6.639901329037456,-64.54326923076923,37.17591521255542,71.67666588466598,0.03125,0.03125,0.0,0.036057692307692304
2048,8,1.1514,-6.639901329037456,-64.54326923076923,27.769492502660533,73.66831586740763,0.2860576923076923,0.2860576923076923,0.012219551282051282,0.49759615384615385
2048,8,3.112,-6.639901329037456,-64.54326923076923,27.769492502660533,73.66831586740763,0.026442307692307692,0.026442307692307692,0.0,0.03125
2048,9,1.1514,-6.639901329037456,-64.54326923076923,42.54496944985309,73.09823335922201,0.7572115384615384,0.7572115384615384,0.042632454351204344,1.4423076923076923
2048,9,3.112,-6.639901329037456,-64.54326923076923,42.54496944985309,73.09823335922201,0.040865384615384616,0.040865384615384616,0.0,0.04567307692307692
2048,10,1.1514,-6.639901329037456,-64.54326923076923,107.51998116043033,80.94199863062133,3.3173076923076925,3.3173076923076925,0.13433292037237374,11.211538461538462
2048,10,3.112,-6.639901329037456,-64.54326923076923,107.51998116043033,80.94199863062133,0.4543269230769231,0.4543269230769231,0.02334592490842491,0.6201923076923077
2048,11,1.1514,-6.639901329037456,-64.54326923076923,178.180887228884,83.57523727656978,5.346153846153846,5.346153846153846,0.24265089938415146,21.17548076923077
2048,11,3.112,-6.639901329037456,-64.54326923076923,178.180887228884,83.57523727656978,0.8293269230769231,0.8293269230769231,0.03768882359627552,1.3701923076923077
2048,12,1.1514,-6.639901329037456,-64.54326923076923,232.0545481352389,86.02964625341221,6.2548076923076925,6.2548076923076925,0.27744272159309413,26.795673076923077
2048,12,3.112,-6.639901329037456,-64.54326923076923,232.0545481352389,86.02964625341221,1.0961538461538463,1.0961538461538463,0.04375578818805628,1.90625
2049,1,1.1514,-6.639901329037456,-64.54326923076923,213.8084000136225,85.51146411487633,5.283653846153846,5.283653846153846,0.252400882903768,19.853365384615383
2049,1,3.112,-6.639901329037456,-64.54326923076923,213.8084000136225,85.51146411487633,0.8629807692307693,0.8629807692307693,0.03528815490954914,1.4783653846153846
2049,2,1.1514,-6.639901329037456,-64.54326923076923,209.94340554232681,77.06768927648208,5.4110576923076925,5.4110576923076925,0.24249834850178434,20.73076923076923
2049,2,3.112,-6.639901329037456,-64.54326923076923,209.94340554232681,77.06768927648208,0.9591346153846154,0.9591346153846154,0.039304545614641764,1.6370192307692308
2049,3,1.1514,-6.639901329037456,-64.54326923076923,256.7823067689194,85.12638633665604,6.836538461538462,6.836538461538462,0.28712970482200917,28.65625
2049,3,3.112,-6.639901329037456,-64.54326923076923,256.7823067689194,85.12638633665604,1.4110576923076923,1.4110576923076923,0.055856121288181,2.4735576923076925
2049,4,1.1514,-6.639901329037456,-64.54326923076923,231.01722370471404,81.99826175909965,6.34375,6.34375,0.24536424426564013,27.778846153846153
2049,4,3.112,-6.639901329037456,-64.54326923076923,231.01722370471404,81.99826175909965,1.1225961538461537,1.1225961538461537,0.03870192307692307,1.6826923076923077
2049,5,1.1514,-6.639901329037456,-64.54326923076923,162.4955095245217,80.18844952693328,3.5841346153846154,3.5841346153846154,0.134926868801116,14.632211538461538
2049,5,3.112,-6.639901329037456,-64.54326923076923,162.4955095245217,80.18844952693328,0.5480769230769231,0.5480769230769231,0.020592948717948718,0.7692307692307693
2049,6,1.1514,-6.639901329037456,-64.54326923076923,80.1457201640945,71.48650735266087,1.2716346153846154,1.2716346153846154,0.06112354283615944,3.7259615384615383
2049,6,3.112,-6.639901329037456,-64.54326923076923,80.1457201640945,71.48650735266087,0.1875,0.1875,0.004447115384615384,0.23557692307692307
2049,7,1.1514,-6.639901329037456,-64.54326923076923,34.39833578239732,71.07853280082891,0.2956730769230769,0.2956730769230769,0.01681547619047619,0.5096153846153846
2049,7,3.112,-6.639901329037456,-64.54326923076923,34.39833578239732,71.07853280082891,0.03365384615384615,0.03365384615384615,0.0,0.036057692307692304
2049,8,1.1514,-6.639901329037456,-64.54326923076923,27.574049210614152,73.0597665720856,0.2764423076923077,0.2764423076923077,0.011200778388278387,0.4879807692307692
2049,8,3.112,-6.639901329037456,-64.54326923076923,27.574049210614152,73.0597665720856,0.02403846153846154,0.02403846153846154,0.0,0.028846153846153848
2049,9,1.1514,-6.639901329037456,-64.54326923076923,39.99886132400274,72.19645790757076,0.6466346153846154,0.6466346153846154,0.03405925671550671,1.15625
2049,9,3.112,-6.639901329037456,-64.54326923076923,39.99886132400274,72.19645790757076,0.028846153846153848,0.028846153846153848,0.0,0.02403846153846154
2049,10,1.1514,-6.639901329037456,-64.54326923076923,107.48613543265436,80.32647080809838,3.3485576923076925,3.3485576923076925,0.14156351489678662,11.177884615384615
2049,10,3.112,-6.639901329037456,-64.54326923076923,107.48613543265436,80.32647080809838,0.44711538461538464,0.44711538461538464,0.024147206959706957,0.6009615384615384
2049,11,1.1514,-6.639901329037456,-64.54326923076923,180.17533007016306,83.32702235107193,5.423076923076923,5.423076923076923,0.24740118460893404,21.545673076923077
2049,11,3.112,-6.639901329037456,-64.54326923076923,180.17533007016306,83.32702235107193,0.8365384615384616,0.8365384615384616,0.04004681883287652,1.4038461538461537
2049,12,1.1514,-6.639901329037456,-64.54326923076923,236.83625586023845,85.73254136445408,6.295673076923077,6.295673076923077,0.2797573211045879,27.139423076923077
2049,12,3.112,-6.639901329037456,-64.54326923076923,236.83625586023845,85.73254136445408,1.1105769230769231,1.1105769230769231,0.04721114183076853,1.9903846153846154
2050,1,1.1514,-6.639901329037456,-64.54326923076923,209.00320624011363,85.11017014156535,5.163461538461538,5.163461538461538,0.24432764619601927,19.259615384615383
2050,1,3.112,-6.639901329037456,-64.54326923076923,209.00320624011363,85.11017014156535,0.8413461538461539,0.8413461538461539,0.03421915513261667,1.4615384615384615
2050,2,1.1514,-6.639901329037456,-64.54326923076923,210.36504055232575,76.77602167076448,5.427884615384615,5.427884615384615,0.24782003198917227,20.651442307692307
2050,2,3.112,-6.639901329037456,-64.54326923076923,210.36504055232575,76.77602167076448,0.9735576923076923,0.9735576923076923,0.03997494892927585,1.6586538461538463
2050,3,1.1514,-6.639901329037456,-64.54326923076923,249.9921839772439,84.87277059765377,6.5625,6.5625,0.27599319915937587,26.69951923076923
2050,3,3.112,-6.639901329037456,-64.54326923076923,249.9921839772439,84.87277059765377,1.3389423076923077,1.3389423076923077,0.04948561809170361,2.329326923076923
2050,4,1.1514,-6.639901329037456,-64.54326923076923,228.2473568144054,81.72958039274657,6.115384615384615,6.115384615384615,0.2411239925954658,26.15625
2050,4,3.112,-6.639901329037456,-64.54326923076923,228.2473568144054,81.72958039274657,1.0384615384615385,1.0384615384615385,0.03205128205128205,1.5264423076923077
2050,5,1.1514,-6.639901329037456,-64.54326923076923,165.70035666452665,79.69913338050398,3.730769230769231,3.730769230769231,0.13566849578110513,15.73076923076923
2050,5,3.112,-6.639901329037456,-64.54326923076923,165.70035666452665,79.69913338050398,0.5649038461538461,0.5649038461538461,0.02203525641025641,0.8004807692307693
2050,6,1.1514,-6.639901329037456,-64.54326923076923,79.98735169025636,71.33727971816253,1.2980769230769231,1.2980769230769231,0.06293075304414023,3.7908653846153846
2050,6,3.112,-6.639901329037456,-64.54326923076923,79.98735169025636,71.33727971816253,0.19230769230769232,0.19230769230769232,0.0052483974358974355,0.25240384615384615
2050,7,1.1514,-6.639901329037456,-64.54326923076923,34.090727778953855,70.7933277830403,0.2980769230769231,0.2980769230769231,0.016085737179487178,0.5288461538461539
2050,7,3.112,-6.639901329037456,-64.54326923076923,34.090727778953855,70.7933277830403,0.03125,0.03125,0.0,0.03365384615384615
2050,8,1.1514,-6.639901329037456,-64.54326923076923,28.200058340575108,72.77989361321919,0.28846153846153844,0.28846153846153844,0.01201923076923077,0.4879807692307692
2050,8,3.112,-6.639901329037456,-64.54326923076923,28.200058340575108,72.77989361321919,0.021634615384615384,0.021634615384615384,0.0,0.02403846153846154
2050,9,1.1514,-6.639901329037456,-64.54326923076923,37.67678295364252,71.65416195085368,0.5721153846153846,0.5721153846153846,0.030950473137973136,0.9831730769230769
2050,9,3.112,-6.639901329037456,-64.54326923076923,37.67678295364252,71.65416195085368,0.021634615384615384,0.021634615384615384,0.0,0.019230769230769232
2050,10,1.1514,-6.639901329037456,-64.54326923076923,105.60621375260149,79.88508239170625,3.2091346153846154,3.2091346153846154,0.13315801612478734,10.509615384615385
2050,10,3.112,-6.639901329037456,-64.54326923076923,105.60621375260149,79.88508239170625,0.39903846153846156,0.39903846153846156,0.024507783882783882,0.5288461538461539
2050,11,1.1514,-6.639901329037456,-64.54326923076923,178.6543384285818,82.84265580655878,5.394230769230769,5.394230769230769,0.24391318736812356,21.697115384615383
2050,11,3.112,-6.639901329037456,-64.54326923076923,178.6543384285818,82.84265580655878,0.8293269230769231,0.8293269230769231,0.03825370676332214,1.4543269230769231
2050,12,1.1514,-6.639901329037456,-64.54326923076923,237.2971579643102,85.62054697662582,6.269230769230769,6.269230769230769,0.2760317219857069,26.625
2050,12,3.112,-6.639901329037456,-64.54326923076923,237.2971579643102,85.62054697662582,1.1177884615384615,1.1177884615384615,0.04437896858357831,1.9567307692307692
