year,month,threshold,prec,evap,in_degree,out_degree,clustering,ffl
2030,1,1.0,195.3874063619672,89.4319414990169,7.951923076923077,7.951923076923077,0.2909590547319848,38.74519230769231
2030,1,1.14,195.3874063619672,89.4319414990169,6.413461538461538,6.413461538461538,0.2669945229797791,26.80528846153846
2030,1,1.5,195.3874063619672,89.4319414990169,4.201923076923077,4.201923076923077,0.22140019689408558,13.370192307692308
2030,2,1.0,174.34775741457014,80.49424547704244,6.605769230769231,6.605769230769231,0.2581716957157897,29.54326923076923
2030,2,1.14,174.34775741457014,80.49424547704244,5.4951923076923075,5.4951923076923075,0.24035657150967096,21.46153846153846
2030,2,1.5,174.34775741457014,80.49424547704244,3.5408653846153846,3.5408653846153846,0.1811787839318176,10.466346153846153
2030,3,1.0,208.8197875207669,86.96822269897095,8.233173076923077,8.233173076923077,0.306589782047408,40.52884615384615
2030,3,1.14,208.8197875207669,86.96822269897095,6.632211538461538,6.632211538461538,0.27690818434653125,27.201923076923077
2030,3,1.5,208.8197875207669,86.96822269897095,4.1826923076923075,4.1826923076923075,0.20442841282900942,12.177884615384615
2030,4,1.0,213.6209029812799,82.65574820519174,8.002403846153847,8.002403846153847,0.27882811662193113,39.97596153846154
2030,4,1.14,213.6209029812799,82.65574820519174,6.641826923076923,6.641826923076923,0.25701884570331507,28.19951923076923
2030,4,1.5,213.6209029812799,82.65574820519174,4.516826923076923,4.516826923076923,0.19835171133671722,14.274038461538462
2030,5,1.0,152.88170468665425,81.33804563502885,5.0,5.0,0.17651475442436013,24.120192307692307
2030,5,1.14,152.88170468665425,81.33804563502885,3.9326923076923075,3.9326923076923075,0.1557679909498793,16.079326923076923
2030,5,1.5,152.88170468665425,81.33804563502885,2.485576923076923,2.485576923076923,0.11210568007540735,7.324519230769231
2030,6,1.0,68.48127603450732,71.29727810052864,1.6129807692307692,1.6129807692307692,0.06684486003984703,5.764423076923077
2030,6,1.14,68.48127603450732,71.29727810052864,1.2379807692307692,1.2379807692307692,0.05078175706369806,3.6610576923076925
2030,6,1.5,68.48127603450732,71.29727810052864,0.7524038461538461,0.7524038461538461,0.034825677794427794,1.5889423076923077
2030,7,1.0,38.183124503715995,72.11557702696871,0.6538461538461539,0.6538461538461539,0.031680595713047634,1.5480769230769231
2030,7,1.14,38.183124503715995,72.11557702696871,0.5240384615384616,0.5240384615384616,0.025808059461905616,1.1274038461538463
2030,7,1.5,38.183124503715995,72.11557702696871,0.30528846153846156,0.30528846153846156,0.01777701465201465,0.5192307692307693
2030,8,1.0,25.6925738776448,75.10163314463492,0.4326923076923077,0.4326923076923077,0.025969429875679875,0.8918269230769231
2030,8,1.14,25.6925738776448,75.10163314463492,0.3245192307692308,0.3245192307692308,0.014758852258852258,0.6081730769230769
2030,8,1.5,25.6925738776448,75.10163314463492,0.1778846153846154,0.1778846153846154,0.004407051282051282,0.2644230769230769
2030,9,1.0,43.657631228860055,76.11112667958972,1.3942307692307692,1.3942307692307692,0.06894386270623544,3.6177884615384617
2030,9,1.14,43.657631228860055,76.11112667958972,1.0817307692307692,1.0817307692307692,0.05720031170752324,2.4110576923076925
2030,9,1.5,43.657631228860055,76.11112667958972,0.5817307692307693,0.5817307692307693,0.030735844017094012,0.9783653846153846
2030,10,1.0,122.86745362749834,86.11973785984749,6.158653846153846,6.158653846153846,0.22556820803851602,28.79326923076923
2030,10,1.14,122.86745362749834,86.11973785984749,4.975961538461538,4.975961538461538,0.20179189882960374,19.73076923076923
2030,10,1.5,122.86745362749834,86.11973785984749,3.141826923076923,3.141826923076923,0.15520918294647623,9.117788461538462
2030,11,1.0,165.31987938214468,87.64517902221435,7.903846153846154,7.903846153846154,0.27932205106200375,41.38221153846154
2030,11,1.14,165.31987938214468,87.64517902221435,6.283653846153846,6.283653846153846,0.25443584454322576,27.545673076923077
2030,11,1.5,165.31987938214468,87.64517902221435,4.1201923076923075,4.1201923076923075,0.20832850201452874,13.545673076923077
2030,12,1.0,217.67106082056122,89.40048965572002,9.278846153846153,9.278846153846153,0.3048101304499146,53.26442307692308
2030,12,1.14,217.67106082056122,89.40048965572002,7.576923076923077,7.576923076923077,0.2892420022912784,37.13942307692308
2030,12,1.5,217.67106082056122,89.40048965572002,5.069711538461538,5.069711538461538,0.2436627556613402,18.557692307692307
2031,1,1.0,194.0103232781609,89.32540635537394,7.752403846153846,7.752403846153846,0.2869454925414094,37.06730769230769
2031,1,1.14,194.0103232781609,89.32540635537394,6.298076923076923,6.298076923076923,0.26451510436019954,25.728365384615383
2031,1,1.5,194.0103232781609,89.32540635537394,4.168269230769231,4.168269230769231,0.21829808645058954,13.064903846153847
2031,2,1.0,171.66082948731503,80.276655598736,6.622596153846154,6.622596153846154,0.2577083524018628,30.502403846153847
2031,2,1.14,171.66082948731503,80.276655598736,5.492788461538462,5.492788461538462,0.23474549472498576,22.185096153846153
2031,2,1.5,171.66082948731503,80.276655598736,3.5336538461538463,3.5336538461538463,0.1797799485999885,10.778846153846153
2031,3,1.0,209.27572999403225,86.25353009267057,8.341346153846153,8.341346153846153,0.307827982299058,41.09134615384615
2031,3,1.14,209.27572999403225,86.25353009267057,6.774038461538462,6.774038461538462,0.2814810802476995,28.060096153846153
2031,3,1.5,209.27572999403225,86.25353009267057,4.269230769230769,4.269230769230769,0.21498159453716198,12.576923076923077
2031,4,1.0,211.8826480402991,82.52486100273138,8.079326923076923,8.079326923076923,0.2789282446138351,40.69230769230769
2031,4,1.14,211.8826480402991,82.52486100273138,6.7451923076923075,6.7451923076923075,0.2586142874762913,29.10576923076923
2031,4,1.5,211.8826480402991,82.52486100273138,4.512019230769231,4.512019230769231,0.20106089208119693,14.240384615384615
2031,5,1.0,154.18502593899774,81.0308559817266,4.985576923076923,4.985576923076923,0.176884611457296,24.82451923076923
2031,5,1.14,154.18502593899774,81.0308559817266,3.9014423076923075,3.9014423076923075,0.1576812870389438,16.1875
2031,5,1.5,154.18502593899774,81.0308559817266,2.4903846153846154,2.4903846153846154,0.111441905935179,7.475961538461538
2031,6,1.0,70.48755011468387,71.06997443388477,1.6802884615384615,1.6802884615384615,0.0694673510111024,6.168269230769231
2031,6,1.14,70.48755011468387,71.06997443388477,1.3365384615384615,1.3365384615384615,0.053895064416413306,4.1201923076923075
2031,6,1.5,70.48755011468387,71.06997443388477,0.8028846153846154,0.8028846153846154,0.03832777132055978,1.7331730769230769
2031,7,1.0,36.67050333942927,71.90288172758207,0.6129807692307693,0.6129807692307693,0.03188374792942101,1.4302884615384615
2031,7,1.14,36.67050333942927,71.90288172758207,0.49278846153846156,0.49278846153846156,0.022873707489092104,1.0360576923076923
2031,7,1.5,36.67050333942927,71.90288172758207,0.28846153846153844,0.28846153846153844,0.01749656593406593,0.49038461538461536
2031,8,1.0,25.63100712229798,74.7858036250662,0.4206730769230769,0.4206730769230769,0.02580431721056721,0.8701923076923077
2031,8,1.14,25.63100712229798,74.7858036250662,0.3125,0.3125,0.015233898046398046,0.5769230769230769
2031,8,1.5,25.63100712229798,74.7858036250662,0.1778846153846154,0.1778846153846154,0.0035657051282051277,0.2620192307692308
2031,9,1.0,42.78721460200349,75.85362723098584,1.3605769230769231,1.3605769230769231,0.06767049331387566,3.5048076923076925
2031,9,1.14,42.78721460200349,75.85362723098584,1.0552884615384615,1.0552884615384615,0.057813702161128626,2.355769230769231
2031,9,1.5,42.78721460200349,75.85362723098584,0.5697115384615384,0.5697115384615384,0.03067670177045177,0.9543269230769231
2031,10,1.0,120.14066321553251,85.50378046187915,6.103365384615385,6.103365384615385,0.22344574202898007,28.28846153846154
2031,10,1.14,120.14066321553251,85.50378046187915,4.850961538461538,4.850961538461538,0.1959725514967985,18.66346153846154
2031,10,1.5,120.14066321553251,85.50378046187915,3.0913461538461537,3.0913461538461537,0.15218000074770752,8.966346153846153
2031,11,1.0,163.52627224962677,86.99855773351275,7.694711538461538,7.694711538461538,0.2754250698071158,39.19230769230769
2031,11,1.14,163.52627224962677,86.99855773351275,6.1514423076923075,6.1514423076923075,0.2526076908133818,26.411057692307693
2031,11,1.5,163.52627224962677,86.99855773351275,4.028846153846154,4.028846153846154,0.1948214309220493,13.096153846153847
2031,12,1.0,215.1068299476718,89.3136300713277,9.096153846153847,9.096153846153847,0.3019575890980203,50.80048076923077
2031,12,1.14,215.1068299476718,89.3136300713277,7.475961538461538,7.475961538461538,0.28892951324469707,36.02163461538461
2031,12,1.5,215.1068299476718,89.3136300713277,5.016826923076923,5.016826923076923,0.23900178119570706,18.009615384615383
2032,1,1.0,192.28053751615386,89.00439568374766,7.9014423076923075,7.9014423076923075,0.2852875854603455,38.29086538461539
2032,1,1.14,192.28053751615386,89.00439568374766,6.480769230769231,6.480769230769231,0.26869885281483047,27.110576923076923
2032,1,1.5,192.28053751615386,89.00439568374766,4.290865384615385,4.290865384615385,0.22607035691341307,13.697115384615385
2032,2,1.0,173.70049851259503,79.90881685582362,6.680288461538462,6.680288461538462,0.2584367864876463,30.48798076923077
2032,2,1.14,173.70049851259503,79.90881685582362,5.514423076923077,5.514423076923077,0.23549604232915064,21.884615384615383
2032,2,1.5,173.70049851259503,79.90881685582362,3.5697115384615383,3.5697115384615383,0.17772056441943354,10.742788461538462
2032,3,1.0,211.9120617851636,86.03962114809984,8.584134615384615,8.584134615384615,0.3118249208462502,43.34855769230769
2032,3,1.14,211.9120617851636,86.03962114809984,6.9326923076923075,6.9326923076923075,0.28389021218749044,29.16346153846154
2032,3,1.5,211.9120617851636,86.03962114809984,4.420673076923077,4.420673076923077,0.222182842433874,13.257211538461538
2032,4,1.0,210.6130134627281,82.12075871201145,8.1875,8.1875,0.28349201587949147,42.02163461538461
2032,4,1.14,210.6130134627281,82.12075871201145,6.836538461538462,6.836538461538462,0.26148637686459075,30.13221153846154
2032,4,1.5,210.6130134627281,82.12075871201145,4.584134615384615,4.584134615384615,0.20469078334023902,14.728365384615385
2032,5,1.0,155.80766859042137,80.66274801899013,5.09375,5.09375,0.17489255637469056,25.70673076923077
2032,5,1.14,155.80766859042137,80.66274801899013,4.024038461538462,4.024038461538462,0.15832922382383757,17.079326923076923
2032,5,1.5,155.80766859042137,80.66274801899013,2.579326923076923,2.579326923076923,0.11386089174184964,7.951923076923077
2032,6,1.0,70.59687083089358,71.05762955046971,1.7307692307692308,1.7307692307692308,0.07197283402376903,6.358173076923077
2032,6,1.14,70.59687083089358,71.05762955046971,1.3557692307692308,1.3557692307692308,0.055148527974521896,4.117788461538462
2032,6,1.5,70.59687083089358,71.05762955046971,0.7980769230769231,0.7980769230769231,0.03873964577089577,1.7163461538461537
2032,7,1.0,38.13835221307616,71.8573878270622,0.6634615384615384,0.6634615384615384,0.031205535210767108,1.6177884615384615
2032,7,1.14,38.13835221307616,71.8573878270622,0.5216346153846154,0.5216346153846154,0.02365546446075292,1.1177884615384615
2032,7,1.5,38.13835221307616,71.8573878270622,0.2956730769230769,0.2956730769230769,0.019379578754578755,0.49759615384615385
2032,8,1.0,26.32573809450656,74.52384262719903,0.4254807692307692,0.4254807692307692,0.023409836691086688,0.8894230769230769
2032,8,1.14,26.32573809450656,74.52384262719903,0.33653846153846156,0.33653846153846156,0.018751907814407814,0.6370192307692307
2032,8,1.5,26.32573809450656,74.52384262719903,0.18269230769230768,0.18269230769230768,0.004527243589743589,0.27884615384615385
2032,9,1.0,43.16925587870913,75.65173484321541,1.3533653846153846,1.3533653846153846,0.0669093877857311,3.5360576923076925
2032,9,1.14,43.16925587870913,75.65173484321541,1.0576923076923077,1.0576923076923077,0.05869429937939553,2.3485576923076925
2032,9,1.5,43.16925587870913,75.65173484321541,0.5745192307692307,0.5745192307692307,0.026487141330891327,0.9543269230769231
2032,10,1.0,114.76762844320113,84.94687107454807,5.8076923076923075,5.8076923076923075,0.21787082579731587,25.66826923076923
2032,10,1.14,114.76762844320113,84.94687107454807,4.569711538461538,4.569711538461538,0.19096389034870492,16.76201923076923
2032,10,1.5,114.76762844320113,84.94687107454807,2.889423076923077,2.889423076923077,0.14367171790287442,8.033653846153847
2032,11,1.0,165.85648260631692,86.67743374565345,7.790865384615385,7.790865384615385,0.279423372917828,39.86298076923077
2032,11,1.14,165.85648260631692,86.67743374565345,6.25,6.25,0.2543371361330624,27.18028846153846
2032,11,1.5,165.85648260631692,86.67743374565345,4.081730769230769,4.081730769230769,0.20575782739952883,13.213942307692308
2032,12,1.0,214.47863172585537,89.06144458182179,9.08173076923077,9.08173076923077,0.3042326636258245,50.75721153846154
2032,12,1.14,214.47863172585537,89.06144458182179,7.461538461538462,7.461538461538462,0.2931144678424454,35.96875
2032,12,1.5,214.47863172585537,89.06144458182179,4.9951923076923075,4.9951923076923075,0.24533180008131292,17.716346153846153
2033,1,1.0,189.43200137421076,89.22208301723832,7.9735576923076925,7.9735576923076925,0.28912579569773345,39.20192307692308
2033,1,1.14,189.43200137421076,89.22208301723832,6.487980769230769,6.487980769230769,0.2687628652938932,27.360576923076923
2033,1,1.5,189.43200137421076,89.22208301723832,4.319711538461538,4.319711538461538,0.23075894878941405,13.975961538461538
2033,2,1.0,175.22546469191076,80.06397814721377,6.853365384615385,6.853365384615385,0.2693947829500499,31.384615384615383
2033,2,1.14,175.22546469191076,80.06397814721377,5.632211538461538,5.632211538461538,0.24491331199776495,22.276442307692307
2033,2,1.5,175.22546469191076,80.06397814721377,3.6778846153846154,3.6778846153846154,0.18450166728399864,11.189903846153847
2033,3,1.0,208.53075588549547,85.75209535640457,8.350961538461538,8.350961538461538,0.3066948045209139,41.41346153846154
2033,3,1.14,208.53075588549547,85.75209535640457,6.788461538461538,6.788461538461538,0.27918272958772883,28.247596153846153
2033,3,1.5,208.53075588549547,85.75209535640457,4.288461538461538,4.288461538461538,0.2128652759239945,12.67548076923077
2033,4,1.0,204.7278801603116,82.10855477252368,8.048076923076923,8.048076923076923,0.2817375751799899,41.05048076923077
2033,4,1.14,204.7278801603116,82.10855477252368,6.7451923076923075,6.7451923076923075,0.2629248524280721,29.334134615384617
2033,4,1.5,204.7278801603116,82.10855477252368,4.514423076923077,4.514423076923077,0.20583062405656571,14.379807692307692
2033,5,1.0,158.1592957231375,80.02715787407465,5.264423076923077,5.264423076923077,0.17822023834048017,27.18028846153846
2033,5,1.14,158.1592957231375,80.02715787407465,4.144230769230769,4.144230769230769,0.15762288298044644,18.036057692307693
2033,5,1.5,158.1592957231375,80.02715787407465,2.639423076923077,2.639423076923077,0.11625361340961554,8.348557692307692
2033,6,1.0,70.68337705108546,71.03622988524359,1.7139423076923077,1.7139423076923077,0.06932881457730244,6.247596153846154
2033,6,1.14,70.68337705108546,71.03622988524359,1.3365384615384615,1.3365384615384615,0.05441924441513985,4.028846153846154
2033,6,1.5,70.68337705108546,71.03622988524359,0.7716346153846154,0.7716346153846154,0.037657134532134526,1.5985576923076923
2033,7,1.0,37.24856045165097,71.64433765788563,0.6298076923076923,0.6298076923076923,0.03441094515401642,1.4927884615384615
2033,7,1.14,37.24856045165097,71.64433765788563,0.4831730769230769,0.4831730769230769,0.025232806723191337,1.0120192307692308
2033,7,1.5,37.24856045165097,71.64433765788563,0.2860576923076923,0.2860576923076923,0.016288919413919415,0.4855769230769231
2033,8,1.0,27.558358396396446,74.3466059591954,0.4639423076923077,0.4639423076923077,0.023976544289044284,0.9855769230769231
2033,8,1.14,27.558358396396446,74.3466059591954,0.3581730769230769,0.3581730769230769,0.015024038461538462,0.6754807692307693
2033,8,1.5,27.558358396396446,74.3466059591954,0.19471153846153846,0.19471153846153846,0.008213141025641026,0.2932692307692308
2033,9,1.0,38.498055965816654,74.95420832034561,1.0985576923076923,1.0985576923076923,0.057701875670625666,2.5697115384615383
2033,9,1.14,38.498055965816654,74.95420832034561,0.8485576923076923,0.8485576923076923,0.04914082645452837,1.6826923076923077
2033,9,1.5,38.498055965816654,74.95420832034561,0.4639423076923077,0.4639423076923077,0.019991987179487178,0.7259615384615384
2033,10,1.0,111.27087414245517,84.36383088307811,5.509615384615385,5.509615384615385,0.21016416728893444,23.360576923076923
2033,10,1.14,111.27087414245517,84.36383088307811,4.387019230769231,4.387019230769231,0.1818721814387992,15.94951923076923
2033,10,1.5,111.27087414245517,84.36383088307811,2.730769230769231,2.730769230769231,0.13307453798193242,7.3798076923076925
2033,11,1.0,161.5836309014026,86.27421977605796,7.377403846153846,7.377403846153846,0.2744798138674131,36.87740384615385
2033,11,1.14,161.5836309014026,86.27421977605796,5.858173076923077,5.858173076923077,0.2500506519912297,24.61778846153846
2033,11,1.5,161.5836309014026,86.27421977605796,3.923076923076923,3.923076923076923,0.1929121091809769,12.617788461538462
2033,12,1.0,215.45265949447415,88.79694483754814,9.3125,9.3125,0.3045460160986035,52.81009615384615
2033,12,1.14,215.45265949447415,88.79694483754814,7.685096153846154,7.685096153846154,0.2920530797052762,37.48076923076923
2033,12,1.5,215.45265949447415,88.79694483754814,5.144230769230769,5.144230769230769,0.24474077589392124,18.454326923076923
2034,1,1.0,185.36861571494936,88.85425188937026,7.6923076923076925,7.6923076923076925,0.28222526039855356,37.06490384615385
2034,1,1.14,185.36861571494936,88.85425188937026,6.233173076923077,6.233173076923077,0.2626244364379832,25.959134615384617
2034,1,1.5,185.36861571494936,88.85425188937026,4.141826923076923,4.141826923076923,0.22399787655662734,13.170673076923077
2034,2,1.0,170.37084186287666,80.25778743440861,6.5048076923076925,6.5048076923076925,0.2684817556204679,28.814903846153847
2034,2,1.14,170.37084186287666,80.25778743440861,5.384615384615385,5.384615384615385,0.24098387131551832,20.620192307692307
2034,2,1.5,170.37084186287666,80.25778743440861,3.4903846153846154,3.4903846153846154,0.17976589512349553,10.288461538461538
2034,3,1.0,209.511847058234,85.71951779840934,8.322115384615385,8.322115384615385,0.30325331696510777,41.32451923076923
2034,3,1.14,209.511847058234,85.71951779840934,6.699519230769231,6.699519230769231,0.2781177794148962,27.911057692307693
2034,3,1.5,209.511847058234,85.71951779840934,4.319711538461538,4.319711538461538,0.2145515788259038,12.920673076923077
2034,4,1.0,205.13609116808772,81.84417980239706,8.151442307692308,8.151442307692308,0.28837733495944534,41.01201923076923
2034,4,1.14,205.13609116808772,81.84417980239706,6.75,6.75,0.2673904373946834,28.927884615384617
2034,4,1.5,205.13609116808772,81.84417980239706,4.572115384615385,4.572115384615385,0.21417811423698135,14.463942307692308
2034,5,1.0,159.25818618300835,79.84598033789106,5.086538461538462,5.086538461538462,0.17874528648726212,26.052884615384617
2034,5,1.14,159.25818618300835,79.84598033789106,4.0264423076923075,4.0264423076923075,0.15506977772450903,17.610576923076923
2034,5,1.5,159.25818618300835,79.84598033789106,2.5913461538461537,2.5913461538461537,0.11012743270997259,8.103365384615385
2034,6,1.0,70.7681574188583,70.91864145664057,1.6995192307692308,1.6995192307692308,0.06919571724960057,6.2235576923076925
2034,6,1.14,70.7681574188583,70.91864145664057,1.3293269230769231,1.3293269230769231,0.05286037559129479,4.052884615384615
2034,6,1.5,70.7681574188583,70.91864145664057,0.7668269230769231,0.7668269230769231,0.03988635563154794,1.6057692307692308
2034,7,1.0,36.575636860860705,71.44283383466558,0.5961538461538461,0.5961538461538461,0.0308044860964827,1.3701923076923077
2034,7,1.14,36.575636860860705,71.44283383466558,0.4735576923076923,0.4735576923076923,0.021129704963839577,0.9807692307692307
2034,7,1.5,36.575636860860705,71.44283383466558,0.2692307692307692,0.2692307692307692,0.01502403846153846,0.43509615384615385
2034,8,1.0,27.32003491438396,74.24695487517798,0.47115384615384615,0.47115384615384615,0.022623903873903874,1.0024038461538463
2034,8,1.14,27.32003491438396,74.24695487517798,0.35336538461538464,0.35336538461538464,0.015424679487179486,0.6682692307692307
2034,8,1.5,27.32003491438396,74.24695487517798,0.19951923076923078,0.19951923076923078,0.008493589743589743,0.30528846153846156
2034,9,1.0,37.62690775926854,74.69376528133618,1.03125,1.03125,0.05668438250098318,2.3221153846153846
2034,9,1.14,37.62690775926854,74.69376528133618,0.7764423076923077,0.7764423076923077,0.04476719861335246,1.5168269230769231
2034,9,1.5,37.62690775926854,74.69376528133618,0.43509615384615385,0.43509615384615385,0.020453678266178263,0.6754807692307693
2034,10,1.0,104.62345859670762,83.34423742934051,4.8798076923076925,4.8798076923076925,0.18894805900004935,19.48798076923077
2034,10,1.14,104.62345859670762,83.34423742934051,3.8846153846153846,3.8846153846153846,0.17061160049719815,13.29326923076923
2034,10,1.5,104.62345859670762,83.34423742934051,2.394230769230769,2.394230769230769,0.11139043582101123,6.112980769230769
2034,11,1.0,155.5153320201792,85.4832658668152,6.9375,6.9375,0.2617459457567113,33.73317307692308
2034,11,1.14,155.5153320201792,85.4832658668152,5.564903846153846,5.564903846153846,0.23893562059649703,23.01201923076923
2034,11,1.5,155.5153320201792,85.4832658668152,3.699519230769231,3.699519230769231,0.1754317153835607,11.610576923076923
2034,12,1.0,208.98708491294204,88.49992212559027,8.80048076923077,8.80048076923077,0.29904968374075946,48.0625
2034,12,1.14,208.98708491294204,88.49992212559027,7.322115384615385,7.322115384615385,0.28904849572066205,34.86778846153846
2034,12,1.5,208.98708491294204,88.49992212559027,4.800480769230769,4.800480769230769,0.23260227759887858,16.721153846153847
2035,1,1.0,181.55172264402214,88.17350000322412,7.237980769230769,7.237980769230769,0.2816809217670145,33.90625
2035,1,1.14,181.55172264402214,88.17350000322412,5.822115384615385,5.822115384615385,0.25560836424635697,23.36778846153846
2035,1,1.5,181.55172264402214,88.17350000322412,3.8774038461538463,3.8774038461538463,0.2103285523344951,12.117788461538462
2035,2,1.0,173.09125953619443,79.69537916146848,6.634615384615385,6.634615384615385,0.2679687774298127,29.10096153846154
2035,2,1.14,173.09125953619443,79.69537916146848,5.389423076923077,5.389423076923077,0.2470786015468171,20.165865384615383
2035,2,1.5,173.09125953619443,79.69537916146848,3.5336538461538463,3.5336538461538463,0.18073357629735767,10.192307692307692
2035,3,1.0,213.37511948071656,85.6999047912597,8.564903846153847,8.564903846153847,0.29874028338297454,43.19711538461539
2035,3,1.14,213.37511948071656,85.6999047912597,7.050480769230769,7.050480769230769,0.28647129595313836,30.401442307692307
2035,3,1.5,213.37511948071656,85.6999047912597,4.454326923076923,4.454326923076923,0.22055624271521151,13.30048076923077
2035,4,1.0,206.51607621648944,82.02456846049373,8.322115384615385,8.322115384615385,0.2848421972920229,43.30528846153846
2035,4,1.14,206.51607621648944,82.02456846049373,6.915865384615385,6.915865384615385,0.26525363074469693,30.786057692307693
2035,4,1.5,206.51607621648944,82.02456846049373,4.7764423076923075,4.7764423076923075,0.22228873447267167,15.985576923076923
2035,5,1.0,154.7692697430903,79.85127217461132,4.882211538461538,4.882211538461538,0.16884545713772672,24.94471153846154
2035,5,1.14,154.7692697430903,79.85127217461132,3.9134615384615383,3.9134615384615383,0.1440253957224718,17.048076923076923
2035,5,1.5,154.7692697430903,79.85127217461132,2.483173076923077,2.483173076923077,0.10820786562261239,7.721153846153846
2035,6,1.0,68.95313957255702,70.86458040551048,1.6442307692307692,1.6442307692307692,0.0679377502202532,6.028846153846154
2035,6,1.14,68.95313957255702,70.86458040551048,1.25,1.25,0.053452799910308386,3.7788461538461537
2035,6,1.5,68.95313957255702,70.86458040551048,0.7307692307692307,0.7307692307692307,0.03596139103951604,1.5408653846153846
2035,7,1.0,34.190491996116975,71.1292152515201,0.5576923076923077,0.5576923076923077,0.027649387204675666,1.2451923076923077
2035,7,1.14,34.190491996116975,71.1292152515201,0.42788461538461536,0.42788461538461536,0.02017435689310689,0.8581730769230769
2035,7,1.5,34.190491996116975,71.1292152515201,0.2403846153846154,0.2403846153846154,0.012259615384615384,0.36778846153846156
2035,8,1.0,25.42719905043324,73.60942164186791,0.3918269230769231,0.3918269230769231,0.017284711815961813,0.8076923076923077
2035,8,1.14,25.42719905043324,73.60942164186791,0.29086538461538464,0.29086538461538464,0.01400812728937729,0.5288461538461539
2035,8,1.5,25.42719905043324,73.60942164186791,0.16105769230769232,0.16105769230769232,0.004407051282051282,0.24278846153846154
2035,9,1.0,35.70083886197374,74.19817819573035,0.9014423076923077,0.9014423076923077,0.04937328296703296,1.9086538461538463
2035,9,1.14,35.70083886197374,74.19817819573035,0.6875,0.6875,0.036134698634698634,1.2836538461538463
2035,9,1.5,35.70083886197374,74.19817819573035,0.37740384615384615,0.37740384615384615,0.015330242673992672,0.5552884615384616
2035,10,1.0,99.19891552747801,82.46914750027484,4.600961538461538,4.600961538461538,0.18021279191546344,18.19951923076923
2035,10,1.14,99.19891552747801,82.46914750027484,3.6802884615384617,3.6802884615384617,0.15893119027074637,12.471153846153847
2035,10,1.5,99.19891552747801,82.46914750027484,2.28125,2.28125,0.11132820615993692,5.8125
2035,11,1.0,152.4636377014847,85.08566651981141,6.925480769230769,6.925480769230769,0.2582916332187719,34.27403846153846
2035,11,1.14,152.4636377014847,85.08566651981141,5.550480769230769,5.550480769230769,0.23607400339057566,23.223557692307693
2035,11,1.5,152.4636377014847,85.08566651981141,3.6634615384615383,3.6634615384615383,0.17904994375383507,11.569711538461538
2035,12,1.0,203.23674037849548,88.31924712622815,8.478365384615385,8.478365384615385,0.2940426196062626,44.75480769230769
2035,12,1.14,203.23674037849548,88.31924712622815,6.966346153846154,6.966346153846154,0.27705426874658234,31.713942307692307
2035,12,1.5,203.23674037849548,88.31924712622815,4.627403846153846,4.627403846153846,0.22775359102949377,15.86298076923077
2036,1,1.0,181.679061022402,87.6781532957,7.355769230769231,7.355769230769231,0.27751438536371714,35.90384615384615
2036,1,1.14,181.679061022402,87.6781532957,5.951923076923077,5.951923076923077,0.2575463279750009,24.927884615384617
2036,1,1.5,181.679061022402,87.6781532957,3.9302884615384617,3.9302884615384617,0.20931979201262477,12.57451923076923
2036,2,1.0,179.26897505712785,79.34516608233496,6.677884615384615,6.677884615384615,0.2690536493481599,29.317307692307693
2036,2,1.14,179.26897505712785,79.34516608233496,5.427884615384615,5.427884615384615,0.24560774567775567,20.36298076923077
2036,2,1.5,179.26897505712785,79.34516608233496,3.550480769230769,3.550480769230769,0.18214447834363978,10.290865384615385
2036,3,1.0,206.81800412960456,85.41176333614206,8.44951923076923,8.44951923076923,0.29882997805420064,41.80769230769231
2036,3,1.14,206.81800412960456,85.41176333614206,6.8389423076923075,6.8389423076923075,0.2827208886636937,28.375
2036,3,1.5,206.81800412960456,85.41176333614206,4.382211538461538,4.382211538461538,0.21980218351290393,12.8125
2036,4,1.0,207.73185315150275,81.89468753312146,8.379807692307692,8.379807692307692,0.2925196928795698,43.68269230769231
2036,4,1.14,207.73185315150275,81.89468753312146,6.903846153846154,6.903846153846154,0.2660535049967368,30.766826923076923
2036,4,1.5,207.73185315150275,81.89468753312146,4.8125,4.8125,0.21833884573629758,16.091346153846153
2036,5,1.0,159.55451624039767,79.67406009336399,5.204326923076923,5.204326923076923,0.172354860752553,26.348557692307693
2036,5,1.14,159.55451624039767,79.67406009336399,4.2139423076923075,4.2139423076923075,0.15657815169214467,18.27403846153846
2036,5,1.5,159.55451624039767,79.67406009336399,2.610576923076923,2.610576923076923,0.10665297758210432,8.024038461538462
2036,6,1.0,70.33721416657545,70.7198502707636,1.625,1.625,0.06723346557190807,5.872596153846154
2036,6,1.14,70.33721416657545,70.7198502707636,1.2548076923076923,1.2548076923076923,0.05086457801730411,3.7403846153846154
2036,6,1.5,70.33721416657545,70.7198502707636,0.7379807692307693,0.7379807692307693,0.03682367312175004,1.5240384615384615
2036,7,1.0,34.56868865181226,71.15140936839683,0.5432692307692307,0.5432692307692307,0.027832597423943575,1.2139423076923077
2036,7,1.14,34.56868865181226,71.15140936839683,0.43028846153846156,0.43028846153846156,0.02196961025086025,0.8798076923076923
2036,7,1.5,34.56868865181226,71.15140936839683,0.23798076923076922,0.23798076923076922,0.014062499999999999,0.3701923076923077
2036,8,1.0,27.62046980464825,73.85994009715115,0.4735576923076923,0.4735576923076923,0.021068788316384472,1.0432692307692308
2036,8,1.14,27.62046980464825,73.85994009715115,0.3605769230769231,0.3605769230769231,0.015175709706959705,0.7043269230769231
2036,8,1.5,27.62046980464825,73.85994009715115,0.20432692307692307,0.20432692307692307,0.008092948717948717,0.32211538461538464
2036,9,1.0,33.41395095324296,74.09796941255678,0.8269230769230769,0.8269230769230769,0.0470265111491073,1.6706730769230769
2036,9,1.14,33.41395095324296,74.09796941255678,0.65625,0.65625,0.04039632242757242,1.1995192307692308
2036,9,1.5,33.41395095324296,74.09796941255678,0.3605769230769231,0.3605769230769231,0.01649496336996337,0.53125
2036,10,1.0,96.48720298149618,82.30451113374238,4.387019230769231,4.387019230769231,0.174468343156772,16.88701923076923
2036,10,1.14,96.48720298149618,82.30451113374238,3.514423076923077,3.514423076923077,0.14669724315012944,11.810096153846153
2036,10,1.5,96.48720298149618,82.30451113374238,2.170673076923077,2.170673076923077,0.10495477296347357,5.487980769230769
2036,11,1.0,147.8645593706894,84.80390638499853,6.860576923076923,6.860576923076923,0.25608906232937245,33.51682692307692
2036,11,1.14,147.8645593706894,84.80390638499853,5.4735576923076925,5.4735576923076925,0.2375259488891268,22.94471153846154
2036,11,1.5,147.8645593706894,84.80390638499853,3.637019230769231,3.637019230769231,0.1749248599163567,11.536057692307692
2036,12,1.0,203.9544413763309,87.60465052955955,8.379807692307692,8.379807692307692,0.295473428884099,43.91346153846154
2036,12,1.14,203.9544413763309,87.60465052955955,6.889423076923077,6.889423076923077,0.2779352305272815,31.173076923076923
2036,12,1.5,203.9544413763309,87.60465052955955,4.5048076923076925,4.5048076923076925,0.22927279991646,15.048076923076923
2037,1,1.0,180.4842842397356,87.44546475045385,7.069711538461538,7.069711538461538,0.2700445441039191,33.67067307692308
2037,1,1.14,180.4842842397356,87.44546475045385,5.795673076923077,5.795673076923077,0.25359144321255084,23.848557692307693
2037,1,1.5,180.4842842397356,87.44546475045385,3.798076923076923,3.798076923076923,0.205789887834348,11.879807692307692
2037,2,1.0,178.98501246515076,78.89612802820298,6.3798076923076925,6.3798076923076925,0.2600083607110398,26.83173076923077
2037,2,1.14,178.98501246515076,78.89612802820298,5.180288461538462,5.180288461538462,0.2357199943298669,18.891826923076923
2037,2,1.5,178.98501246515076,78.89612802820298,3.389423076923077,3.389423076923077,0.17190546076141752,9.55048076923077
2037,3,1.0,200.0290161044516,85.28962368024781,8.165865384615385,8.165865384615385,0.29650219350652096,39.79326923076923
2037,3,1.14,200.0290161044516,85.28962368024781,6.555288461538462,6.555288461538462,0.2765257376331615,26.545673076923077
2037,3,1.5,200.0290161044516,85.28962368024781,4.266826923076923,4.266826923076923,0.2145462166850229,12.41826923076923
2037,4,1.0,199.52919617985526,81.67221267758904,8.127403846153847,8.127403846153847,0.2843514953115057,41.49038461538461
2037,4,1.14,199.52919617985526,81.67221267758904,6.6514423076923075,6.6514423076923075,0.2623216629542756,28.870192307692307
2037,4,1.5,199.52919617985526,81.67221267758904,4.514423076923077,4.514423076923077,0.21927854119564025,14.307692307692308
2037,5,1.0,153.43455976477372,79.63560747757121,4.778846153846154,4.778846153846154,0.16653251464353092,22.75721153846154
2037,5,1.14,153.43455976477372,79.63560747757121,3.8725961538461537,3.8725961538461537,0.14694200590310016,15.903846153846153
2037,5,1.5,153.43455976477372,79.63560747757121,2.391826923076923,2.391826923076923,0.10295691330540903,6.9951923076923075
2037,6,1.0,71.97376641810767,70.68547256896227,1.5721153846153846,1.5721153846153846,0.06456491407689098,5.4014423076923075
2037,6,1.14,71.97376641810767,70.68547256896227,1.1802884615384615,1.1802884615384615,0.04989238833271638,3.2115384615384617
2037,6,1.5,71.97376641810767,70.68547256896227,0.7019230769230769,0.7019230769230769,0.03300380175380175,1.3942307692307692
2037,7,1.0,38.235671582459425,71.37207746412199,0.6201923076923077,0.6201923076923077,0.028250929092275244,1.3605769230769231
2037,7,1.14,38.235671582459425,71.37207746412199,0.46875,0.46875,0.02488266941391941,0.9086538461538461
2037,7,1.5,38.235671582459425,71.37207746412199,0.27403846153846156,0.27403846153846156,0.014623397435897436,0.43028846153846156
2037,8,1.0,27.693992824445523,73.79762521368312,0.49278846153846156,0.49278846153846156,0.020979961544865387,1.0576923076923077
2037,8,1.14,27.693992824445523,73.79762521368312,0.35096153846153844,0.35096153846153844,0.012891101953601953,0.6370192307692307
2037,8,1.5,27.693992824445523,73.79762521368312,0.2091346153846154,0.2091346153846154,0.0078525641025641,0.32211538461538464
2037,9,1.0,33.278637957286406,73.84233152063148,0.8173076923076923,0.8173076923076923,0.04586689352314352,1.625
2037,9,1.14,33.278637957286406,73.84233152063148,0.6274038461538461,0.6274038461538461,0.038848304473304465,1.1105769230769231
2037,9,1.5,33.278637957286406,73.84233152063148,0.35336538461538464,0.35336538461538464,0.01282051282051282,0.5024038461538461
2037,10,1.0,91.74245752352957,81.98724220159079,4.084134615384615,4.084134615384615,0.16194019911462035,15.463942307692308
2037,10,1.14,91.74245752352957,81.98724220159079,3.2524038461538463,3.2524038461538463,0.13643518783168002,10.596153846153847
2037,10,1.5,91.74245752352957,81.98724220159079,2.0336538461538463,2.0336538461538463,0.09818648906232,5.086538461538462
2037,11,1.0,143.68520002656282,84.64257300605702,6.427884615384615,6.427884615384615,0.2512782444056314,30.091346153846153
2037,11,1.14,143.68520002656282,84.64257300605702,5.180288461538462,5.180288461538462,0.2234212408663669,20.865384615384617
2037,11,1.5,143.68520002656282,84.64257300605702,3.4038461538461537,3.4038461538461537,0.16566869338135382,10.336538461538462
2037,12,1.0,192.82273316247145,86.96478653464656,7.752403846153846,7.752403846153846,0.2877028282724662,38.34855769230769
2037,12,1.14,192.82273316247145,86.96478653464656,6.375,6.375,0.2690240373811635,27.329326923076923
2037,12,1.5,192.82273316247145,86.96478653464656,4.137019230769231,4.137019230769231,0.21577089712909092,13.07451923076923
2038,1,1.0,173.47588765092001,86.82832574280818,6.40625,6.40625,0.2634991850744851,28.870192307692307
2038,1,1.14,173.47588765092001,86.82832574280818,5.2235576923076925,5.2235576923076925,0.24604239801331168,20.31971153846154
2038,1,1.5,173.47588765092001,86.82832574280818,3.420673076923077,3.420673076923077,0.1836964535178599,10.42548076923077
2038,2,1.0,172.94275626455368,78.52613913634274,5.944711538461538,5.944711538461538,0.2496229424817484,24.04326923076923
2038,2,1.14,172.94275626455368,78.52613913634274,4.872596153846154,4.872596153846154,0.22824540668784662,17.223557692307693
2038,2,1.5,172.94275626455368,78.52613913634274,3.1466346153846154,3.1466346153846154,0.15451791953715782,8.399038461538462
2038,3,1.0,200.92483760200747,85.42999316417294,8.055288461538462,8.055288461538462,0.2912313263484955,39.13701923076923
2038,3,1.14,200.92483760200747,85.42999316417294,6.4639423076923075,6.4639423076923075,0.27119204755492926,26.204326923076923
2038,3,1.5,200.92483760200747,85.42999316417294,4.15625,4.15625,0.20528751837544293,12.016826923076923
2038,4,1.0,200.5196047924139,81.59127035604939,8.108173076923077,8.108173076923077,0.27875245648920066,42.17548076923077
2038,4,1.14,200.5196047924139,81.59127035604939,6.699519230769231,6.699519230769231,0.2576328248029305,29.682692307692307
2038,4,1.5,200.5196047924139,81.59127035604939,4.5048076923076925,4.5048076923076925,0.213337365035922,14.495192307692308
2038,5,1.0,154.51772903649822,79.37453727197416,4.757211538461538,4.757211538461538,0.16864138271332807,22.682692307692307
2038,5,1.14,154.51772903649822,79.37453727197416,3.8028846153846154,3.8028846153846154,0.1404957978706736,15.680288461538462
2038,5,1.5,154.51772903649822,79.37453727197416,2.3485576923076925,2.3485576923076925,0.10580911455890482,6.954326923076923
2038,6,1.0,69.811762177171,70.62892818702561,1.4951923076923077,1.4951923076923077,0.05987478993421543,4.939903846153846
2038,6,1.14,69.811762177171,70.62892818702561,1.1322115384615385,1.1322115384615385,0.0503218827089652,3.016826923076923
2038,6,1.5,69.811762177171,70.62892818702561,0.6682692307692307,0.6682692307692307,0.032158119658119655,1.2884615384615385
2038,7,1.0,38.97302021122134,71.16019198972523,0.6538461538461539,0.6538461538461539,0.030562349642878486,1.4951923076923077
2038,7,1.14,38.97302021122134,71.16019198972523,0.49278846153846156,0.49278846153846156,0.023920350482850482,0.9783653846153846
2038,7,1.5,38.97302021122134,71.16019198972523,0.28365384615384615,0.28365384615384615,0.01266025641025641,0.4543269230769231
2038,8,1.0,27.27007990076656,73.00401260100817,0.46634615384615385,0.46634615384615385,0.021761298263702107,1.0432692307692308
2038,8,1.14,27.27007990076656,73.00401260100817,0.3557692307692308,0.3557692307692308,0.015341689560439558,0.7043269230769231
2038,8,1.5,27.27007990076656,73.00401260100817,0.20432692307692307,0.20432692307692307,0.008653846153846153,0.3245192307692308
2038,9,1.0,34.03144400354725,73.23318960180954,0.84375,0.84375,0.04663464206733437,1.7019230769230769
2038,9,1.14,34.03144400354725,73.23318960180954,0.6586538461538461,0.6586538461538461,0.039000149156399155,1.2067307692307692
2038,9,1.5,34.03144400354725,73.23318960180954,0.36778846153846156,0.36778846153846156,0.01690705128205128,0.5336538461538461
2038,10,1.0,94.69138290560593,81.67365892456064,4.09375,4.09375,0.16395441357809942,15.319711538461538
2038,10,1.14,94.69138290560593,81.67365892456064,3.3173076923076925,3.3173076923076925,0.13997478349148354,10.939903846153847
2038,10,1.5,94.69138290560593,81.67365892456064,2.014423076923077,2.014423076923077,0.09713222698284264,5.014423076923077
2038,11,1.0,143.3479248589126,84.18367200069632,6.298076923076923,6.298076923076923,0.251673705790668,29.427884615384617
2038,11,1.14,143.3479248589126,84.18367200069632,5.069711538461538,5.069711538461538,0.22330382537319646,20.076923076923077
2038,11,1.5,143.3479248589126,84.18367200069632,3.3389423076923075,3.3389423076923075,0.16364627087631517,9.992788461538462
2038,12,1.0,190.85582017440416,87.16424163255995,7.634615384615385,7.634615384615385,0.28525468207940324,37.81009615384615
2038,12,1.14,190.85582017440416,87.16424163255995,6.28125,6.28125,0.2661068705805446,26.997596153846153
2038,12,1.5,190.85582017440416,87.16424163255995,4.040865384615385,4.040865384615385,0.21378821877562645,12.932692307692308
2039,1,1.0,182.1750568437727,86.97392855483045,6.8076923076923075,6.8076923076923075,0.2709250984428974,30.963942307692307
2039,1,1.14,182.1750568437727,86.97392855483045,5.612980769230769,5.612980769230769,0.25070974605407614,22.276442307692307
2039,1,1.5,182.1750568437727,86.97392855483045,3.7211538461538463,3.7211538461538463,0.19704134422457287,11.504807692307692
2039,2,1.0,182.1008564481607,78.52335205593057,6.403846153846154,6.403846153846154,0.2671661547905517,26.841346153846153
2039,2,1.14,182.1008564481607,78.52335205593057,5.228365384615385,5.228365384615385,0.23984535672274493,19.146634615384617
2039,2,1.5,182.1008564481607,78.52335205593057,3.420673076923077,3.420673076923077,0.17812036395259392,9.608173076923077
2039,3,1.0,202.6815861958611,85.66967855370416,8.151442307692308,8.151442307692308,0.29509135367337797,39.02644230769231
2039,3,1.14,202.6815861958611,85.66967855370416,6.5625,6.5625,0.27415585740245885,26.326923076923077
2039,3,1.5,202.6815861958611,85.66967855370416,4.170673076923077,4.170673076923077,0.2060984030437816,12.026442307692308
2039,4,1.0,204.39259455099216,81.4946559786634,7.992788461538462,7.992788461538462,0.2840649348743402,40.37019230769231
2039,4,1.14,204.39259455099216,81.4946559786634,6.641826923076923,6.641826923076923,0.26102739069584036,28.838942307692307
2039,4,1.5,204.39259455099216,81.4946559786634,4.492788461538462,4.492788461538462,0.2199133167450023,14.1875
2039,5,1.0,152.50920823588697,79.3820847290709,4.889423076923077,4.889423076923077,0.16236281015310808,24.764423076923077
2039,5,1.14,152.50920823588697,79.3820847290709,3.8774038461538463,3.8774038461538463,0.14159285242255484,16.47596153846154
2039,5,1.5,152.50920823588697,79.3820847290709,2.391826923076923,2.391826923076923,0.10701725807669007,7.091346153846154
2039,6,1.0,68.85599676050191,70.44815150663983,1.4855769230769231,1.4855769230769231,0.05892942542115192,5.012019230769231
2039,6,1.14,68.85599676050191,70.44815150663983,1.1514423076923077,1.1514423076923077,0.04998134802561823,3.2139423076923075
2039,6,1.5,68.85599676050191,70.44815150663983,0.6682692307692307,0.6682692307692307,0.03305956196581196,1.3197115384615385
2039,7,1.0,38.86760677514353,70.93116045189018,0.65625,0.65625,0.028449221718452485,1.4423076923076923
2039,7,1.14,38.86760677514353,70.93116045189018,0.5048076923076923,0.5048076923076923,0.024212072649572647,0.9807692307692307
2039,7,1.5,38.86760677514353,70.93116045189018,0.2956730769230769,0.2956730769230769,0.01282051282051282,0.4807692307692308
2039,8,1.0,27.22495100352645,72.50905186178863,0.4375,0.4375,0.02040356144923452,0.9302884615384616
2039,8,1.14,27.22495100352645,72.50905186178863,0.33653846153846156,0.33653846153846156,0.014643429487179485,0.6466346153846154
2039,8,1.5,27.22495100352645,72.50905186178863,0.18990384615384615,0.18990384615384615,0.009134615384615383,0.28125
2039,9,1.0,35.79322709418562,72.82392080683081,0.9831730769230769,0.9831730769230769,0.05077639040980386,2.206730769230769
2039,9,1.14,35.79322709418562,72.82392080683081,0.7475961538461539,0.7475961538461539,0.043397487928737925,1.4663461538461537
2039,9,1.5,35.79322709418562,72.82392080683081,0.4182692307692308,0.4182692307692308,0.016237408424908423,0.6490384615384616
2039,10,1.0,90.23889194892688,80.8672527179778,3.8701923076923075,3.8701923076923075,0.15293110957688089,14.69951923076923
2039,10,1.14,90.23889194892688,80.8672527179778,3.144230769230769,3.144230769230769,0.13204874041687886,10.367788461538462
2039,10,1.5,90.23889194892688,80.8672527179778,1.9134615384615385,1.9134615384615385,0.09295901833256336,4.685096153846154
2039,11,1.0,147.1061854375655,83.72135733721618,6.461538461538462,6.461538461538462,0.2497426154341406,30.403846153846153
2039,11,1.14,147.1061854375655,83.72135733721618,5.194711538461538,5.194711538461538,0.22418262132697728,20.728365384615383
2039,11,1.5,147.1061854375655,83.72135733721618,3.389423076923077,3.389423076923077,0.16814616956886164,10.177884615384615
2039,12,1.0,189.09485503164393,87.19049266124095,7.591346153846154,7.591346153846154,0.2848045478878757,37.67307692307692
2039,12,1.14,189.09485503164393,87.19049266124095,6.2548076923076925,6.2548076923076925,0.2713043642418601,26.84375
2039,12,1.5,189.09485503164393,87.19049266124095,4.016826923076923,4.016826923076923,0.2133803478955777,12.990384615384615
2040,1,1.0,188.02433065102136,86.67926613315197,7.074519230769231,7.074519230769231,0.27646927258892,32.50961538461539
2040,1,1.14,188.02433065102136,86.67926613315197,5.752403846153846,5.752403846153846,0.2550414813466158,23.016826923076923
2040,1,1.5,188.02433065102136,86.67926613315197,3.8173076923076925,3.8173076923076925,0.20393673920816757,11.71875
2040,2,1.0,187.57393136031018,78.50944304028289,6.84375,6.84375,0.2754005341150232,29.463942307692307
2040,2,1.14,187.57393136031018,78.50944304028289,5.521634615384615,5.521634615384615,0.25437076390704394,20.44471153846154
2040,2,1.5,187.57393136031018,78.50944304028289,3.6322115384615383,3.6322115384615383,0.18784256370318764,10.341346153846153
2040,3,1.0,212.9535364443465,85.93075884663222,8.63701923076923,8.63701923076923,0.3007352955145928,43.91826923076923
2040,3,1.14,212.9535364443465,85.93075884663222,7.014423076923077,7.014423076923077,0.28551750663611514,29.723557692307693
2040,3,1.5,212.9535364443465,85.93075884663222,4.5048076923076925,4.5048076923076925,0.22811382707252584,13.548076923076923
2040,4,1.0,205.3170057049601,81.3090063669801,8.192307692307692,8.192307692307692,0.28688660588710596,42.03605769230769
2040,4,1.14,205.3170057049601,81.3090063669801,6.766826923076923,6.766826923076923,0.26717673779206186,29.495192307692307
2040,4,1.5,205.3170057049601,81.3090063669801,4.617788461538462,4.617788461538462,0.21909142745056678,14.639423076923077
2040,5,1.0,152.68453966246818,78.66834461587493,4.735576923076923,4.735576923076923,0.16269642771032505,24.165865384615383
2040,5,1.14,152.68453966246818,78.66834461587493,3.8149038461538463,3.8149038461538463,0.13947133471915904,16.223557692307693
2040,5,1.5,152.68453966246818,78.66834461587493,2.3533653846153846,2.3533653846153846,0.1038097926148397,6.971153846153846
2040,6,1.0,67.12877216404,69.98251620341837,1.4399038461538463,1.4399038461538463,0.05488315107114114,4.927884615384615
2040,6,1.14,67.12877216404,69.98251620341837,1.1346153846153846,1.1346153846153846,0.04886497498576541,3.1875
2040,6,1.5,67.12877216404,69.98251620341837,0.6610576923076923,0.6610576923076923,0.03333531452521837,1.3509615384615385
2040,7,1.0,35.90706622827746,70.65355025415718,0.5889423076923077,0.5889423076923077,0.026549839049839048,1.2259615384615385
2040,7,1.14,35.90706622827746,70.65355025415718,0.46634615384615385,0.46634615384615385,0.020364964896214897,0.8774038461538461
2040,7,1.5,35.90706622827746,70.65355025415718,0.2764423076923077,0.2764423076923077,0.012940705128205127,0.43028846153846156
2040,8,1.0,25.82098282940732,72.10651496520174,0.43028846153846156,0.43028846153846156,0.02050775746689208,0.9230769230769231
2040,8,1.14,25.82098282940732,72.10651496520174,0.32211538461538464,0.32211538461538464,0.015950455794205794,0.6418269230769231
2040,8,1.5,25.82098282940732,72.10651496520174,0.18028846153846154,0.18028846153846154,0.006049679487179487,0.27403846153846156
2040,9,1.0,34.724948733519284,72.2432160854166,0.9375,0.9375,0.04986708559424905,2.0913461538461537
2040,9,1.14,34.724948733519284,72.2432160854166,0.6947115384615384,0.6947115384615384,0.04124885531135531,1.3485576923076923
2040,9,1.5,34.724948733519284,72.2432160854166,0.3918269230769231,0.3918269230769231,0.015876831501831497,0.59375
2040,10,1.0,90.72168004247503,80.4975721239021,3.8677884615384617,3.8677884615384617,0.14732470396114608,14.639423076923077
2040,10,1.14,90.72168004247503,80.4975721239021,3.144230769230769,3.144230769230769,0.13014918247028764,10.40625
2040,10,1.5,90.72168004247503,80.4975721239021,1.9350961538461537,1.9350961538461537,0.09751760416757377,4.8125
2040,11,1.0,145.42640100452022,83.72778827851835,6.269230769230769,6.269230769230769,0.2485291840867336,28.22596153846154
2040,11,1.14,145.42640100452022,83.72778827851835,5.033653846153846,5.033653846153846,0.21746208189974217,19.03125
2040,11,1.5,145.42640100452022,83.72778827851835,3.34375,3.34375,0.17082506319547042,9.733173076923077
2040,12,1.0,186.3363329885616,87.30672419287855,7.552884615384615,7.552884615384615,0.28579083422679624,37.77884615384615
2040,12,1.14,186.3363329885616,87.30672419287855,6.235576923076923,6.235576923076923,0.2769107154331892,26.98798076923077
2040,12,1.5,186.3363329885616,87.30672419287855,4.024038461538462,4.024038461538462,0.2097393438232284,13.088942307692308
2041,1,1.0,188.25746705043508,86.51100424400576,7.115384615384615,7.115384615384615,0.2853905679069206,32.30288461538461
2041,1,1.14,188.25746705043508,86.51100424400576,5.84375,5.84375,0.256757898283703,23.466346153846153
2041,1,1.5,188.25746705043508,86.51100424400576,3.8389423076923075,3.8389423076923075,0.20195948049112095,11.716346153846153
2041,2,1.0,192.27587967771385,78.19929100890482,7.2235576923076925,7.2235576923076925,0.2834826377806228,32.03365384615385
2041,2,1.14,192.27587967771385,78.19929100890482,5.927884615384615,5.927884615384615,0.25600721156687667,22.384615384615383
2041,2,1.5,192.27587967771385,78.19929100890482,3.831730769230769,3.831730769230769,0.19806984330180927,10.973557692307692
2041,3,1.0,213.66989150483934,86.1992796839125,8.774038461538462,8.774038461538462,0.3018300410393868,45.35576923076923
2041,3,1.14,213.66989150483934,86.1992796839125,7.110576923076923,7.110576923076923,0.2837945114707808,30.47596153846154
2041,3,1.5,213.66989150483934,86.1992796839125,4.572115384615385,4.572115384615385,0.22598233494149916,13.990384615384615
2041,4,1.0,207.66791904677035,80.8183048914694,8.161057692307692,8.161057692307692,0.285978353595039,42.31009615384615
2041,4,1.14,207.66791904677035,80.8183048914694,6.7451923076923075,6.7451923076923075,0.2682953455399515,29.75721153846154
2041,4,1.5,207.66791904677035,80.8183048914694,4.600961538461538,4.600961538461538,0.2144614535997949,14.713942307692308
2041,5,1.0,152.33690698935004,78.36861614445169,4.8076923076923075,4.8076923076923075,0.15676655297677763,24.579326923076923
2041,5,1.14,152.33690698935004,78.36861614445169,3.887019230769231,3.887019230769231,0.13518461594330156,16.76201923076923
2041,5,1.5,152.33690698935004,78.36861614445169,2.3677884615384617,2.3677884615384617,0.10059194110497448,7.019230769230769
2041,6,1.0,65.87504062930041,69.74801168189363,1.4014423076923077,1.4014423076923077,0.057213521903322524,4.653846153846154
2041,6,1.14,65.87504062930041,69.74801168189363,1.0865384615384615,1.0865384615384615,0.04982686640010184,2.9134615384615383
2041,6,1.5,65.87504062930041,69.74801168189363,0.6394230769230769,0.6394230769230769,0.030587988400488396,1.2331730769230769
2041,7,1.0,35.58628192496545,70.36155627033659,0.5576923076923077,0.5576923076923077,0.026447250666000663,1.1225961538461537
2041,7,1.14,35.58628192496545,70.36155627033659,0.4375,0.4375,0.018150946275946274,0.7932692307692307
2041,7,1.5,35.58628192496545,70.36155627033659,0.2548076923076923,0.2548076923076923,0.009975961538461538,0.3870192307692308
2041,8,1.0,24.18107399244011,71.7474420661819,0.375,0.375,0.020500960044229275,0.8004807692307693
2041,8,1.14,24.18107399244011,71.7474420661819,0.3076923076923077,0.3076923076923077,0.014942349317349316,0.5961538461538461
2041,8,1.5,24.18107399244011,71.7474420661819,0.15625,0.15625,0.004687499999999999,0.2283653846153846
2041,9,1.0,33.65358650604347,71.83546128666922,0.8509615384615384,0.8509615384615384,0.047620668594226284,1.8485576923076923
2041,9,1.14,33.65358650604347,71.83546128666922,0.6394230769230769,0.6394230769230769,0.03917835636585636,1.2211538461538463
2041,9,1.5,33.65358650604347,71.83546128666922,0.35096153846153844,0.35096153846153844,0.013776327838827837,0.5240384615384616
2041,10,1.0,86.22968726853605,80.05469434810023,3.641826923076923,3.641826923076923,0.13732698617306396,13.625
2041,10,1.14,86.22968726853605,80.05469434810023,2.9399038461538463,2.9399038461538463,0.1265726929116911,9.447115384615385
2041,10,1.5,86.22968726853605,80.05469434810023,1.7860576923076923,1.7860576923076923,0.08896540685191999,4.247596153846154
2041,11,1.0,148.08512970446893,83.72220597172473,6.502403846153846,6.502403846153846,0.2615684132496584,29.829326923076923
2041,11,1.14,148.08512970446893,83.72220597172473,5.201923076923077,5.201923076923077,0.2285779004336178,20.23798076923077
2041,11,1.5,148.08512970446893,83.72220597172473,3.4783653846153846,3.4783653846153846,0.17227133592548338,10.36298076923077
2041,12,1.0,189.0008903817075,87.02212061719631,7.560096153846154,7.560096153846154,0.2894706630521126,37.61538461538461
2041,12,1.14,189.0008903817075,87.02212061719631,6.189903846153846,6.189903846153846,0.27616339953941815,26.82451923076923
2041,12,1.5,189.0008903817075,87.02212061719631,3.987980769230769,3.987980769230769,0.20816373274230793,12.932692307692308
2042,1,1.0,183.58145916390424,86.32438477767242,6.680288461538462,6.680288461538462,0.2694462122183643,29.685096153846153
2042,1,1.14,183.58145916390424,86.32438477767242,5.4951923076923075,5.4951923076923075,0.25462550156935987,21.20673076923077
2042,1,1.5,183.58145916390424,86.32438477767242,3.6153846153846154,3.6153846153846154,0.19302559904954883,10.819711538461538
2042,2,1.0,186.71250278513227,78.14479584922668,6.980769230769231,6.980769230769231,0.27748623841306846,30.665865384615383
2042,2,1.14,186.71250278513227,78.14479584922668,5.677884615384615,5.677884615384615,0.2561420644160592,21.44951923076923
2042,2,1.5,186.71250278513227,78.14479584922668,3.699519230769231,3.699519230769231,0.19013963334225598,10.627403846153847
2042,3,1.0,209.82028824397463,85.9743762584391,8.711538461538462,8.711538461538462,0.30555214022018473,44.80528846153846
2042,3,1.14,209.82028824397463,85.9743762584391,7.060096153846154,7.060096153846154,0.288030331880397,30.22596153846154
2042,3,1.5,209.82028824397463,85.9743762584391,4.519230769230769,4.519230769230769,0.2324969810765524,13.735576923076923
2042,4,1.0,204.45350779918428,80.57064735412555,7.983173076923077,7.983173076923077,0.28799056254986904,40.00961538461539
2042,4,1.14,204.45350779918428,80.57064735412555,6.5576923076923075,6.5576923076923075,0.268110979194867,27.88701923076923
2042,4,1.5,204.45350779918428,80.57064735412555,4.502403846153846,4.502403846153846,0.21963482809226445,13.966346153846153
2042,5,1.0,152.94857937958096,78.13947602125087,4.8389423076923075,4.8389423076923075,0.15796783691336014,24.653846153846153
2042,5,1.14,152.94857937958096,78.13947602125087,3.923076923076923,3.923076923076923,0.13656815154660001,16.8125
2042,5,1.5,152.94857937958096,78.13947602125087,2.3653846153846154,2.3653846153846154,0.09778122153026633,6.8798076923076925
2042,6,1.0,67.98516259123434,69.48148548324971,1.4206730769230769,1.4206730769230769,0.05952647677273331,4.5889423076923075
2042,6,1.14,67.98516259123434,69.48148548324971,1.0985576923076923,1.0985576923076923,0.05027571903046346,2.925480769230769
2042,6,1.5,67.98516259123434,69.48148548324971,0.6610576923076923,0.6610576923076923,0.032132550942647095,1.2908653846153846
2042,7,1.0,35.15886121389177,70.0962173112972,0.5432692307692307,0.5432692307692307,0.0265772422022422,1.0673076923076923
2042,7,1.14,35.15886121389177,70.0962173112972,0.4375,0.4375,0.018051739926739925,0.7860576923076923
2042,7,1.5,35.15886121389177,70.0962173112972,0.25240384615384615,0.25240384615384615,0.010176282051282052,0.38221153846153844
2042,8,1.0,25.11348211713914,71.72363406950969,0.40865384615384615,0.40865384615384615,0.020703948828948826,0.8846153846153846
2042,8,1.14,25.11348211713914,71.72363406950969,0.31490384615384615,0.31490384615384615,0.015341689560439558,0.6129807692307693
2042,8,1.5,25.11348211713914,71.72363406950969,0.18269230769230768,0.18269230769230768,0.01013621794871795,0.27884615384615385
2042,9,1.0,33.99734336385691,71.70101782111483,0.8461538461538461,0.8461538461538461,0.0456583747449132,1.8004807692307692
2042,9,1.14,33.99734336385691,71.70101782111483,0.6466346153846154,0.6466346153846154,0.03918694153069153,1.1995192307692308
2042,9,1.5,33.99734336385691,71.70101782111483,0.34615384615384615,0.34615384615384615,0.01333562271062271,0.5096153846153846
2042,10,1.0,87.47308771784492,79.96076099490317,3.7475961538461537,3.7475961538461537,0.14248679485226362,14.288461538461538
2042,10,1.14,87.47308771784492,79.96076099490317,2.9735576923076925,2.9735576923076925,0.1289908489035573,9.600961538461538
2042,10,1.5,87.47308771784492,79.96076099490317,1.8197115384615385,1.8197115384615385,0.09096542439684036,4.3485576923076925
2042,11,1.0,151.26709773543269,83.70336297373363,6.456730769230769,6.456730769230769,0.2638952297906263,29.423076923076923
2042,11,1.14,151.26709773543269,83.70336297373363,5.225961538461538,5.225961538461538,0.23164227679742508,20.51923076923077
2042,11,1.5,151.26709773543269,83.70336297373363,3.4447115384615383,3.4447115384615383,0.1708563502676132,10.182692307692308
2042,12,1.0,187.85439230359978,87.08253750044128,7.394230769230769,7.394230769230769,0.2848635382320232,36.07692307692308
2042,12,1.14,187.85439230359978,87.08253750044128,6.072115384615385,6.072115384615385,0.26907306985493257,25.459134615384617
2042,12,1.5,187.85439230359978,87.08253750044128,3.889423076923077,3.889423076923077,0.20079282885732092,12.103365384615385
2043,1,1.0,183.4262715607676,86.0536234984905,6.576923076923077,6.576923076923077,0.2686542862586476,28.872596153846153
2043,1,1.14,183.4262715607676,86.0536234984905,5.360576923076923,5.360576923076923,0.2504597667964764,20.348557692307693
2043,1,1.5,183.4262715607676,86.0536234984905,3.53125,3.53125,0.18506116159132333,10.305288461538462
2043,2,1.0,187.3953164761141,77.7918808354844,6.853365384615385,6.853365384615385,0.2700913024476344,29.723557692307693
2043,2,1.14,187.3953164761141,77.7918808354844,5.6201923076923075,5.6201923076923075,0.2503893291264175,21.286057692307693
2043,2,1.5,187.3953164761141,77.7918808354844,3.668269230769231,3.668269230769231,0.19435147859492716,10.439903846153847
2043,3,1.0,214.8824557616672,85.60020274017825,9.086538461538462,9.086538461538462,0.3083997060396873,48.37980769230769
2043,3,1.14,214.8824557616672,85.60020274017825,7.355769230769231,7.355769230769231,0.2881825575242179,32.25480769230769
2043,3,1.5,214.8824557616672,85.60020274017825,4.737980769230769,4.737980769230769,0.23861841366026068,14.735576923076923
2043,4,1.0,210.1893509097156,80.19758711932744,8.141826923076923,8.141826923076923,0.28930682275396874,41.75961538461539
2043,4,1.14,210.1893509097156,80.19758711932744,6.742788461538462,6.742788461538462,0.27062196163157326,29.401442307692307
2043,4,1.5,210.1893509097156,80.19758711932744,4.610576923076923,4.610576923076923,0.21853549494082739,14.557692307692308
2043,5,1.0,152.11200995629022,78.10082727646969,4.7451923076923075,4.7451923076923075,0.15334410272548651,24.009615384615383
2043,5,1.14,152.11200995629022,78.10082727646969,3.8461538461538463,3.8461538461538463,0.13085615549067675,16.653846153846153
2043,5,1.5,152.11200995629022,78.10082727646969,2.3461538461538463,2.3461538461538463,0.09209284608729798,6.920673076923077
2043,6,1.0,69.11033293667447,69.19993512072384,1.4831730769230769,1.4831730769230769,0.0626633878412204,4.915865384615385
2043,6,1.14,69.11033293667447,69.19993512072384,1.1634615384615385,1.1634615384615385,0.05692075516717544,3.235576923076923
2043,6,1.5,69.11033293667447,69.19993512072384,0.6875,0.6875,0.034886727855477855,1.3485576923076923
2043,7,1.0,35.78307193419633,69.91603589464404,0.5649038461538461,0.5649038461538461,0.029385631729381727,1.1394230769230769
2043,7,1.14,35.78307193419633,69.91603589464404,0.4495192307692308,0.4495192307692308,0.018790064102564098,0.8004807692307693
2043,7,1.5,35.78307193419633,69.91603589464404,0.27403846153846156,0.27403846153846156,0.012940705128205127,0.42788461538461536
2043,8,1.0,24.24855862242686,71.63915887922816,0.38461538461538464,0.38461538461538464,0.021639838526857753,0.84375
2043,8,1.14,24.24855862242686,71.63915887922816,0.3076923076923077,0.3076923076923077,0.015655958624708623,0.5961538461538461
2043,8,1.5,24.24855862242686,71.63915887922816,0.15625,0.15625,0.005408653846153846,0.23317307692307693
2043,9,1.0,37.611284206445376,72.0339507347527,1.0216346153846154,1.0216346153846154,0.05544784075433114,2.3221153846153846
2043,9,1.14,37.611284206445376,72.0339507347527,0.7908653846153846,0.7908653846153846,0.04304046647796648,1.5504807692307692
2043,9,1.5,37.611284206445376,72.0339507347527,0.43028846153846156,0.43028846153846156,0.021422847985347986,0.6730769230769231
2043,10,1.0,90.12354712226661,80.11150308666863,3.9038461538461537,3.9038461538461537,0.1462086909472205,14.939903846153847
2043,10,1.14,90.12354712226661,80.11150308666863,3.09375,3.09375,0.1288728615976321,10.182692307692308
2043,10,1.5,90.12354712226661,80.11150308666863,1.8966346153846154,1.8966346153846154,0.09235689700727878,4.584134615384615
2043,11,1.0,152.39518263784683,83.76121365409372,6.560096153846154,6.560096153846154,0.26312983435195936,29.846153846153847
2043,11,1.14,152.39518263784683,83.76121365409372,5.269230769230769,5.269230769230769,0.23729906595054912,20.603365384615383
2043,11,1.5,152.39518263784683,83.76121365409372,3.483173076923077,3.483173076923077,0.17464240315716506,10.295673076923077
2043,12,1.0,189.4680204479161,87.09180204173514,7.293269230769231,7.293269230769231,0.28491922186616053,34.95913461538461
2043,12,1.14,189.4680204479161,87.09180204173514,6.009615384615385,6.009615384615385,0.26923232452813833,25.108173076923077
2043,12,1.5,189.4680204479161,87.09180204173514,3.8533653846153846,3.8533653846153846,0.19521187644757132,11.875
2044,1,1.0,185.31193517485005,86.20756504701397,6.670673076923077,6.670673076923077,0.2730080297812268,29.572115384615383
2044,1,1.14,185.31193517485005,86.20756504701397,5.478365384615385,5.478365384615385,0.24741735483653132,20.92548076923077
2044,1,1.5,185.31193517485005,86.20756504701397,3.6538461538461537,3.6538461538461537,0.20027595786053107,10.858173076923077
2044,2,1.0,185.48335506231746,77.29970018555616,6.800480769230769,6.800480769230769,0.2667070457437186,29.39423076923077
2044,2,1.14,185.48335506231746,77.29970018555616,5.512019230769231,5.512019230769231,0.24889751972892252,20.875
2044,2,1.5,185.48335506231746,77.29970018555616,3.610576923076923,3.610576923076923,0.188577546620684,10.401442307692308
2044,3,1.0,213.02983036066283,85.16481734904121,8.9375,8.9375,0.30921170219183125,46.93269230769231
2044,3,1.14,213.02983036066283,85.16481734904121,7.269230769230769,7.269230769230769,0.2868468500769837,31.64903846153846
2044,3,1.5,213.02983036066283,85.16481734904121,4.742788461538462,4.742788461538462,0.2415541785286341,14.774038461538462
2044,4,1.0,212.83463792769624,79.74160904119461,8.274038461538462,8.274038461538462,0.28969366435265637,43.26682692307692
2044,4,1.14,212.83463792769624,79.74160904119461,6.903846153846154,6.903846153846154,0.2735975021883382,30.875
2044,4,1.5,212.83463792769624,79.74160904119461,4.6875,4.6875,0.2201950380199637,15.038461538461538
2044,5,1.0,154.6816470444178,78.16509749559651,5.0,5.0,0.16355680854672375,24.802884615384617
2044,5,1.14,154.6816470444178,78.16509749559651,4.043269230769231,4.043269230769231,0.1429660489712707,17.098557692307693
2044,5,1.5,154.6816470444178,78.16509749559651,2.485576923076923,2.485576923076923,0.10202102815246142,7.290865384615385
2044,6,1.0,71.4372876716992,68.92153983779501,1.5673076923076923,1.5673076923076923,0.06603272908370011,5.459134615384615
2044,6,1.14,71.4372876716992,68.92153983779501,1.2331730769230769,1.2331730769230769,0.05701882605965617,3.5889423076923075
2044,6,1.5,71.4372876716992,68.92153983779501,0.7307692307692307,0.7307692307692307,0.03765323218448218,1.4639423076923077
2044,7,1.0,36.779272405336876,70.03214446676554,0.5865384615384616,0.5865384615384616,0.030309360778110774,1.1995192307692308
2044,7,1.14,36.779272405336876,70.03214446676554,0.4735576923076923,0.4735576923076923,0.020832379426129425,0.8701923076923077
2044,7,1.5,36.779272405336876,70.03214446676554,0.2860576923076923,0.2860576923076923,0.01654647435897436,0.4567307692307692
2044,8,1.0,26.213093016970316,71.87007163013756,0.43509615384615385,0.43509615384615385,0.024636654744827822,0.9591346153846154
2044,8,1.14,26.213093016970316,71.87007163013756,0.3389423076923077,0.3389423076923077,0.016601107226107224,0.6682692307692307
2044,8,1.5,26.213093016970316,71.87007163013756,0.18269230769230768,0.18269230769230768,0.00673076923076923,0.27884615384615385
2044,9,1.0,41.46601835218467,72.52007877891062,1.1658653846153846,1.1658653846153846,0.05585734711335673,2.71875
2044,9,1.14,41.46601835218467,72.52007877891062,0.8918269230769231,0.8918269230769231,0.04383747262353031,1.8173076923076923
2044,9,1.5,41.46601835218467,72.52007877891062,0.4879807692307692,0.4879807692307692,0.026883012820512815,0.7692307692307693
2044,10,1.0,97.7036711877842,81.00606888885393,4.449519230769231,4.449519230769231,0.16652727022062216,18.01201923076923
2044,10,1.14,97.7036711877842,81.00606888885393,3.5576923076923075,3.5576923076923075,0.14230842478383313,12.461538461538462
2044,10,1.5,97.7036711877842,81.00606888885393,2.1538461538461537,2.1538461538461537,0.10107086619388654,5.569711538461538
2044,11,1.0,158.07306892503965,84.28109427282249,6.9014423076923075,6.9014423076923075,0.275363654538599,32.23557692307692
2044,11,1.14,158.07306892503965,84.28109427282249,5.550480769230769,5.550480769230769,0.2517277820802033,22.16346153846154
2044,11,1.5,158.07306892503965,84.28109427282249,3.639423076923077,3.639423076923077,0.18136155152868338,10.90625
2044,12,1.0,194.17966255829202,86.91158278114337,7.538461538461538,7.538461538461538,0.28923182493844335,36.92307692307692
2044,12,1.14,194.17966255829202,86.91158278114337,6.228365384615385,6.228365384615385,0.27505169771031823,26.165865384615383
2044,12,1.5,194.17966255829202,86.91158278114337,4.028846153846154,4.028846153846154,0.2068501719216385,12.528846153846153
2045,1,1.0,187.11934800118965,86.75271495596033,6.819711538461538,6.819711538461538,0.27128934192938103,30.401442307692307
2045,1,1.14,187.11934800118965,86.75271495596033,5.6875,5.6875,0.25125839355913726,22.19951923076923
2045,1,1.5,187.11934800118965,86.75271495596033,3.7403846153846154,3.7403846153846154,0.20278672342435286,11.19951923076923
2045,2,1.0,180.83480561275653,77.5617103826477,6.4423076923076925,6.4423076923076925,0.260941278656083,27.096153846153847
2045,2,1.14,180.83480561275653,77.5617103826477,5.225961538461538,5.225961538461538,0.23715735254016948,19.16826923076923
2045,2,1.5,180.83480561275653,77.5617103826477,3.4663461538461537,3.4663461538461537,0.17414880759068918,9.83173076923077
2045,3,1.0,207.70153805654274,85.2099342121743,8.334134615384615,8.334134615384615,0.30555733621489967,41.06490384615385
2045,3,1.14,207.70153805654274,85.2099342121743,6.8076923076923075,6.8076923076923075,0.2846729313108958,28.09375
2045,3,1.5,207.70153805654274,85.2099342121743,4.403846153846154,4.403846153846154,0.23952770859343875,13.064903846153847
2045,4,1.0,211.58539980780722,79.5024457908821,8.079326923076923,8.079326923076923,0.2923580424971799,41.13942307692308
2045,4,1.14,211.58539980780722,79.5024457908821,6.709134615384615,6.709134615384615,0.2701283559856008,29.302884615384617
2045,4,1.5,211.58539980780722,79.5024457908821,4.591346153846154,4.591346153846154,0.21978483143785815,14.451923076923077
2045,5,1.0,157.20686951128513,78.18678891915845,5.040865384615385,5.040865384615385,0.16719104164047438,25.067307692307693
2045,5,1.14,157.20686951128513,78.18678891915845,4.0360576923076925,4.0360576923076925,0.14195937907438452,16.995192307692307
2045,5,1.5,157.20686951128513,78.18678891915845,2.550480769230769,2.550480769230769,0.10580775164498067,7.548076923076923
2045,6,1.0,71.30450700502237,69.14585904167919,1.5408653846153846,1.5408653846153846,0.06289274220527209,5.300480769230769
2045,6,1.14,71.30450700502237,69.14585904167919,1.2475961538461537,1.2475961538461537,0.058726048755915625,3.641826923076923
2045,6,1.5,71.30450700502237,69.14585904167919,0.7163461538461539,0.7163461538461539,0.037793803418803416,1.4350961538461537
2045,7,1.0,38.141000591744216,70.10151418859691,0.59375,0.59375,0.030511328948828947,1.2307692307692308
2045,7,1.14,38.141000591744216,70.10151418859691,0.4735576923076923,0.4735576923076923,0.02429220085470085,0.8605769230769231
2045,7,1.5,38.141000591744216,70.10151418859691,0.2860576923076923,0.2860576923076923,0.01734775641025641,0.4543269230769231
2045,8,1.0,27.101863107550113,72.25355464904625,0.47115384615384615,0.47115384615384615,0.02628432598384521,1.0480769230769231
2045,8,1.14,27.101863107550113,72.25355464904625,0.34615384615384615,0.34615384615384615,0.01566220238095238,0.6850961538461539
2045,8,1.5,27.101863107550113,72.25355464904625,0.1875,0.1875,0.005809294871794871,0.2764423076923077
2045,9,1.0,40.04509107415716,72.56926478599397,1.0673076923076923,1.0673076923076923,0.052951849165791466,2.3846153846153846
2045,9,1.14,40.04509107415716,72.56926478599397,0.8269230769230769,0.8269230769230769,0.04376699689199689,1.625
2045,9,1.5,40.04509107415716,72.56926478599397,0.4567307692307692,0.4567307692307692,0.023861034798534797,0.7019230769230769
2045,10,1.0,98.65050235279328,81.59135583125857,4.4326923076923075,4.4326923076923075,0.1645297565121326,17.591346153846153
2045,10,1.14,98.65050235279328,81.59135583125857,3.543269230769231,3.543269230769231,0.1392404458867304,12.100961538461538
2045,10,1.5,98.65050235279328,81.59135583125857,2.112980769230769,2.112980769230769,0.10364209669940945,5.334134615384615
2045,11,1.0,154.0883077621083,84.4052304870759,6.521634615384615,6.521634615384615,0.26683901059191456,29.39903846153846
2045,11,1.14,154.0883077621083,84.4052304870759,5.295673076923077,5.295673076923077,0.2427031988685804,20.564903846153847
2045,11,1.5,154.0883077621083,84.4052304870759,3.5264423076923075,3.5264423076923075,0.1714122771459675,10.463942307692308
2045,12,1.0,195.4300129776389,87.24921068861603,7.677884615384615,7.677884615384615,0.2905776852595945,37.87259615384615
2045,12,1.14,195.4300129776389,87.24921068861603,6.28125,6.28125,0.281301491995169,26.677884615384617
2045,12,1.5,195.4300129776389,87.24921068861603,4.108173076923077,4.108173076923077,0.21194763000520048,12.838942307692308
2046,1,1.0,184.59427310485063,86.59930657262278,6.673076923076923,6.673076923076923,0.2680701830359319,28.884615384615383
2046,1,1.14,184.59427310485063,86.59930657262278,5.497596153846154,5.497596153846154,0.24741041306764253,20.74278846153846
2046,1,1.5,184.59427310485063,86.59930657262278,3.6274038461538463,3.6274038461538463,0.20483722389203013,10.610576923076923
2046,2,1.0,174.8827631063383,77.47946669478534,6.418269230769231,6.418269230769231,0.258504541519937,27.30048076923077
2046,2,1.14,174.8827631063383,77.47946669478534,5.185096153846154,5.185096153846154,0.241113609483185,19.235576923076923
2046,2,1.5,174.8827631063383,77.47946669478534,3.4038461538461537,3.4038461538461537,0.1713867683971708,9.682692307692308
2046,3,1.0,209.52016984678733,85.37812695213987,8.21875,8.21875,0.30413629736639014,40.31730769230769
2046,3,1.14,209.52016984678733,85.37812695213987,6.733173076923077,6.733173076923077,0.2839053817681938,27.858173076923077
2046,3,1.5,209.52016984678733,85.37812695213987,4.293269230769231,4.293269230769231,0.23127800962267758,12.704326923076923
2046,4,1.0,208.41312458027298,79.72589197118158,7.913461538461538,7.913461538461538,0.28333871237834074,40.28605769230769
2046,4,1.14,208.41312458027298,79.72589197118158,6.574519230769231,6.574519230769231,0.26595648140020584,28.379807692307693
2046,4,1.5,208.41312458027298,79.72589197118158,4.475961538461538,4.475961538461538,0.21486913189547094,13.939903846153847
2046,5,1.0,151.94633705822847,77.97296820961081,4.6826923076923075,4.6826923076923075,0.15929639956730332,23.26923076923077
2046,5,1.14,151.94633705822847,77.97296820961081,3.798076923076923,3.798076923076923,0.14184912408595962,16.072115384615383
2046,5,1.5,151.94633705822847,77.97296820961081,2.324519230769231,2.324519230769231,0.1010046905613579,6.899038461538462
2046,6,1.0,70.86893055710335,69.04498913108581,1.5432692307692308,1.5432692307692308,0.06605790023546183,5.382211538461538
2046,6,1.14,70.86893055710335,69.04498913108581,1.2355769230769231,1.2355769230769231,0.06018733781491655,3.5625
2046,6,1.5,70.86893055710335,69.04498913108581,0.7139423076923077,0.7139423076923077,0.038700709013209,1.4254807692307692
2046,7,1.0,37.81847023108121,70.00276072550415,0.6009615384615384,0.6009615384615384,0.03025455447330447,1.2163461538461537
2046,7,1.14,37.81847023108121,70.00276072550415,0.47596153846153844,0.47596153846153844,0.025205090048840046,0.9038461538461539
2046,7,1.5,37.81847023108121,70.00276072550415,0.2860576923076923,0.2860576923076923,0.01173878205128205,0.4519230769230769
2046,8,1.0,26.415364320925235,71.90467613584339,0.4423076923076923,0.4423076923076923,0.022728746947496943,0.9519230769230769
2046,8,1.14,26.415364320925235,71.90467613584339,0.33413461538461536,0.33413461538461536,0.020447000915750912,0.625
2046,8,1.5,26.415364320925235,71.90467613584339,0.18509615384615385,0.18509615384615385,0.006891025641025641,0.2692307692307692
2046,9,1.0,40.07084457417154,72.00457396280798,1.0649038461538463,1.0649038461538463,0.049977733271002495,2.34375
2046,9,1.14,40.07084457417154,72.00457396280798,0.8341346153846154,0.8341346153846154,0.04342876007539469,1.6346153846153846
2046,9,1.5,40.07084457417154,72.00457396280798,0.44711538461538464,0.44711538461538464,0.0228021978021978,0.6682692307692307
2046,10,1.0,99.42848701048457,81.31549108897777,4.459134615384615,4.459134615384615,0.1628162867340045,17.814903846153847
2046,10,1.14,99.42848701048457,81.31549108897777,3.5288461538461537,3.5288461538461537,0.14310332408156845,12.288461538461538
2046,10,1.5,99.42848701048457,81.31549108897777,2.170673076923077,2.170673076923077,0.10820152479605558,5.550480769230769
2046,11,1.0,156.6892335929335,84.02329496249419,6.5048076923076925,6.5048076923076925,0.26895658598278005,28.78125
2046,11,1.14,156.6892335929335,84.02329496249419,5.310096153846154,5.310096153846154,0.25048969721409275,20.766826923076923
2046,11,1.5,156.6892335929335,84.02329496249419,3.5072115384615383,3.5072115384615383,0.17313502179007673,10.264423076923077
2046,12,1.0,189.75040174516457,87.05439374203121,7.478365384615385,7.478365384615385,0.28779818039169647,36.63221153846154
2046,12,1.14,189.75040174516457,87.05439374203121,6.081730769230769,6.081730769230769,0.27081743644273343,25.47596153846154
2046,12,1.5,189.75040174516457,87.05439374203121,3.980769230769231,3.980769230769231,0.2076985172855768,12.444711538461538
2047,1,1.0,181.25803519940206,86.42971626514216,6.685096153846154,6.685096153846154,0.2718303001594297,28.745192307692307
2047,1,1.14,181.25803519940206,86.42971626514216,5.490384615384615,5.490384615384615,0.2482579740621467,20.622596153846153
2047,1,1.5,181.25803519940206,86.42971626514216,3.6153846153846154,3.6153846153846154,0.20414915825723295,10.53125
2047,2,1.0,178.19513224159482,77.66902208362822,6.762019230769231,6.762019230769231,0.2647139650889647,29.81971153846154
2047,2,1.14,178.19513224159482,77.66902208362822,5.483173076923077,5.483173076923077,0.24538850815389887,20.963942307692307
2047,2,1.5,178.19513224159482,77.66902208362822,3.5576923076923075,3.5576923076923075,0.18149602903939008,10.524038461538462
2047,3,1.0,215.05759363160772,85.4517843397445,8.319711538461538,8.319711538461538,0.30251482638964444,41.56971153846154
2047,3,1.14,215.05759363160772,85.4517843397445,6.814903846153846,6.814903846153846,0.28267491807965917,28.48798076923077
2047,3,1.5,215.05759363160772,85.4517843397445,4.430288461538462,4.430288461538462,0.23641348204532234,13.379807692307692
2047,4,1.0,209.81287649162488,80.04201406451382,7.855769230769231,7.855769230769231,0.2791217381069862,40.47596153846154
2047,4,1.14,209.81287649162488,80.04201406451382,6.540865384615385,6.540865384615385,0.2601163459357802,28.80048076923077
2047,4,1.5,209.81287649162488,80.04201406451382,4.490384615384615,4.490384615384615,0.2046198107522691,14.384615384615385
2047,5,1.0,154.4634575235225,77.86118500184617,4.997596153846154,4.997596153846154,0.16256232871335813,26.07451923076923
2047,5,1.14,154.4634575235225,77.86118500184617,4.016826923076923,4.016826923076923,0.14661768262244657,17.735576923076923
2047,5,1.5,154.4634575235225,77.86118500184617,2.5,2.5,0.10511927143901821,7.764423076923077
2047,6,1.0,68.84484891316366,68.67553248971237,1.5240384615384615,1.5240384615384615,0.06758283728981697,5.211538461538462
2047,6,1.14,68.84484891316366,68.67553248971237,1.2211538461538463,1.2211538461538463,0.060259313767868625,3.4447115384615383
2047,6,1.5,68.84484891316366,68.67553248971237,0.7091346153846154,0.7091346153846154,0.03732942404817405,1.3870192307692308
2047,7,1.0,33.89368237998773,69.40795973045873,0.5288461538461539,0.5288461538461539,0.02960806554556554,1.0745192307692308
2047,7,1.14,33.89368237998773,69.40795973045873,0.39663461538461536,0.39663461538461536,0.023320169413919414,0.7235576923076923
2047,7,1.5,33.89368237998773,69.40795973045873,0.2403846153846154,0.2403846153846154,0.01173878205128205,0.37740384615384615
2047,8,1.0,25.565610558375532,71.35911216111887,0.43028846153846156,0.43028846153846156,0.022704118797868798,0.9230769230769231
2047,8,1.14,25.565610558375532,71.35911216111887,0.3293269230769231,0.3293269230769231,0.019210737179487177,0.6298076923076923
2047,8,1.5,25.565610558375532,71.35911216111887,0.17548076923076922,0.17548076923076922,0.006610576923076923,0.25721153846153844
2047,9,1.0,39.038094283506005,71.35119821005198,1.0192307692307692,1.0192307692307692,0.05244012798099336,2.2524038461538463
2047,9,1.14,39.038094283506005,71.35119821005198,0.8197115384615384,0.8197115384615384,0.043366529304029296,1.59375
2047,9,1.5,39.038094283506005,71.35119821005198,0.4519230769230769,0.4519230769230769,0.02448489010989011,0.7115384615384616
2047,10,1.0,102.35254454642171,81.14268130982911,4.747596153846154,4.747596153846154,0.17192180869488966,19.67548076923077
2047,10,1.14,102.35254454642171,81.14268130982911,3.7524038461538463,3.7524038461538463,0.14985842958076506,13.252403846153847
2047,10,1.5,102.35254454642171,81.14268130982911,2.25,2.25,0.11400089020786025,5.834134615384615
2047,11,1.0,155.6510602098286,83.93750033932746,6.8389423076923075,6.8389423076923075,0.2800782042135125,32.12740384615385
2047,11,1.14,155.6510602098286,83.93750033932746,5.516826923076923,5.516826923076923,0.24947685490635194,22.201923076923077
2047,11,1.5,155.6510602098286,83.93750033932746,3.6201923076923075,3.6201923076923075,0.18932468676096498,10.774038461538462
2047,12,1.0,195.00787138061563,86.97943188064801,7.949519230769231,7.949519230769231,0.2950318224804538,41.29086538461539
2047,12,1.14,195.00787138061563,86.97943188064801,6.548076923076923,6.548076923076923,0.2776096728312529,29.415865384615383
2047,12,1.5,195.00787138061563,86.97943188064801,4.2764423076923075,4.2764423076923075,0.21550624187275635,14.052884615384615
2048,1,1.0,183.68335494277815,86.60554030336766,7.0,7.0,0.2754408522034461,31.17548076923077
2048,1,1.14,183.68335494277815,86.60554030336766,5.764423076923077,5.764423076923077,0.25905983871261173,22.41826923076923
2048,1,1.5,183.68335494277815,86.60554030336766,3.769230769230769,3.769230769230769,0.20853357905595027,11.19951923076923
2048,2,1.0,186.94211711017596,77.335165095647,7.34375,7.34375,0.2758763117370418,33.95913461538461
2048,2,1.14,186.94211711017596,77.335165095647,5.978365384615385,5.978365384615385,0.2562063082120787,24.057692307692307
2048,2,1.5,186.94211711017596,77.335165095647,3.8846153846153846,3.8846153846153846,0.2027117827111732,11.834134615384615
2048,3,1.0,214.2195575654937,85.32332516356884,8.54326923076923,8.54326923076923,0.3015949154008445,42.95913461538461
2048,3,1.14,214.2195575654937,85.32332516356884,7.019230769230769,7.019230769230769,0.28690493639009906,29.73076923076923
2048,3,1.5,214.2195575654937,85.32332516356884,4.639423076923077,4.639423076923077,0.2420925791948777,14.391826923076923
2048,4,1.0,210.11538476447657,79.96431409317387,7.944711538461538,7.944711538461538,0.2797864449984425,41.40865384615385
2048,4,1.14,210.11538476447657,79.96431409317387,6.6826923076923075,6.6826923076923075,0.2650595457081593,30.03846153846154
2048,4,1.5,210.11538476447657,79.96431409317387,4.5625,4.5625,0.20740020480411564,14.829326923076923
2048,5,1.0,149.65078899919533,77.66855005843018,4.7451923076923075,4.7451923076923075,0.15852615781292512,23.85096153846154
2048,5,1.14,149.65078899919533,77.66855005843018,3.8028846153846154,3.8028846153846154,0.1421687228817394,16.02403846153846
2048,5,1.5,149.65078899919533,77.66855005843018,2.3798076923076925,2.3798076923076925,0.09984979295767812,7.228365384615385
2048,6,1.0,69.42322286285174,68.53502684960654,1.5769230769230769,1.5769230769230769,0.06791137353978773,5.5048076923076925
2048,6,1.14,69.42322286285174,68.53502684960654,1.2644230769230769,1.2644230769230769,0.06100916262405766,3.7235576923076925
2048,6,1.5,69.42322286285174,68.53502684960654,0.7355769230769231,0.7355769230769231,0.03856568778443778,1.5024038461538463
2048,7,1.0,32.45047584825458,69.20094168794523,0.4735576923076923,0.4735576923076923,0.027259806166056163,0.9326923076923077
2048,7,1.14,32.45047584825458,69.20094168794523,0.375,0.375,0.021429525335775336,0.6754807692307693
2048,7,1.5,32.45047584825458,69.20094168794523,0.21153846153846154,0.21153846153846154,0.008814102564102564,0.32211538461538464
2048,8,1.0,24.47476837738049,71.32514789602708,0.3870192307692308,0.3870192307692308,0.021637477106227102,0.7980769230769231
2048,8,1.14,24.47476837738049,71.32514789602708,0.2956730769230769,0.2956730769230769,0.01170444139194139,0.5216346153846154
2048,8,1.5,24.47476837738049,71.32514789602708,0.1466346153846154,0.1466346153846154,0.008052884615384616,0.19951923076923078
2048,9,1.0,37.93234971636759,71.41280781476335,0.9711538461538461,0.9711538461538461,0.05124493561993561,2.0961538461538463
2048,9,1.14,37.93234971636759,71.41280781476335,0.7740384615384616,0.7740384615384616,0.04396046661671661,1.4879807692307692
2048,9,1.5,37.93234971636759,71.41280781476335,0.42788461538461536,0.42788461538461536,0.018429487179487176,0.6586538461538461
2048,10,1.0,94.24888575158012,80.55202318452818,4.278846153846154,4.278846153846154,0.16121511863915877,17.01923076923077
2048,10,1.14,94.24888575158012,80.55202318452818,3.3653846153846154,3.3653846153846154,0.13575579830913295,11.514423076923077
2048,10,1.5,94.24888575158012,80.55202318452818,2.03125,2.03125,0.09984590406781702,5.105769230769231
2048,11,1.0,151.84064192913064,83.80306815468127,6.709134615384615,6.709134615384615,0.2723693808509188,31.028846153846153
2048,11,1.14,151.84064192913064,83.80306815468127,5.4326923076923075,5.4326923076923075,0.2434291920285196,21.713942307692307
2048,11,1.5,151.84064192913064,83.80306815468127,3.550480769230769,3.550480769230769,0.18179445869730876,10.490384615384615
2048,12,1.0,193.14717771253729,86.84020025626363,7.689903846153846,7.689903846153846,0.2875948582303579,38.375
2048,12,1.14,193.14717771253729,86.84020025626363,6.341346153846154,6.341346153846154,0.27632551266195615,27.41346153846154
2048,12,1.5,193.14717771253729,86.84020025626363,4.1826923076923075,4.1826923076923075,0.21506804921757533,13.194711538461538
2049,1,1.0,177.3706698691077,86.09001740471061,6.5673076923076925,6.5673076923076925,0.26940921867835604,28.985576923076923
2049,1,1.14,177.3706698691077,86.09001740471061,5.377403846153846,5.377403846153846,0.25738936046904987,20.432692307692307
2049,1,1.5,177.3706698691077,86.09001740471061,3.5072115384615383,3.5072115384615383,0.20457406765490554,10.264423076923077
2049,2,1.0,175.2886514410632,77.19893470154315,6.6875,6.6875,0.26868748242540036,29.51923076923077
2049,2,1.14,175.2886514410632,77.19893470154315,5.509615384615385,5.509615384615385,0.24488777315052543,21.245192307692307
2049,2,1.5,175.2886514410632,77.19893470154315,3.5264423076923075,3.5264423076923075,0.17874407649884613,10.326923076923077
2049,3,1.0,215.72942416299787,84.99010440815326,8.524038461538462,8.524038461538462,0.3058231350669066,43.06971153846154
2049,3,1.14,215.72942416299787,84.99010440815326,6.930288461538462,6.930288461538462,0.2898115510680888,29.31971153846154
2049,3,1.5,215.72942416299787,84.99010440815326,4.533653846153846,4.533653846153846,0.2355448687131171,13.913461538461538
2049,4,1.0,201.05344859470057,80.09970589369125,7.677884615384615,7.677884615384615,0.27107775684257934,39.5625
2049,4,1.14,201.05344859470057,80.09970589369125,6.399038461538462,6.399038461538462,0.2500894841472462,28.26201923076923
2049,4,1.5,201.05344859470057,80.09970589369125,4.336538461538462,4.336538461538462,0.19646653867414748,13.84375
2049,5,1.0,144.3979437622306,77.50180328075382,4.487980769230769,4.487980769230769,0.15353257041570567,22.036057692307693
2049,5,1.14,144.3979437622306,77.50180328075382,3.6346153846153846,3.6346153846153846,0.13566867913640462,15.096153846153847
2049,5,1.5,144.3979437622306,77.50180328075382,2.2235576923076925,2.2235576923076925,0.0939070023330654,6.639423076923077
2049,6,1.0,71.0225237746081,68.27217424600754,1.6466346153846154,1.6466346153846154,0.07141768140163464,5.882211538461538
2049,6,1.14,71.0225237746081,68.27217424600754,1.3125,1.3125,0.06186008033749912,3.9615384615384617
2049,6,1.5,71.0225237746081,68.27217424600754,0.78125,0.78125,0.03864237614237614,1.625
2049,7,1.0,29.938745359137446,68.74816529600359,0.40384615384615385,0.40384615384615385,0.0263507326007326,0.7980769230769231
2049,7,1.14,29.938745359137446,68.74816529600359,0.30528846153846156,0.30528846153846156,0.016646634615384615,0.5360576923076923
2049,7,1.5,29.938745359137446,68.74816529600359,0.18509615384615385,0.18509615384615385,0.006009615384615385,0.27163461538461536
2049,8,1.0,24.257843854371036,70.76853349360339,0.38221153846153844,0.38221153846153844,0.02163452866577866,0.7668269230769231
2049,8,1.14,24.257843854371036,70.76853349360339,0.28365384615384615,0.28365384615384615,0.012002060439560437,0.4951923076923077
2049,8,1.5,24.257843854371036,70.76853349360339,0.1466346153846154,0.1466346153846154,0.007251602564102564,0.20192307692307693
2049,9,1.0,35.48815205004914,70.641163372907,0.8413461538461539,0.8413461538461539,0.047938539825559054,1.7067307692307692
2049,9,1.14,35.48815205004914,70.641163372907,0.6634615384615384,0.6634615384615384,0.036282814407814404,1.1971153846153846
2049,9,1.5,35.48815205004914,70.641163372907,0.3798076923076923,0.3798076923076923,0.01987179487179487,0.5721153846153846
2049,10,1.0,94.01880130439837,80.0525541408148,4.305288461538462,4.305288461538462,0.160953958474431,16.935096153846153
2049,10,1.14,94.01880130439837,80.0525541408148,3.4110576923076925,3.4110576923076925,0.14086616031260782,11.521634615384615
2049,10,1.5,94.01880130439837,80.0525541408148,2.0600961538461537,2.0600961538461537,0.0997737991242656,5.110576923076923
2049,11,1.0,153.14729439801283,83.57065929550178,6.721153846153846,6.721153846153846,0.2669368341018209,31.19471153846154
2049,11,1.14,153.14729439801283,83.57065929550178,5.46875,5.46875,0.24708564854965756,21.870192307692307
2049,11,1.5,153.14729439801283,83.57065929550178,3.5625,3.5625,0.18202612235698623,10.492788461538462
2049,12,1.0,197.1009333526332,86.45815465910779,7.778846153846154,7.778846153846154,0.29010478523083105,39.41586538461539
2049,12,1.14,197.1009333526332,86.45815465910779,6.3798076923076925,6.3798076923076925,0.27820372132655635,27.86778846153846
2049,12,1.5,197.1009333526332,86.45815465910779,4.240384615384615,4.240384615384615,0.21520643941628564,13.9375
2050,1,1.0,172.61630167344413,85.94370994587456,6.413461538461538,6.413461538461538,0.26231992433977436,27.90625
2050,1,1.14,172.61630167344413,85.94370994587456,5.225961538461538,5.225961538461538,0.24871445548648424,19.63221153846154
2050,1,1.5,172.61630167344413,85.94370994587456,3.3966346153846154,3.3966346153846154,0.19399725317365574,10.01201923076923
2050,2,1.0,175.6023225832525,76.84962735656447,6.771634615384615,6.771634615384615,0.2752219967784019,30.17548076923077
2050,2,1.14,175.6023225832525,76.84962735656447,5.507211538461538,5.507211538461538,0.24955704779132992,21.141826923076923
2050,2,1.5,175.6023225832525,76.84962735656447,3.579326923076923,3.579326923076923,0.17983660870553383,10.389423076923077
2050,3,1.0,209.4843490351843,84.80719544552615,8.23076923076923,8.23076923076923,0.30737622236858864,40.68509615384615
2050,3,1.14,209.4843490351843,84.80719544552615,6.6514423076923075,6.6514423076923075,0.2775551021158692,27.38701923076923
2050,3,1.5,209.4843490351843,84.80719544552615,4.319711538461538,4.319711538461538,0.21566498974931433,12.92548076923077
2050,4,1.0,198.10699770677368,80.027635553566,7.420673076923077,7.420673076923077,0.2610341389581856,37.42067307692308
2050,4,1.14,198.10699770677368,80.027635553566,6.199519230769231,6.199519230769231,0.24233414655238888,26.884615384615383
2050,4,1.5,198.10699770677368,80.027635553566,4.1826923076923075,4.1826923076923075,0.19399272915376164,13.170673076923077
2050,5,1.0,147.22171711704462,77.08300479519019,4.7139423076923075,4.7139423076923075,0.15784481378457024,23.557692307692307
2050,5,1.14,147.22171711704462,77.08300479519019,3.7908653846153846,3.7908653846153846,0.13928205920401637,16.228365384615383
2050,5,1.5,147.22171711704462,77.08300479519019,2.3221153846153846,2.3221153846153846,0.10266139453170202,6.978365384615385
2050,6,1.0,70.75528204390515,68.0712969002463,1.6778846153846154,1.6778846153846154,0.07077953852227756,6.0
2050,6,1.14,70.75528204390515,68.0712969002463,1.3125,1.3125,0.06326193572017824,3.8798076923076925
2050,6,1.5,70.75528204390515,68.0712969002463,0.7860576923076923,0.7860576923076923,0.041537657943907944,1.6466346153846154
2050,7,1.0,29.66361889217075,68.48058359013152,0.3894230769230769,0.3894230769230769,0.024949442918192916,0.7740384615384616
2050,7,1.14,29.66361889217075,68.48058359013152,0.30528846153846156,0.30528846153846156,0.016406249999999997,0.5432692307692307
2050,7,1.5,29.66361889217075,68.48058359013152,0.18269230769230768,0.18269230769230768,0.006009615384615385,0.2668269230769231
2050,8,1.0,24.735549644995633,70.52084433620799,0.39903846153846156,0.39903846153846156,0.021262504856254857,0.7932692307692307
2050,8,1.14,24.735549644995633,70.52084433620799,0.2956730769230769,0.2956730769230769,0.015241529304029304,0.5144230769230769
2050,8,1.5,24.735549644995633,70.52084433620799,0.15144230769230768,0.15144230769230768,0.007251602564102564,0.2091346153846154
2050,9,1.0,33.303373886402056,70.3319799916715,0.7572115384615384,0.7572115384615384,0.045824367939752544,1.4399038461538463
2050,9,1.14,33.303373886402056,70.3319799916715,0.5817307692307693,0.5817307692307693,0.03272569444444444,1.0072115384615385
2050,9,1.5,33.303373886402056,70.3319799916715,0.34375,0.34375,0.017914377289377288,0.5048076923076923
2050,10,1.0,91.99057704386311,79.71684253028117,4.110576923076923,4.110576923076923,0.16041206309008899,15.725961538461538
2050,10,1.14,91.99057704386311,79.71684253028117,3.25,3.25,0.13368159299820975,10.735576923076923
2050,10,1.5,91.99057704386311,79.71684253028117,1.9014423076923077,1.9014423076923077,0.0885223666499795,4.586538461538462
2050,11,1.0,151.47507250060417,83.24589756978774,6.5985576923076925,6.5985576923076925,0.2632749857596592,30.838942307692307
2050,11,1.14,151.47507250060417,83.24589756978774,5.466346153846154,5.466346153846154,0.24452949764436707,22.21875
2050,11,1.5,151.47507250060417,83.24589756978774,3.548076923076923,3.548076923076923,0.18026303171747385,10.682692307692308
2050,12,1.0,197.3593090843627,86.25434449140803,7.725961538461538,7.725961538461538,0.2921874802128626,38.5
2050,12,1.14,197.3593090843627,86.25434449140803,6.365384615384615,6.365384615384615,0.2771801944934952,27.379807692307693
2050,12,1.5,197.3593090843627,86.25434449140803,4.206730769230769,4.206730769230769,0.21981718947563583,13.427884615384615
