node_id,threshold,lat,lon,prec,evap,in_degree,out_degree,clustering,ffl
0,1.1514,-6.12565445026178,-78.75,0.0,,0.0,2.0,0.2388888888888889,4.333333333333333
0,3.112,-6.12565445026178,-78.75,0.0,,0.0,0.08333333333333333,0.0,0.0
1,1.1514,-5.183246073298429,-78.75,16.54738940886657,,0.0,2.5,0.25,7.166666666666667
1,3.112,-5.183246073298429,-78.75,16.54738940886657,,0.0,0.25,0.0,0.08333333333333333
2,1.1514,-4.240837696335079,-78.75,84.74506593867153,,2.6666666666666665,3.8333333333333335,0.19798280423280423,12.25
2,3.112,-4.240837696335079,-78.75,84.74506593867153,,0.16666666666666666,0.75,0.0,0.75
3,1.1514,-3.298429319371728,-78.75,51.08066721426629,,0.9166666666666666,3.25,0.18154761904761904,9.5
3,3.112,-3.298429319371728,-78.75,51.08066721426629,,0.0,0.25,0.0,0.25
4,1.1514,-2.356020942408377,-78.75,22.413756675017975,,0.08333333333333333,2.9166666666666665,0.2111111111111111,6.916666666666667
4,3.112,-2.356020942408377,-78.75,22.413756675017975,,0.0,0.16666666666666666,0.0,0.08333333333333333
5,1.1514,-1.4136125654450262,-78.75,5.852684167651584,,0.0,3.4166666666666665,0.22142857142857142,8.5
5,3.112,-1.4136125654450262,-78.75,5.852684167651584,,0.0,0.3333333333333333,0.0,0.3333333333333333
6,1.1514,-8.952879581151834,-77.5,2.062072841676813,,0.0,8.583333333333334,0.14918565911212966,43.916666666666664
6,3.112,-8.952879581151834,-77.5,2.062072841676813,,0.0,1.6666666666666667,0.07043650793650792,1.3333333333333333
7,1.1514,-8.010471204188482,-77.5,39.399026990853294,,1.8333333333333333,5.166666666666667,0.21185158652263913,20.833333333333332
7,3.112,-8.010471204188482,-77.5,39.399026990853294,,0.4166666666666667,0.4166666666666667,0.08333333333333333,0.0
8,1.1514,-7.0680628272251305,-77.5,49.20212888624692,,2.6666666666666665,4.333333333333333,0.21260753135753133,15.083333333333334
8,3.112,-7.0680628272251305,-77.5,49.20212888624692,,0.5,0.3333333333333333,0.04305555555555555,0.3333333333333333
9,1.1514,-6.12565445026178,-77.5,66.44277690712512,,3.5833333333333335,5.083333333333333,0.17606421356421353,21.25
9,3.112,-6.12565445026178,-77.5,66.44277690712512,,0.3333333333333333,0.5,0.08333333333333333,0.3333333333333333
10,1.1514,-5.183246073298429,-77.5,114.00544905614873,,5.0,4.166666666666667,0.14896374228215659,15.916666666666666
10,3.112,-5.183246073298429,-77.5,114.00544905614873,,0.8333333333333334,0.4166666666666667,0.05416666666666666,0.4166666666666667
11,1.1514,-4.240837696335079,-77.5,133.32759941600665,,5.75,3.4166666666666665,0.18149455717390497,11.583333333333334
11,3.112,-4.240837696335079,-77.5,133.32759941600665,,1.75,0.4166666666666667,0.04285714285714285,0.5833333333333334
12,1.1514,-3.298429319371728,-77.5,142.1906414533976,,5.666666666666667,3.0833333333333335,0.14693230110850247,8.583333333333334
12,3.112,-3.298429319371728,-77.5,142.1906414533976,,1.3333333333333333,0.4166666666666667,0.05555555555555555,0.4166666666666667
13,1.1514,-2.356020942408377,-77.5,113.87686530971426,,3.6666666666666665,2.8333333333333335,0.1606240981240981,7.333333333333333
13,3.112,-2.356020942408377,-77.5,113.87686530971426,,0.25,0.08333333333333333,0.0,0.08333333333333333
14,1.1514,-1.4136125654450262,-77.5,157.1990315659851,,4.083333333333333,3.75,0.1567956349206349,10.833333333333334
14,3.112,-1.4136125654450262,-77.5,157.1990315659851,,0.9166666666666666,0.8333333333333334,0.013888888888888883,1.1666666666666667
15,1.1514,-0.4712041884816754,-77.5,146.65624643516523,,2.1666666666666665,5.333333333333333,0.19578222703222703,16.0
15,3.112,-0.4712041884816754,-77.5,146.65624643516523,,0.6666666666666666,1.25,0.05555555555555555,1.9166666666666667
16,1.1514,0.4712041884816754,-77.5,112.92881013152271,,1.5833333333333333,5.0,0.22566137566137565,12.5
16,3.112,0.4712041884816754,-77.5,112.92881013152271,,0.6666666666666666,1.1666666666666667,0.08333333333333333,1.25
17,1.1514,-10.837696335078538,-76.25,0.0,,0.0,10.166666666666666,0.18298501448656246,65.33333333333333
17,3.112,-10.837696335078538,-76.25,0.0,,0.0,2.0833333333333335,0.047685185185185185,3.0
18,1.1514,-9.895287958115183,-76.25,13.642845432482991,,0.08333333333333333,10.5,0.15947518916268913,58.5
18,3.112,-9.895287958115183,-76.25,13.642845432482991,,0.0,1.8333333333333333,0.14345238095238094,2.5
19,1.1514,-8.952879581151834,-76.25,122.0526832414497,,3.1666666666666665,12.833333333333334,0.1297838525366331,68.25
19,3.112,-8.952879581151834,-76.25,122.0526832414497,,1.0833333333333333,2.5833333333333335,0.06704545454545453,3.5833333333333335
20,1.1514,-8.010471204188482,-76.25,89.37996647476147,,4.5,4.5,0.20857879510373115,15.083333333333334
20,3.112,-8.010471204188482,-76.25,89.37996647476147,,1.5833333333333333,0.5,0.11408730158730158,0.0
21,1.1514,-7.0680628272251305,-76.25,108.3101763879402,,6.333333333333333,2.0,0.16636234136234135,4.333333333333333
21,3.112,-7.0680628272251305,-76.25,108.3101763879402,,2.0833333333333335,0.0,0.10813492063492063,0.0
22,1.1514,-6.12565445026178,-76.25,123.82456426889799,,8.166666666666666,2.5833333333333335,0.14779658628763484,6.0
22,3.112,-6.12565445026178,-76.25,123.82456426889799,,1.5833333333333333,0.16666666666666666,0.06249999999999999,0.08333333333333333
23,1.1514,-5.183246073298429,-76.25,128.37619136471923,,9.0,3.1666666666666665,0.150891260519699,8.666666666666666
23,3.112,-5.183246073298429,-76.25,128.37619136471923,,1.0833333333333333,0.25,0.03630952380952381,0.16666666666666666
24,1.1514,-4.240837696335079,-76.25,111.02815766363783,,7.25,2.6666666666666665,0.1511264363379666,6.583333333333333
24,3.112,-4.240837696335079,-76.25,111.02815766363783,,0.4166666666666667,0.0,0.034722222222222224,0.0
25,1.1514,-3.298429319371728,-76.25,116.67689792918121,,7.083333333333333,2.8333333333333335,0.14707692870736347,7.583333333333333
25,3.112,-3.298429319371728,-76.25,116.67689792918121,,0.25,0.08333333333333333,0.0,0.08333333333333333
26,1.1514,-2.356020942408377,-76.25,105.72224005815285,,5.583333333333333,2.5,0.13143877321508898,6.083333333333333
26,3.112,-2.356020942408377,-76.25,105.72224005815285,,0.0,0.0,0.0,0.0
27,1.1514,-1.4136125654450262,-76.25,106.85727115853724,,5.833333333333333,2.3333333333333335,0.19086791143427295,5.666666666666667
27,3.112,-1.4136125654450262,-76.25,106.85727115853724,,0.16666666666666666,0.25,0.0,0.3333333333333333
28,1.1514,-0.4712041884816754,-76.25,136.64982224686142,,6.416666666666667,2.6666666666666665,0.16910600364547732,6.333333333333333
28,3.112,-0.4712041884816754,-76.25,136.64982224686142,,0.9166666666666666,0.4166666666666667,0.013888888888888883,0.4166666666666667
29,1.1514,0.4712041884816754,-76.25,173.4966386747678,,3.75,3.4166666666666665,0.21292989417989416,7.083333333333333
29,3.112,0.4712041884816754,-76.25,173.4966386747678,,1.3333333333333333,0.5,0.05555555555555555,0.5
30,1.1514,1.4136125654450262,-76.25,123.42528854259147,,1.75,2.0833333333333335,0.30416666666666664,3.4166666666666665
30,3.112,1.4136125654450262,-76.25,123.42528854259147,,0.08333333333333333,0.08333333333333333,0.0,0.08333333333333333
31,1.1514,-13.664921465968591,-75.0,0.0,,0.0,0.08333333333333333,0.0,0.08333333333333333
31,3.112,-13.664921465968591,-75.0,0.0,,0.0,0.0,0.0,0.0
32,1.1514,-12.72251308900524,-75.0,0.0,,0.0,7.333333333333333,0.1212344028520499,43.083333333333336
32,3.112,-12.72251308900524,-75.0,0.0,,0.0,1.3333333333333333,0.14722222222222223,1.9166666666666667
33,1.1514,-11.780104712041888,-75.0,22.91653856947852,,0.3333333333333333,11.75,0.19759187400295508,66.83333333333333
33,3.112,-11.780104712041888,-75.0,22.91653856947852,,0.0,2.1666666666666665,0.15416666666666665,3.25
34,1.1514,-10.837696335078538,-75.0,153.51943004520714,,2.5,14.666666666666666,0.11345925534964942,79.58333333333333
34,3.112,-10.837696335078538,-75.0,153.51943004520714,,1.25,3.25,0.10440115440115438,4.25
35,1.1514,-9.895287958115183,-75.0,149.14350849492163,,5.916666666666667,6.75,0.1834669014622575,29.083333333333332
35,3.112,-9.895287958115183,-75.0,149.14350849492163,,2.1666666666666665,0.75,0.10416666666666667,0.6666666666666666
36,1.1514,-8.952879581151834,-75.0,116.60221147375853,,8.583333333333334,3.75,0.15573917493867442,11.416666666666666
36,3.112,-8.952879581151834,-75.0,116.60221147375853,,2.3333333333333335,0.5,0.11967592592592591,0.16666666666666666
37,1.1514,-8.010471204188482,-75.0,101.95275730946474,,9.166666666666666,2.4166666666666665,0.17127430928848233,6.166666666666667
37,3.112,-8.010471204188482,-75.0,101.95275730946474,,1.9166666666666667,0.0,0.14189814814814813,0.0
38,1.1514,-7.0680628272251305,-75.0,103.05990665955773,,7.0,1.6666666666666667,0.13648449145740166,3.4166666666666665
38,3.112,-7.0680628272251305,-75.0,103.05990665955773,,0.25,0.0,0.041666666666666664,0.0
39,1.1514,-6.12565445026178,-75.0,108.59303671108025,,9.0,2.25,0.12673667544281578,5.166666666666667
39,3.112,-6.12565445026178,-75.0,108.59303671108025,,0.25,0.0,0.041666666666666664,0.0
40,1.1514,-5.183246073298429,-75.0,122.26037785704075,,8.583333333333334,3.0833333333333335,0.12564932213736027,8.5
40,3.112,-5.183246073298429,-75.0,122.26037785704075,,0.3333333333333333,0.16666666666666666,0.0,0.16666666666666666
41,1.1514,-4.240837696335079,-75.0,129.26935244073505,,6.75,3.25,0.1390357659325517,9.5
41,3.112,-4.240837696335079,-75.0,129.26935244073505,,0.25,0.16666666666666666,0.0,0.16666666666666666
42,1.1514,-3.298429319371728,-75.0,147.89249884929143,,6.5,3.1666666666666665,0.1253040437823046,8.666666666666666
42,3.112,-3.298429319371728,-75.0,147.89249884929143,,0.16666666666666666,0.16666666666666666,0.0,0.16666666666666666
43,1.1514,-2.356020942408377,-75.0,136.21929492514275,,4.083333333333333,3.0833333333333335,0.13081135231870525,7.583333333333333
43,3.112,-2.356020942408377,-75.0,136.21929492514275,,0.08333333333333333,0.08333333333333333,0.0,0.08333333333333333
44,1.1514,-1.4136125654450262,-75.0,131.76666876988853,,3.4166666666666665,2.8333333333333335,0.15305250305250304,6.333333333333333
44,3.112,-1.4136125654450262,-75.0,131.76666876988853,,0.16666666666666666,0.16666666666666666,0.0,0.16666666666666666
45,1.1514,-0.4712041884816754,-75.0,131.05753643599255,,5.166666666666667,2.5833333333333335,0.12421361819581633,5.416666666666667
45,3.112,-0.4712041884816754,-75.0,131.05753643599255,,0.16666666666666666,0.16666666666666666,0.0,0.16666666666666666
46,1.1514,0.4712041884816754,-75.0,98.00220351010707,,4.5,1.5833333333333333,0.238011063011063,2.8333333333333335
46,3.112,0.4712041884816754,-75.0,98.00220351010707,,0.0,0.0,0.0,0.0
47,1.1514,1.4136125654450262,-75.0,105.15143555743445,,3.25,1.25,0.24484126984126983,1.8333333333333333
47,3.112,1.4136125654450262,-75.0,105.15143555743445,,0.08333333333333333,0.0,0.0,0.0
48,1.1514,2.356020942408377,-75.0,83.96907188642633,,0.9166666666666666,0.75,0.041666666666666664,0.8333333333333334
48,3.112,2.356020942408377,-75.0,83.96907188642633,,0.0,0.0,0.0,0.0
49,1.1514,-14.60732984293194,-73.75,3.0849349706781397,,0.0,0.5,0.08333333333333333,0.8333333333333334
49,3.112,-14.60732984293194,-73.75,3.0849349706781397,,0.0,0.0,0.0,0.0
50,1.1514,-13.664921465968591,-73.75,0.0,,0.0,3.75,0.2182844932844933,15.083333333333334
50,3.112,-13.664921465968591,-73.75,0.0,,0.0,0.16666666666666666,0.0,0.0
51,1.1514,-12.72251308900524,-73.75,35.80230961683886,,1.1666666666666667,10.0,0.16565114321162705,52.583333333333336
51,3.112,-12.72251308900524,-73.75,35.80230961683886,,0.0,1.75,0.14305555555555555,1.75
52,1.1514,-11.780104712041888,-73.75,82.27953860503955,,3.8333333333333335,10.416666666666666,0.13449247564213326,47.583333333333336
52,3.112,-11.780104712041888,-73.75,82.27953860503955,,0.4166666666666667,1.4166666666666667,0.1722222222222222,0.6666666666666666
53,1.1514,-10.837696335078538,-73.75,129.82040827290794,,7.666666666666667,3.9166666666666665,0.1633999699318046,12.666666666666666
53,3.112,-10.837696335078538,-73.75,129.82040827290794,,2.4166666666666665,0.4166666666666667,0.09986772486772487,0.08333333333333333
54,1.1514,-9.895287958115183,-73.75,115.5547731484538,,9.916666666666666,3.0,0.15247687409491376,8.083333333333334
54,3.112,-9.895287958115183,-73.75,115.5547731484538,,2.25,0.3333333333333333,0.1240079365079365,0.08333333333333333
55,1.1514,-8.952879581151834,-73.75,102.03133903812564,,10.0,2.5833333333333335,0.13401319825328215,6.5
55,3.112,-8.952879581151834,-73.75,102.03133903812564,,0.75,0.3333333333333333,0.040277777777777767,0.08333333333333333
56,1.1514,-8.010471204188482,-73.75,102.56328494079139,,8.25,2.4166666666666665,0.1341309086780101,5.416666666666667
56,3.112,-8.010471204188482,-73.75,102.56328494079139,,0.25,0.0,0.0,0.0
57,1.1514,-7.0680628272251305,-73.75,100.6425316762469,,6.666666666666667,2.5833333333333335,0.10810571237041823,5.833333333333333
57,3.112,-7.0680628272251305,-73.75,100.6425316762469,,0.0,0.0,0.0,0.0
58,1.1514,-6.12565445026178,-73.75,108.96530382561586,,6.333333333333333,2.5833333333333335,0.12858184689706428,6.333333333333333
58,3.112,-6.12565445026178,-73.75,108.96530382561586,,0.0,0.0,0.0,0.0
59,1.1514,-5.183246073298429,-73.75,130.4591756209758,,6.083333333333333,2.8333333333333335,0.1355860363469059,7.416666666666667
59,3.112,-5.183246073298429,-73.75,130.4591756209758,,0.08333333333333333,0.08333333333333333,0.0,0.08333333333333333
60,1.1514,-4.240837696335079,-73.75,138.5138075327269,,5.083333333333333,3.0833333333333335,0.14578618262828788,8.5
60,3.112,-4.240837696335079,-73.75,138.5138075327269,,0.16666666666666666,0.16666666666666666,0.0,0.16666666666666666
61,1.1514,-3.298429319371728,-73.75,145.57368072644306,,4.666666666666667,3.0,0.1355066774184421,7.75
61,3.112,-3.298429319371728,-73.75,145.57368072644306,,0.16666666666666666,0.16666666666666666,0.0,0.16666666666666666
62,1.1514,-2.356020942408377,-73.75,148.94268062307444,,4.666666666666667,2.5,0.1322006507281275,5.833333333333333
62,3.112,-2.356020942408377,-73.75,148.94268062307444,,0.16666666666666666,0.16666666666666666,0.0,0.16666666666666666
63,1.1514,-1.4136125654450262,-73.75,115.27172348112481,,3.0,2.4166666666666665,0.10436854811854811,5.416666666666667
63,3.112,-1.4136125654450262,-73.75,115.27172348112481,,0.0,0.0,0.0,0.0
64,1.1514,-0.4712041884816754,-73.75,115.63218355323131,,3.0,2.5,0.13875152625152623,5.583333333333333
64,3.112,-0.4712041884816754,-73.75,115.63218355323131,,0.08333333333333333,0.08333333333333333,0.0,0.08333333333333333
65,1.1514,0.4712041884816754,-73.75,121.35180548440934,,3.4166666666666665,2.25,0.09750180375180373,4.166666666666667
65,3.112,0.4712041884816754,-73.75,121.35180548440934,,0.16666666666666666,0.16666666666666666,0.0,0.16666666666666666
66,1.1514,1.4136125654450262,-73.75,125.89569443488917,,4.5,0.9166666666666666,0.1653018278018278,1.1666666666666667
66,3.112,1.4136125654450262,-73.75,125.89569443488917,,0.16666666666666666,0.16666666666666666,0.0,0.16666666666666666
67,1.1514,-14.60732984293194,-72.5,0.0,,0.0,5.916666666666667,0.1638573684769337,27.416666666666668
67,3.112,-14.60732984293194,-72.5,0.0,,0.0,0.25,0.0,0.08333333333333333
68,1.1514,-13.664921465968591,-72.5,0.0,,0.0,8.75,0.15683694324998673,46.666666666666664
68,3.112,-13.664921465968591,-72.5,0.0,,0.0,0.9166666666666666,0.04166666666666665,0.4166666666666667
69,1.1514,-12.72251308900524,-72.5,11.740358907142218,,0.0,9.416666666666666,0.13713891784543955,42.833333333333336
69,3.112,-12.72251308900524,-72.5,11.740358907142218,,0.0,1.25,0.12499999999999999,0.75
70,1.1514,-11.780104712041888,-72.5,130.68365285328613,,6.916666666666667,4.416666666666667,0.1694290008262279,16.083333333333332
70,3.112,-11.780104712041888,-72.5,130.68365285328613,,2.5,0.5833333333333334,0.04464285714285712,0.6666666666666666
71,1.1514,-10.837696335078538,-72.5,125.17344926147537,,9.25,3.4166666666666665,0.15867634251501528,10.416666666666666
71,3.112,-10.837696335078538,-72.5,125.17344926147537,,2.25,0.4166666666666667,0.10238095238095236,0.5
72,1.1514,-9.895287958115183,-72.5,104.61838413370735,,8.25,2.9166666666666665,0.14652286119677418,7.25
72,3.112,-9.895287958115183,-72.5,104.61838413370735,,0.4166666666666667,0.4166666666666667,0.0,0.4166666666666667
73,1.1514,-8.952879581151834,-72.5,96.55302052599036,,5.583333333333333,2.0,0.1415198023653906,4.333333333333333
73,3.112,-8.952879581151834,-72.5,96.55302052599036,,0.16666666666666666,0.16666666666666666,0.0,0.08333333333333333
74,1.1514,-8.010471204188482,-72.5,89.86938027341803,,3.9166666666666665,2.1666666666666665,0.09215491752256456,5.0
74,3.112,-8.010471204188482,-72.5,89.86938027341803,,0.16666666666666666,0.08333333333333333,0.0,0.08333333333333333
75,1.1514,-7.0680628272251305,-72.5,98.26722196040367,,3.1666666666666665,2.4166666666666665,0.10624236874236874,5.833333333333333
75,3.112,-7.0680628272251305,-72.5,98.26722196040367,,0.08333333333333333,0.08333333333333333,0.0,0.08333333333333333
76,1.1514,-6.12565445026178,-72.5,107.87726427933507,,2.5833333333333335,2.5,0.11668470418470418,6.083333333333333
76,3.112,-6.12565445026178,-72.5,107.87726427933507,,0.08333333333333333,0.16666666666666666,0.0,0.16666666666666666
77,1.1514,-5.183246073298429,-72.5,144.4442833767532,,4.333333333333333,2.9166666666666665,0.11270985958485956,7.5
77,3.112,-5.183246073298429,-72.5,144.4442833767532,,0.5,0.4166666666666667,0.0,0.4166666666666667
78,1.1514,-4.240837696335079,-72.5,149.88109484419905,,4.083333333333333,3.25,0.12557165057165054,9.0
78,3.112,-4.240837696335079,-72.5,149.88109484419905,,0.25,0.4166666666666667,0.0,0.5833333333333334
79,1.1514,-3.298429319371728,-72.5,155.2501211448998,,3.5,3.25,0.12470168720168717,8.5
79,3.112,-3.298429319371728,-72.5,155.2501211448998,,0.25,0.3333333333333333,0.0,0.4166666666666667
80,1.1514,-2.356020942408377,-72.5,154.68689470745556,,3.4166666666666665,3.25,0.11186868686868684,8.833333333333334
80,3.112,-2.356020942408377,-72.5,154.68689470745556,,0.25,0.3333333333333333,0.0,0.4166666666666667
81,1.1514,-1.4136125654450262,-72.5,118.88326600127611,,2.6666666666666665,3.0,0.13287037037037036,8.166666666666666
81,3.112,-1.4136125654450262,-72.5,118.88326600127611,,0.08333333333333333,0.08333333333333333,0.0,0.08333333333333333
82,1.1514,-0.4712041884816754,-72.5,117.9488053505699,,2.6666666666666665,2.75,0.09907407407407405,6.833333333333333
82,3.112,-0.4712041884816754,-72.5,117.9488053505699,,0.08333333333333333,0.08333333333333333,0.0,0.08333333333333333
83,1.1514,0.4712041884816754,-72.5,119.50199294136276,,2.4166666666666665,2.3333333333333335,0.1023478835978836,4.583333333333333
83,3.112,0.4712041884816754,-72.5,119.50199294136276,,0.16666666666666666,0.16666666666666666,0.0,0.16666666666666666
84,1.1514,1.4136125654450262,-72.5,117.25862101358047,,2.25,1.5833333333333333,0.15277777777777776,3.0
84,3.112,1.4136125654450262,-72.5,117.25862101358047,,0.16666666666666666,0.16666666666666666,0.0,0.16666666666666666
85,1.1514,-14.60732984293194,-71.25,0.0,,0.0,12.666666666666666,0.1179222312374486,70.83333333333333
85,3.112,-14.60732984293194,-71.25,0.0,,0.0,2.4166666666666665,0.04652777777777777,2.5
86,1.1514,-13.664921465968591,-71.25,0.0,,0.0,11.583333333333334,0.11686074976397558,59.25
86,3.112,-13.664921465968591,-71.25,0.0,,0.0,2.5,0.06607142857142854,2.9166666666666665
87,1.1514,-12.72251308900524,-71.25,137.329567714092,,4.833333333333333,7.916666666666667,0.1721384510866608,36.666666666666664
87,3.112,-12.72251308900524,-71.25,137.329567714092,,1.8333333333333333,1.8333333333333333,0.10138888888888888,2.75
88,1.1514,-11.780104712041888,-71.25,134.08189282569742,,8.75,3.0,0.1605897562663278,9.166666666666666
88,3.112,-11.780104712041888,-71.25,134.08189282569742,,2.4166666666666665,0.3333333333333333,0.08373015873015871,0.3333333333333333
89,1.1514,-10.837696335078538,-71.25,108.46559707682752,,8.25,2.6666666666666665,0.15089680343163314,7.166666666666667
89,3.112,-10.837696335078538,-71.25,108.46559707682752,,0.4166666666666667,0.4166666666666667,0.0,0.4166666666666667
90,1.1514,-9.895287958115183,-71.25,98.65067993949413,,5.0,2.0833333333333335,0.12678906061259002,4.583333333333333
90,3.112,-9.895287958115183,-71.25,98.65067993949413,,0.3333333333333333,0.3333333333333333,0.0,0.3333333333333333
91,1.1514,-8.952879581151834,-71.25,85.7065485139401,,2.0,1.8333333333333333,0.05284992784992784,3.75
91,3.112,-8.952879581151834,-71.25,85.7065485139401,,0.08333333333333333,0.08333333333333333,0.0,0.08333333333333333
92,1.1514,-8.010471204188482,-71.25,81.28298095812427,,1.6666666666666667,2.0,0.07939814814814815,4.25
92,3.112,-8.010471204188482,-71.25,81.28298095812427,,0.08333333333333333,0.16666666666666666,0.0,0.16666666666666666
93,1.1514,-7.0680628272251305,-71.25,105.94566131441626,,2.4166666666666665,2.1666666666666665,0.09629629629629628,4.916666666666667
93,3.112,-7.0680628272251305,-71.25,105.94566131441626,,0.25,0.25,0.0,0.3333333333333333
94,1.1514,-6.12565445026178,-71.25,119.16344492461883,,2.6666666666666665,2.6666666666666665,0.08869648869648868,6.666666666666667
94,3.112,-6.12565445026178,-71.25,119.16344492461883,,0.3333333333333333,0.25,0.0,0.25
95,1.1514,-5.183246073298429,-71.25,112.83054912187758,,2.3333333333333335,3.0833333333333335,0.1279100529100529,7.833333333333333
95,3.112,-5.183246073298429,-71.25,112.83054912187758,,0.16666666666666666,0.25,0.0,0.25
96,1.1514,-4.240837696335079,-71.25,145.34464193998994,,3.5,3.0833333333333335,0.12012385762385762,7.75
96,3.112,-4.240837696335079,-71.25,145.34464193998994,,0.5833333333333334,0.3333333333333333,0.0,0.3333333333333333
97,1.1514,-3.298429319371728,-71.25,135.83629235646904,,2.9166666666666665,3.25,0.12647306397306396,8.333333333333334
97,3.112,-3.298429319371728,-71.25,135.83629235646904,,0.4166666666666667,0.3333333333333333,0.0,0.3333333333333333
98,1.1514,-2.356020942408377,-71.25,134.29707073003092,,2.8333333333333335,3.1666666666666665,0.10418771043771043,8.333333333333334
98,3.112,-2.356020942408377,-71.25,134.29707073003092,,0.25,0.16666666666666666,0.0,0.16666666666666666
99,1.1514,-1.4136125654450262,-71.25,120.27328603295443,,2.5833333333333335,3.3333333333333335,0.12294973544973542,8.666666666666666
99,3.112,-1.4136125654450262,-71.25,120.27328603295443,,0.16666666666666666,0.16666666666666666,0.0,0.16666666666666666
100,1.1514,-0.4712041884816754,-71.25,133.05374148268274,,2.6666666666666665,3.4166666666666665,0.120508658008658,10.083333333333334
100,3.112,-0.4712041884816754,-71.25,133.05374148268274,,0.16666666666666666,0.25,0.0,0.3333333333333333
101,1.1514,0.4712041884816754,-71.25,132.45570488879298,,2.5833333333333335,2.8333333333333335,0.10929232804232801,6.916666666666667
101,3.112,0.4712041884816754,-71.25,132.45570488879298,,0.16666666666666666,0.16666666666666666,0.0,0.16666666666666666
102,1.1514,1.4136125654450262,-71.25,99.64101614873162,,1.4166666666666667,1.8333333333333333,0.15555555555555553,4.5
102,3.112,1.4136125654450262,-71.25,99.64101614873162,,0.0,0.0,0.0,0.0
103,1.1514,-13.664921465968591,-70.0,44.48793557979991,,0.4166666666666667,8.75,0.18564096578802458,43.5
103,3.112,-13.664921465968591,-70.0,44.48793557979991,,0.0,1.5,0.06944444444444443,1.5
104,1.1514,-12.72251308900524,-70.0,160.2527643853425,,7.0,4.75,0.17170962492548503,18.916666666666668
104,3.112,-12.72251308900524,-70.0,160.2527643853425,,2.0833333333333335,0.3333333333333333,0.04305555555555555,0.08333333333333333
105,1.1514,-11.780104712041888,-70.0,106.25477417343548,,7.416666666666667,2.25,0.13851117600150106,6.0
105,3.112,-11.780104712041888,-70.0,106.25477417343548,,0.16666666666666666,0.08333333333333333,0.0,0.08333333333333333
106,1.1514,-10.837696335078538,-70.0,101.62819314234035,,5.583333333333333,2.1666666666666665,0.11591194752959456,4.833333333333333
106,3.112,-10.837696335078538,-70.0,101.62819314234035,,0.08333333333333333,0.08333333333333333,0.0,0.08333333333333333
107,1.1514,-9.895287958115183,-70.0,94.26667778787403,,2.5,1.75,0.06643009768009767,3.5
107,3.112,-9.895287958115183,-70.0,94.26667778787403,,0.0,0.0,0.0,0.0
108,1.1514,-8.952879581151834,-70.0,93.80915966853121,,1.9166666666666667,2.0,0.05456349206349206,4.333333333333333
108,3.112,-8.952879581151834,-70.0,93.80915966853121,,0.16666666666666666,0.16666666666666666,0.0,0.16666666666666666
109,1.1514,-8.010471204188482,-70.0,79.75030766525548,,1.5833333333333333,2.0833333333333335,0.08280423280423278,4.833333333333333
109,3.112,-8.010471204188482,-70.0,79.75030766525548,,0.08333333333333333,0.16666666666666666,0.0,0.16666666666666666
110,1.1514,-7.0680628272251305,-70.0,97.41278789450523,,2.0,2.4166666666666665,0.0886904761904762,5.833333333333333
110,3.112,-7.0680628272251305,-70.0,97.41278789450523,,0.25,0.25,0.0,0.3333333333333333
111,1.1514,-6.12565445026178,-70.0,113.9857795923031,,2.75,2.75,0.08710016835016832,7.0
111,3.112,-6.12565445026178,-70.0,113.9857795923031,,0.3333333333333333,0.25,0.0,0.25
112,1.1514,-5.183246073298429,-70.0,125.49487186905371,,2.6666666666666665,3.0,0.10785834535834533,7.833333333333333
112,3.112,-5.183246073298429,-70.0,125.49487186905371,,0.25,0.3333333333333333,0.0,0.4166666666666667
113,1.1514,-4.240837696335079,-70.0,125.42657373072616,,2.9166666666666665,3.3333333333333335,0.15295514670514668,9.333333333333334
113,3.112,-4.240837696335079,-70.0,125.42657373072616,,0.25,0.3333333333333333,0.0,0.4166666666666667
114,1.1514,-3.298429319371728,-70.0,131.97092728427324,,2.8333333333333335,3.3333333333333335,0.12138024013024011,9.333333333333334
114,3.112,-3.298429319371728,-70.0,131.97092728427324,,0.16666666666666666,0.25,0.0,0.3333333333333333
115,1.1514,-2.356020942408377,-70.0,128.67278714374442,,2.8333333333333335,3.0,0.11304713804713802,7.25
115,3.112,-2.356020942408377,-70.0,128.67278714374442,,0.16666666666666666,0.16666666666666666,0.0,0.16666666666666666
116,1.1514,-1.4136125654450262,-70.0,127.78818082038515,,2.9166666666666665,3.75,0.13190235690235688,10.833333333333334
116,3.112,-1.4136125654450262,-70.0,127.78818082038515,,0.25,0.25,0.0,0.25
117,1.1514,-0.4712041884816754,-70.0,160.61950576098835,,3.75,3.9166666666666665,0.11887626262626261,12.416666666666666
117,3.112,-0.4712041884816754,-70.0,160.61950576098835,,0.5,0.5,0.0,0.5833333333333334
118,1.1514,0.4712041884816754,-70.0,157.4361142417861,,3.0833333333333335,3.6666666666666665,0.11489748677248675,11.5
118,3.112,0.4712041884816754,-70.0,157.4361142417861,,0.4166666666666667,0.5833333333333334,0.0,0.75
119,1.1514,1.4136125654450262,-70.0,143.98810897013982,,2.5,2.8333333333333335,0.11158008658008656,7.833333333333333
119,3.112,1.4136125654450262,-70.0,143.98810897013982,,0.25,0.25,0.0,0.25
120,1.1514,-15.549738219895294,-68.75,0.0,,0.0,8.583333333333334,0.18189272715588503,40.666666666666664
120,3.112,-15.549738219895294,-68.75,0.0,,0.0,1.3333333333333333,0.04027777777777777,0.6666666666666666
121,1.1514,-14.60732984293194,-68.75,21.194300948215268,,0.08333333333333333,7.25,0.1862466577540107,32.0
121,3.112,-14.60732984293194,-68.75,21.194300948215268,,0.0,0.9166666666666666,0.05555555555555555,0.3333333333333333
122,1.1514,-13.664921465968591,-68.75,163.9285563285803,,4.916666666666667,5.333333333333333,0.20012891815960868,22.083333333333332
122,3.112,-13.664921465968591,-68.75,163.9285563285803,,1.0833333333333333,0.3333333333333333,0.024999999999999998,0.0
123,1.1514,-12.72251308900524,-68.75,108.60930219559889,,6.666666666666667,2.75,0.1389241205417676,8.5
123,3.112,-12.72251308900524,-68.75,108.60930219559889,,0.3333333333333333,0.0,0.027777777777777776,0.0
124,1.1514,-11.780104712041888,-68.75,101.10585079150589,,1.1666666666666667,1.6666666666666667,0.11884920634920633,3.4166666666666665
124,3.112,-11.780104712041888,-68.75,101.10585079150589,,0.0,0.0,0.0,0.0
125,1.1514,-10.837696335078538,-68.75,108.27476846570733,,1.4166666666666667,1.8333333333333333,0.05813492063492063,4.0
125,3.112,-10.837696335078538,-68.75,108.27476846570733,,0.0,0.0,0.0,0.0
126,1.1514,-9.895287958115183,-68.75,85.0788399178651,,1.5833333333333333,1.8333333333333333,0.055555555555555546,3.9166666666666665
126,3.112,-9.895287958115183,-68.75,85.0788399178651,,0.0,0.08333333333333333,0.0,0.0
127,1.1514,-8.952879581151834,-68.75,84.33827037209959,,1.6666666666666667,1.9166666666666667,0.07470238095238095,4.0
127,3.112,-8.952879581151834,-68.75,84.33827037209959,,0.08333333333333333,0.08333333333333333,0.0,0.08333333333333333
128,1.1514,-8.010471204188482,-68.75,97.78079386956391,,2.0833333333333335,2.1666666666666665,0.07645502645502644,4.666666666666667
128,3.112,-8.010471204188482,-68.75,97.78079386956391,,0.25,0.25,0.0,0.3333333333333333
129,1.1514,-7.0680628272251305,-68.75,102.48596124602174,,2.25,2.1666666666666665,0.07827380952380951,4.75
129,3.112,-7.0680628272251305,-68.75,102.48596124602174,,0.25,0.25,0.0,0.3333333333333333
130,1.1514,-6.12565445026178,-68.75,116.8253756434474,,2.8333333333333335,2.5833333333333335,0.07748316498316497,6.333333333333333
130,3.112,-6.12565445026178,-68.75,116.8253756434474,,0.3333333333333333,0.25,0.0,0.25
131,1.1514,-5.183246073298429,-68.75,127.194539448127,,3.0833333333333335,3.0,0.09567099567099564,8.25
131,3.112,-5.183246073298429,-68.75,127.194539448127,,0.3333333333333333,0.25,0.0,0.25
132,1.1514,-4.240837696335079,-68.75,144.54637060430147,,3.5,3.3333333333333335,0.11064213564213561,10.5
132,3.112,-4.240837696335079,-68.75,144.54637060430147,,0.4166666666666667,0.3333333333333333,0.0,0.3333333333333333
133,1.1514,-3.298429319371728,-68.75,142.86372893853846,,3.0,3.8333333333333335,0.11902981277981277,12.666666666666666
133,3.112,-3.298429319371728,-68.75,142.86372893853846,,0.3333333333333333,0.25,0.0,0.25
134,1.1514,-2.356020942408377,-68.75,136.80547322354337,,3.0,3.8333333333333335,0.11904623154623152,12.25
134,3.112,-2.356020942408377,-68.75,136.80547322354337,,0.25,0.25,0.0,0.25
135,1.1514,-1.4136125654450262,-68.75,143.41159296763328,,3.0833333333333335,4.25,0.13193195693195692,14.166666666666666
135,3.112,-1.4136125654450262,-68.75,143.41159296763328,,0.3333333333333333,0.4166666666666667,0.0,0.5
136,1.1514,-0.4712041884816754,-68.75,169.41252050682752,,3.8333333333333335,5.25,0.13673852592196242,21.666666666666668
136,3.112,-0.4712041884816754,-68.75,169.41252050682752,,0.5833333333333334,0.6666666666666666,0.0,0.8333333333333334
137,1.1514,0.4712041884816754,-68.75,190.35667091020775,,3.8333333333333335,5.0,0.12221372377622376,19.416666666666668
137,3.112,0.4712041884816754,-68.75,190.35667091020775,,0.5833333333333334,0.6666666666666666,0.0,0.9166666666666666
138,1.1514,1.4136125654450262,-68.75,177.91192771802275,,3.0,4.916666666666667,0.1906891367156268,17.666666666666668
138,3.112,1.4136125654450262,-68.75,177.91192771802275,,0.4166666666666667,0.5833333333333334,0.0,0.75
139,1.1514,2.356020942408377,-68.75,187.66173606383325,,2.0,3.25,0.24050925925925926,8.5
139,3.112,2.356020942408377,-68.75,187.66173606383325,,0.5,0.6666666666666666,0.0,0.8333333333333334
140,1.1514,-16.492146596858646,-67.5,0.0,,0.0,6.583333333333333,0.16756474519632414,27.666666666666668
140,3.112,-16.492146596858646,-67.5,0.0,,0.0,0.6666666666666666,0.0625,0.3333333333333333
141,1.1514,-15.549738219895294,-67.5,90.29775962075071,,1.6666666666666667,6.916666666666667,0.14961617330038382,28.083333333333332
141,3.112,-15.549738219895294,-67.5,90.29775962075071,,0.3333333333333333,0.3333333333333333,0.06944444444444443,0.0
142,1.1514,-14.60732984293194,-67.5,76.06218159855709,,2.6666666666666665,1.5833333333333333,0.19587542087542087,3.5833333333333335
142,3.112,-14.60732984293194,-67.5,76.06218159855709,,0.4166666666666667,0.0,0.08333333333333333,0.0
143,1.1514,-13.664921465968591,-67.5,55.946072331167876,,1.4166666666666667,0.5,0.19444444444444445,0.6666666666666666
143,3.112,-13.664921465968591,-67.5,55.946072331167876,,0.0,0.0,0.0,0.0
144,1.1514,-12.72251308900524,-67.5,33.20441390806769,,0.0,1.0,0.05277777777777778,1.9166666666666667
144,3.112,-12.72251308900524,-67.5,33.20441390806769,,0.0,0.0,0.0,0.0
145,1.1514,-11.780104712041888,-67.5,82.92249131467027,,1.4166666666666667,1.4166666666666667,0.027777777777777766,2.6666666666666665
145,3.112,-11.780104712041888,-67.5,82.92249131467027,,0.0,0.0,0.0,0.0
146,1.1514,-10.837696335078538,-67.5,98.06726507708464,,1.75,1.5,0.035846560846560835,3.25
146,3.112,-10.837696335078538,-67.5,98.06726507708464,,0.08333333333333333,0.08333333333333333,0.0,0.08333333333333333
147,1.1514,-9.895287958115183,-67.5,66.63987900545844,,0.8333333333333334,1.6666666666666667,0.0986111111111111,3.5
147,3.112,-9.895287958115183,-67.5,66.63987900545844,,0.0,0.08333333333333333,0.0,0.08333333333333333
148,1.1514,-8.952879581151834,-67.5,93.46203835167988,,1.75,1.8333333333333333,0.060515873015873,4.166666666666667
148,3.112,-8.952879581151834,-67.5,93.46203835167988,,0.25,0.25,0.0,0.3333333333333333
149,1.1514,-8.010471204188482,-67.5,93.6839599693079,,1.8333333333333333,2.3333333333333335,0.08164682539682538,5.416666666666667
149,3.112,-8.010471204188482,-67.5,93.6839599693079,,0.25,0.16666666666666666,0.0,0.16666666666666666
150,1.1514,-7.0680628272251305,-67.5,101.84147902872195,,2.3333333333333335,2.3333333333333335,0.07738095238095237,5.166666666666667
150,3.112,-7.0680628272251305,-67.5,101.84147902872195,,0.16666666666666666,0.16666666666666666,0.0,0.16666666666666666
151,1.1514,-6.12565445026178,-67.5,101.74463688822829,,2.4166666666666665,2.5833333333333335,0.07989417989417988,6.833333333333333
151,3.112,-6.12565445026178,-67.5,101.74463688822829,,0.16666666666666666,0.16666666666666666,0.0,0.16666666666666666
152,1.1514,-5.183246073298429,-67.5,102.59610657602337,,2.3333333333333335,2.6666666666666665,0.12095057720057718,7.333333333333333
152,3.112,-5.183246073298429,-67.5,102.59610657602337,,0.08333333333333333,0.08333333333333333,0.0,0.08333333333333333
153,1.1514,-4.240837696335079,-67.5,113.59278148582892,,2.5833333333333335,3.0833333333333335,0.0957070707070707,9.416666666666666
153,3.112,-4.240837696335079,-67.5,113.59278148582892,,0.16666666666666666,0.16666666666666666,0.0,0.16666666666666666
154,1.1514,-3.298429319371728,-67.5,121.13117112271334,,2.75,3.1666666666666665,0.1362234987234987,9.583333333333334
154,3.112,-3.298429319371728,-67.5,121.13117112271334,,0.16666666666666666,0.16666666666666666,0.0,0.16666666666666666
155,1.1514,-2.356020942408377,-67.5,133.66054094078982,,3.25,3.6666666666666665,0.12421918359418359,11.916666666666666
155,3.112,-2.356020942408377,-67.5,133.66054094078982,,0.16666666666666666,0.25,0.0,0.3333333333333333
156,1.1514,-1.4136125654450262,-67.5,148.17438819166523,,3.25,4.5,0.12946359196359195,14.75
156,3.112,-1.4136125654450262,-67.5,148.17438819166523,,0.4166666666666667,0.5833333333333334,0.0,0.8333333333333334
157,1.1514,-0.4712041884816754,-67.5,165.53241920333213,,3.5833333333333335,5.5,0.1395748042806866,21.416666666666668
157,3.112,-0.4712041884816754,-67.5,165.53241920333213,,0.5,0.6666666666666666,0.0,1.0
158,1.1514,0.4712041884816754,-67.5,184.83235040102602,,4.083333333333333,5.583333333333333,0.1662517925169747,23.0
158,3.112,0.4712041884816754,-67.5,184.83235040102602,,0.6666666666666666,0.6666666666666666,0.0,0.9166666666666666
159,1.1514,1.4136125654450262,-67.5,193.81350065450422,,3.75,6.5,0.16712597362901005,23.083333333333332
159,3.112,1.4136125654450262,-67.5,193.81350065450422,,0.5833333333333334,0.6666666666666666,0.0,0.9166666666666666
160,1.1514,2.356020942408377,-67.5,256.59070844751864,,3.6666666666666665,4.416666666666667,0.23805453805453802,12.666666666666666
160,3.112,2.356020942408377,-67.5,256.59070844751864,,0.75,1.0833333333333333,0.0,1.5833333333333333
161,1.1514,-18.376963350785346,-66.25,0.0,,0.0,0.3333333333333333,0.0,0.3333333333333333
161,3.112,-18.376963350785346,-66.25,0.0,,0.0,0.0,0.0,0.0
162,1.1514,-17.434554973821996,-66.25,0.0,,0.0,1.4166666666666667,0.1101190476190476,3.25
162,3.112,-17.434554973821996,-66.25,0.0,,0.0,0.0,0.0,0.0
163,1.1514,-16.492146596858646,-66.25,35.74359741225539,,0.16666666666666666,4.166666666666667,0.11317340067340065,11.75
163,3.112,-16.492146596858646,-66.25,35.74359741225539,,0.0,0.4166666666666667,0.0,0.0
164,1.1514,-15.549738219895294,-66.25,103.43171030871669,,3.25,1.3333333333333333,0.07683080808080807,2.3333333333333335
164,3.112,-15.549738219895294,-66.25,103.43171030871669,,0.4166666666666667,0.0,0.0,0.0
165,1.1514,-14.60732984293194,-66.25,86.90780577592228,,2.5,0.5,0.15178571428571427,0.5833333333333334
165,3.112,-14.60732984293194,-66.25,86.90780577592228,,0.0,0.0,0.0,0.0
166,1.1514,-13.664921465968591,-66.25,8.894394768656806,,0.0,0.3333333333333333,0.08333333333333333,0.5
166,3.112,-13.664921465968591,-66.25,8.894394768656806,,0.0,0.0,0.0,0.0
167,1.1514,-12.72251308900524,-66.25,0.0,,0.0,0.5833333333333334,0.05555555555555555,0.8333333333333334
167,3.112,-12.72251308900524,-66.25,0.0,,0.0,0.0,0.0,0.0
168,1.1514,-11.780104712041888,-66.25,55.87324553758435,,0.5833333333333334,1.0,0.027777777777777766,1.5
168,3.112,-11.780104712041888,-66.25,55.87324553758435,,0.0,0.0,0.0,0.0
169,1.1514,-10.837696335078538,-66.25,75.36084959660548,,1.0,1.4166666666666667,0.048611111111111105,2.75
169,3.112,-10.837696335078538,-66.25,75.36084959660548,,0.0,0.0,0.0,0.0
170,1.1514,-9.895287958115183,-66.25,83.02341601850001,,1.25,1.5,0.0722222222222222,3.0
170,3.112,-9.895287958115183,-66.25,83.02341601850001,,0.0,0.0,0.0,0.0
171,1.1514,-8.952879581151834,-66.25,87.28267290423162,,1.4166666666666667,2.0,0.08333333333333331,4.5
171,3.112,-8.952879581151834,-66.25,87.28267290423162,,0.08333333333333333,0.08333333333333333,0.0,0.08333333333333333
172,1.1514,-8.010471204188482,-66.25,95.11875248209044,,1.9166666666666667,2.0833333333333335,0.08789682539682538,4.666666666666667
172,3.112,-8.010471204188482,-66.25,95.11875248209044,,0.16666666666666666,0.16666666666666666,0.0,0.16666666666666666
173,1.1514,-7.0680628272251305,-66.25,101.23572000798833,,2.25,2.4166666666666665,0.08244047619047618,5.75
173,3.112,-7.0680628272251305,-66.25,101.23572000798833,,0.16666666666666666,0.16666666666666666,0.0,0.16666666666666666
174,1.1514,-6.12565445026178,-66.25,102.58483749616128,,2.4166666666666665,2.75,0.09742063492063491,7.25
174,3.112,-6.12565445026178,-66.25,102.58483749616128,,0.16666666666666666,0.16666666666666666,0.0,0.16666666666666666
175,1.1514,-5.183246073298429,-66.25,101.43093481847798,,2.5,2.9166666666666665,0.09474506974506973,8.083333333333334
175,3.112,-5.183246073298429,-66.25,101.43093481847798,,0.08333333333333333,0.08333333333333333,0.0,0.08333333333333333
176,1.1514,-4.240837696335079,-66.25,104.50784947974678,,2.4166666666666665,2.9166666666666665,0.09759199134199133,8.416666666666666
176,3.112,-4.240837696335079,-66.25,104.50784947974678,,0.08333333333333333,0.08333333333333333,0.0,0.08333333333333333
177,1.1514,-3.298429319371728,-66.25,116.28521593123959,,2.8333333333333335,3.0833333333333335,0.10889180264180263,8.916666666666666
177,3.112,-3.298429319371728,-66.25,116.28521593123959,,0.16666666666666666,0.16666666666666666,0.0,0.16666666666666666
178,1.1514,-2.356020942408377,-66.25,126.65295963889223,,3.0833333333333335,3.3333333333333335,0.1344178969178969,10.166666666666666
178,3.112,-2.356020942408377,-66.25,126.65295963889223,,0.25,0.25,0.0,0.25
179,1.1514,-1.4136125654450262,-66.25,145.27869404765107,,3.3333333333333335,3.75,0.1303030303030303,11.333333333333334
179,3.112,-1.4136125654450262,-66.25,145.27869404765107,,0.5833333333333334,0.5833333333333334,0.0,0.75
180,1.1514,-0.4712041884816754,-66.25,152.0275980157961,,3.8333333333333335,4.916666666666667,0.13141863583040053,16.166666666666668
180,3.112,-0.4712041884816754,-66.25,152.0275980157961,,0.6666666666666666,0.75,0.0,1.0833333333333333
181,1.1514,0.4712041884816754,-66.25,155.87006847881574,,3.8333333333333335,5.25,0.21976679366385246,17.666666666666668
181,3.112,0.4712041884816754,-66.25,155.87006847881574,,0.6666666666666666,1.0,0.0,1.5833333333333333
182,1.1514,1.4136125654450262,-66.25,135.77639077293344,,2.9166666666666665,5.0,0.2752104377104377,15.25
182,3.112,1.4136125654450262,-66.25,135.77639077293344,,0.5833333333333334,0.9166666666666666,0.0,1.25
183,1.1514,2.356020942408377,-66.25,225.69124611649443,,4.583333333333333,3.3333333333333335,0.23245319495319494,7.0
183,3.112,2.356020942408377,-66.25,225.69124611649443,,1.1666666666666667,0.6666666666666666,0.0,0.75
184,1.1514,-18.376963350785346,-65.0,0.0,,0.0,0.6666666666666666,0.013888888888888883,0.75
184,3.112,-18.376963350785346,-65.0,0.0,,0.0,0.0,0.0,0.0
185,1.1514,-17.434554973821996,-65.0,22.718399203284246,,0.0,1.4166666666666667,0.10555555555555556,2.3333333333333335
185,3.112,-17.434554973821996,-65.0,22.718399203284246,,0.0,0.08333333333333333,0.0,0.0
186,1.1514,-16.492146596858646,-65.0,79.53378196840659,,2.0,1.1666666666666667,0.04305555555555554,2.0
186,3.112,-16.492146596858646,-65.0,79.53378196840659,,0.08333333333333333,0.0,0.0,0.0
187,1.1514,-15.549738219895294,-65.0,93.88096897422122,,1.1666666666666667,0.5,0.07638888888888888,0.6666666666666666
187,3.112,-15.549738219895294,-65.0,93.88096897422122,,0.0,0.0,0.0,0.0
188,1.1514,-14.60732984293194,-65.0,43.650908573711725,,0.0,0.0,0.0,0.0
188,3.112,-14.60732984293194,-65.0,43.650908573711725,,0.0,0.0,0.0,0.0
189,1.1514,-13.664921465968591,-65.0,10.813879201398223,,0.0,0.0,0.0,0.0
189,3.112,-13.664921465968591,-65.0,10.813879201398223,,0.0,0.0,0.0,0.0
190,1.1514,-12.72251308900524,-65.0,0.50290098915982,,0.0,0.4166666666666667,0.041666666666666664,0.5
190,3.112,-12.72251308900524,-65.0,0.50290098915982,,0.0,0.0,0.0,0.0
191,1.1514,-11.780104712041888,-65.0,64.47410528071613,,0.8333333333333334,1.0833333333333333,0.08333333333333333,1.75
191,3.112,-11.780104712041888,-65.0,64.47410528071613,,0.0,0.0,0.0,0.0
192,1.1514,-10.837696335078538,-65.0,88.2882123906183,,1.1666666666666667,1.4166666666666667,0.0486111111111111,2.5833333333333335
192,3.112,-10.837696335078538,-65.0,88.2882123906183,,0.0,0.0,0.0,0.0
193,1.1514,-9.895287958115183,-65.0,85.30483015972627,,1.1666666666666667,1.3333333333333333,0.11805555555555554,2.4166666666666665
193,3.112,-9.895287958115183,-65.0,85.30483015972627,,0.0,0.0,0.0,0.0
194,1.1514,-8.952879581151834,-65.0,98.61364902851658,,1.75,1.6666666666666667,0.07916666666666665,3.3333333333333335
194,3.112,-8.952879581151834,-65.0,98.61364902851658,,0.08333333333333333,0.08333333333333333,0.0,0.08333333333333333
195,1.1514,-8.010471204188482,-65.0,102.41649634558712,,2.1666666666666665,2.25,0.08035714285714285,5.416666666666667
195,3.112,-8.010471204188482,-65.0,102.41649634558712,,0.16666666666666666,0.16666666666666666,0.0,0.16666666666666666
196,1.1514,-7.0680628272251305,-65.0,103.77940923963479,,2.25,2.5833333333333335,0.09305555555555554,6.583333333333333
196,3.112,-7.0680628272251305,-65.0,103.77940923963479,,0.16666666666666666,0.16666666666666666,0.0,0.16666666666666666
197,1.1514,-6.12565445026178,-65.0,100.67653014906597,,2.3333333333333335,3.0833333333333335,0.11157407407407406,8.666666666666666
197,3.112,-6.12565445026178,-65.0,100.67653014906597,,0.08333333333333333,0.08333333333333333,0.0,0.08333333333333333
198,1.1514,-5.183246073298429,-65.0,113.80771769979509,,2.8333333333333335,3.3333333333333335,0.11346801346801344,10.083333333333334
198,3.112,-5.183246073298429,-65.0,113.80771769979509,,0.16666666666666666,0.16666666666666666,0.0,0.16666666666666666
199,1.1514,-4.240837696335079,-65.0,119.9185255521803,,2.9166666666666665,3.1666666666666665,0.10783730158730155,9.0
199,3.112,-4.240837696335079,-65.0,119.9185255521803,,0.08333333333333333,0.08333333333333333,0.0,0.08333333333333333
200,1.1514,-3.298429319371728,-65.0,114.14560336938433,,2.75,2.6666666666666665,0.12210497835497836,6.5
200,3.112,-3.298429319371728,-65.0,114.14560336938433,,0.08333333333333333,0.08333333333333333,0.0,0.08333333333333333
201,1.1514,-2.356020942408377,-65.0,131.6528917830511,,3.75,3.0,0.11593915343915341,8.333333333333334
201,3.112,-2.356020942408377,-65.0,131.6528917830511,,0.25,0.3333333333333333,0.0,0.4166666666666667
202,1.1514,-1.4136125654450262,-65.0,141.28796560195937,,3.6666666666666665,3.5,0.11764346764346761,10.833333333333334
202,3.112,-1.4136125654450262,-65.0,141.28796560195937,,0.5,0.5833333333333334,0.0,0.5833333333333334
203,1.1514,-0.4712041884816754,-65.0,144.62954609226816,,4.25,3.6666666666666665,0.124290293040293,11.416666666666666
203,3.112,-0.4712041884816754,-65.0,144.62954609226816,,0.8333333333333334,0.4166666666666667,0.0,0.4166666666666667
204,1.1514,0.4712041884816754,-65.0,169.28244133474834,,5.666666666666667,3.6666666666666665,0.18977375572770305,10.583333333333334
204,3.112,0.4712041884816754,-65.0,169.28244133474834,,0.8333333333333334,0.4166666666666667,0.0,0.4166666666666667
205,1.1514,1.4136125654450262,-65.0,184.07090310422367,,6.583333333333333,3.25,0.22631257631257629,7.833333333333333
205,3.112,1.4136125654450262,-65.0,184.07090310422367,,1.0833333333333333,0.6666666666666666,0.0,0.9166666666666666
206,1.1514,-20.261780104712045,-63.75,6.052111935660601,,0.0,0.25,0.0,0.25
206,3.112,-20.261780104712045,-63.75,6.052111935660601,,0.0,0.0,0.0,0.0
207,1.1514,-19.319371727748692,-63.75,27.02267483730567,,0.16666666666666666,0.75,0.0,1.0
207,3.112,-19.319371727748692,-63.75,27.02267483730567,,0.0,0.0,0.0,0.0
208,1.1514,-18.376963350785346,-63.75,52.51999791666177,,1.1666666666666667,0.4166666666666667,0.0,0.4166666666666667
208,3.112,-18.376963350785346,-63.75,52.51999791666177,,0.0,0.0,0.0,0.0
209,1.1514,-17.434554973821996,-63.75,28.500869604959586,,0.0,0.25,0.027777777777777776,0.4166666666666667
209,3.112,-17.434554973821996,-63.75,28.500869604959586,,0.0,0.0,0.0,0.0
210,1.1514,-16.492146596858646,-63.75,68.20503044055872,,0.25,0.3333333333333333,0.041666666666666664,0.5
210,3.112,-16.492146596858646,-63.75,68.20503044055872,,0.0,0.0,0.0,0.0
211,1.1514,-15.549738219895294,-63.75,57.2455457343056,,0.16666666666666666,0.5,0.041666666666666664,0.5833333333333334
211,3.112,-15.549738219895294,-63.75,57.2455457343056,,0.0,0.0,0.0,0.0
212,1.1514,-14.60732984293194,-63.75,92.58405780889184,,1.1666666666666667,0.5,0.013888888888888883,0.5
212,3.112,-14.60732984293194,-63.75,92.58405780889184,,0.0,0.0,0.0,0.0
213,1.1514,-13.664921465968591,-63.75,48.70028262831,,0.0,0.08333333333333333,0.0,0.08333333333333333
213,3.112,-13.664921465968591,-63.75,48.70028262831,,0.0,0.0,0.0,0.0
214,1.1514,-12.72251308900524,-63.75,48.23892620976946,,0.16666666666666666,0.5833333333333334,0.041666666666666664,0.75
214,3.112,-12.72251308900524,-63.75,48.23892620976946,,0.0,0.0,0.0,0.0
215,1.1514,-11.780104712041888,-63.75,79.20579231759488,,1.0,0.9166666666666666,0.041666666666666664,1.3333333333333333
215,3.112,-11.780104712041888,-63.75,79.20579231759488,,0.0,0.0,0.0,0.0
216,1.1514,-10.837696335078538,-63.75,95.14344746811703,,1.4166666666666667,0.9166666666666666,0.011111111111111108,1.3333333333333333
216,3.112,-10.837696335078538,-63.75,95.14344746811703,,0.0,0.0,0.0,0.0
217,1.1514,-9.895287958115183,-63.75,81.56773122145012,,1.0,1.4166666666666667,0.06944444444444442,2.8333333333333335
217,3.112,-9.895287958115183,-63.75,81.56773122145012,,0.0,0.0,0.0,0.0
218,1.1514,-8.952879581151834,-63.75,77.49396723342876,,1.0833333333333333,2.0833333333333335,0.1111111111111111,5.083333333333333
218,3.112,-8.952879581151834,-63.75,77.49396723342876,,0.0,0.0,0.0,0.0
219,1.1514,-8.010471204188482,-63.75,103.07207630928669,,2.25,2.5833333333333335,0.08521825396825394,7.0
219,3.112,-8.010471204188482,-63.75,103.07207630928669,,0.25,0.25,0.0,0.25
220,1.1514,-7.0680628272251305,-63.75,107.0317197752824,,2.1666666666666665,3.3333333333333335,0.11173941798941796,10.583333333333334
220,3.112,-7.0680628272251305,-63.75,107.0317197752824,,0.25,0.25,0.0,0.25
221,1.1514,-6.12565445026178,-63.75,109.52280946146679,,2.5833333333333335,3.0833333333333335,0.11648929773929773,9.416666666666666
221,3.112,-6.12565445026178,-63.75,109.52280946146679,,0.25,0.25,0.0,0.25
222,1.1514,-5.183246073298429,-63.75,117.2462992452484,,2.6666666666666665,3.25,0.14437830687830686,9.5
222,3.112,-5.183246073298429,-63.75,117.2462992452484,,0.25,0.3333333333333333,0.0,0.4166666666666667
223,1.1514,-4.240837696335079,-63.75,115.93215983080249,,2.8333333333333335,2.9166666666666665,0.15084175084175083,8.083333333333334
223,3.112,-4.240837696335079,-63.75,115.93215983080249,,0.08333333333333333,0.08333333333333333,0.0,0.08333333333333333
224,1.1514,-3.298429319371728,-63.75,126.17987810216131,,3.0,2.8333333333333335,0.11809764309764308,7.666666666666667
224,3.112,-3.298429319371728,-63.75,126.17987810216131,,0.16666666666666666,0.3333333333333333,0.0,0.4166666666666667
225,1.1514,-2.356020942408377,-63.75,154.57375099988215,,3.75,3.3333333333333335,0.08688811188811187,9.333333333333334
225,3.112,-2.356020942408377,-63.75,154.57375099988215,,0.4166666666666667,0.4166666666666667,0.0,0.5833333333333334
226,1.1514,-1.4136125654450262,-63.75,156.76893337992541,,3.9166666666666665,3.8333333333333335,0.09426510989010987,12.583333333333334
226,3.112,-1.4136125654450262,-63.75,156.76893337992541,,0.5,0.25,0.0,0.3333333333333333
227,1.1514,-0.4712041884816754,-63.75,123.70336730428875,,3.5,3.0,0.12758537758537755,9.25
227,3.112,-0.4712041884816754,-63.75,123.70336730428875,,0.0,0.0,0.0,0.0
228,1.1514,0.4712041884816754,-63.75,117.56970902280152,,3.75,2.8333333333333335,0.1616906241906242,8.0
228,3.112,0.4712041884816754,-63.75,117.56970902280152,,0.0,0.0,0.0,0.0
229,1.1514,1.4136125654450262,-63.75,142.89939869973665,,5.916666666666667,2.6666666666666665,0.20009990009990009,6.166666666666667
229,3.112,1.4136125654450262,-63.75,142.89939869973665,,0.5,0.5,0.0,0.5833333333333334
230,1.1514,3.298429319371728,-63.75,162.1833820134112,,3.25,1.6666666666666667,0.3013888888888889,2.3333333333333335
230,3.112,3.298429319371728,-63.75,162.1833820134112,,0.5833333333333334,1.0,0.0,1.0833333333333333
231,1.1514,-19.319371727748692,-62.5,0.0712419087527,,0.0,0.0,0.0,0.0
231,3.112,-19.319371727748692,-62.5,0.0712419087527,,0.0,0.0,0.0,0.0
232,1.1514,-18.376963350785346,-62.5,0.2837824331392469,,0.0,0.0,0.0,0.0
232,3.112,-18.376963350785346,-62.5,0.2837824331392469,,0.0,0.0,0.0,0.0
233,1.1514,-17.434554973821996,-62.5,0.0,,0.0,0.0,0.0,0.0
233,3.112,-17.434554973821996,-62.5,0.0,,0.0,0.0,0.0,0.0
234,1.1514,-16.492146596858646,-62.5,49.93800084413514,,0.0,0.16666666666666666,0.041666666666666664,0.25
234,3.112,-16.492146596858646,-62.5,49.93800084413514,,0.0,0.0,0.0,0.0
235,1.1514,-15.549738219895294,-62.5,73.71263975410739,,0.3333333333333333,0.8333333333333334,0.0,1.1666666666666667
235,3.112,-15.549738219895294,-62.5,73.71263975410739,,0.0,0.0,0.0,0.0
236,1.1514,-14.60732984293194,-62.5,93.82619006612833,,1.0833333333333333,0.9166666666666666,0.0,1.3333333333333333
236,3.112,-14.60732984293194,-62.5,93.82619006612833,,0.0,0.0,0.0,0.0
237,1.1514,-13.664921465968591,-62.5,85.6668819670108,,1.0,0.8333333333333334,0.0,1.0
237,3.112,-13.664921465968591,-62.5,85.6668819670108,,0.0,0.0,0.0,0.0
238,1.1514,-12.72251308900524,-62.5,60.00388823305597,,0.6666666666666666,0.4166666666666667,0.0,0.5
238,3.112,-12.72251308900524,-62.5,60.00388823305597,,0.0,0.0,0.0,0.0
239,1.1514,-11.780104712041888,-62.5,50.02279026699697,,0.16666666666666666,0.16666666666666666,0.0,0.16666666666666666
239,3.112,-11.780104712041888,-62.5,50.02279026699697,,0.0,0.0,0.0,0.0
240,1.1514,-10.837696335078538,-62.5,38.63414132560587,,0.0,1.3333333333333333,0.2152777777777778,2.3333333333333335
240,3.112,-10.837696335078538,-62.5,38.63414132560587,,0.0,0.0,0.0,0.0
241,1.1514,-9.895287958115183,-62.5,86.96808030559033,,0.9166666666666666,2.4166666666666665,0.13333333333333333,6.333333333333333
241,3.112,-9.895287958115183,-62.5,86.96808030559033,,0.0,0.0,0.0,0.0
242,1.1514,-8.952879581151834,-62.5,100.68078199813222,,1.9166666666666667,2.5,0.09305555555555554,6.583333333333333
242,3.112,-8.952879581151834,-62.5,100.68078199813222,,0.08333333333333333,0.08333333333333333,0.0,0.08333333333333333
243,1.1514,-8.010471204188482,-62.5,98.99452695018782,,2.0833333333333335,3.1666666666666665,0.11924603174603172,9.583333333333334
243,3.112,-8.010471204188482,-62.5,98.99452695018782,,0.16666666666666666,0.25,0.0,0.3333333333333333
244,1.1514,-7.0680628272251305,-62.5,124.58727317395528,,2.8333333333333335,3.6666666666666665,0.11505092130092126,12.5
244,3.112,-7.0680628272251305,-62.5,124.58727317395528,,0.5,0.5,0.0,0.5833333333333334
245,1.1514,-6.12565445026178,-62.5,128.20416100559746,,2.75,3.4166666666666665,0.12463924963924962,10.916666666666666
245,3.112,-6.12565445026178,-62.5,128.20416100559746,,0.5,0.5,0.0,0.5833333333333334
246,1.1514,-5.183246073298429,-62.5,133.6976476815128,,3.25,3.5,0.13197520072520072,10.666666666666666
246,3.112,-5.183246073298429,-62.5,133.6976476815128,,0.5,0.5,0.0,0.5833333333333334
247,1.1514,-4.240837696335079,-62.5,126.18953824922126,,3.0833333333333335,3.4166666666666665,0.13788480038480036,10.5
247,3.112,-4.240837696335079,-62.5,126.18953824922126,,0.25,0.25,0.0,0.25
248,1.1514,-3.298429319371728,-62.5,145.65341648989352,,3.4166666666666665,3.1666666666666665,0.12117327117327115,9.333333333333334
248,3.112,-3.298429319371728,-62.5,145.65341648989352,,0.4166666666666667,0.3333333333333333,0.0,0.4166666666666667
249,1.1514,-2.356020942408377,-62.5,173.39216868904293,,3.6666666666666665,3.75,0.092497501137207,12.916666666666666
249,3.112,-2.356020942408377,-62.5,173.39216868904293,,0.5833333333333334,0.5833333333333334,0.0,0.6666666666666666
250,1.1514,-1.4136125654450262,-62.5,156.3523058062714,,3.4166666666666665,3.9166666666666665,0.09342081529581527,13.166666666666666
250,3.112,-1.4136125654450262,-62.5,156.3523058062714,,0.25,0.3333333333333333,0.0,0.3333333333333333
251,1.1514,-0.4712041884816754,-62.5,141.33835765276328,,3.4166666666666665,3.4166666666666665,0.11078227328227326,11.333333333333334
251,3.112,-0.4712041884816754,-62.5,141.33835765276328,,0.0,0.16666666666666666,0.0,0.16666666666666666
252,1.1514,0.4712041884816754,-62.5,96.45516031021056,,1.75,2.6666666666666665,0.16962782587782588,8.333333333333334
252,3.112,0.4712041884816754,-62.5,96.45516031021056,,0.0,0.0,0.0,0.0
253,1.1514,1.4136125654450262,-62.5,141.83925034500012,,5.083333333333333,2.4166666666666665,0.13883188570688568,5.083333333333333
253,3.112,1.4136125654450262,-62.5,141.83925034500012,,0.25,0.25,0.0,0.25
254,1.1514,2.356020942408377,-62.5,159.50591086047663,,5.166666666666667,1.5,0.20878982128982126,2.4166666666666665
254,3.112,2.356020942408377,-62.5,159.50591086047663,,0.16666666666666666,0.16666666666666666,0.0,0.16666666666666666
255,1.1514,3.298429319371728,-62.5,136.1520614097506,,3.3333333333333335,0.6666666666666666,0.23082010582010581,0.6666666666666666
255,3.112,3.298429319371728,-62.5,136.1520614097506,,0.6666666666666666,0.16666666666666666,0.0,0.16666666666666666
256,1.1514,-18.376963350785346,-61.25,0.03054178414376246,,0.0,0.0,0.0,0.0
256,3.112,-18.376963350785346,-61.25,0.03054178414376246,,0.0,0.0,0.0,0.0
257,1.1514,-17.434554973821996,-61.25,0.2136717303176191,,0.0,0.0,0.0,0.0
257,3.112,-17.434554973821996,-61.25,0.2136717303176191,,0.0,0.0,0.0,0.0
258,1.1514,-16.492146596858646,-61.25,28.82056789578884,,0.0,0.08333333333333333,0.0,0.08333333333333333
258,3.112,-16.492146596858646,-61.25,28.82056789578884,,0.0,0.0,0.0,0.0
259,1.1514,-15.549738219895294,-61.25,25.242383210487656,,0.0,0.16666666666666666,0.0,0.16666666666666666
259,3.112,-15.549738219895294,-61.25,25.242383210487656,,0.0,0.0,0.0,0.0
260,1.1514,-14.60732984293194,-61.25,42.689444220993245,,0.08333333333333333,0.5833333333333334,0.0,0.6666666666666666
260,3.112,-14.60732984293194,-61.25,42.689444220993245,,0.0,0.0,0.0,0.0
261,1.1514,-13.664921465968591,-61.25,77.99989269662447,,1.0,0.5833333333333334,0.0,0.6666666666666666
261,3.112,-13.664921465968591,-61.25,77.99989269662447,,0.0,0.0,0.0,0.0
262,1.1514,-12.72251308900524,-61.25,31.938959640557812,,0.08333333333333333,0.5,0.0,0.5
262,3.112,-12.72251308900524,-61.25,31.938959640557812,,0.0,0.0,0.0,0.0
263,1.1514,-11.780104712041888,-61.25,66.48676897317385,,0.5833333333333334,1.5,0.15277777777777776,3.0
263,3.112,-11.780104712041888,-61.25,66.48676897317385,,0.0,0.0,0.0,0.0
264,1.1514,-10.837696335078538,-61.25,87.6603094634445,,1.1666666666666667,2.1666666666666665,0.14027777777777778,5.5
264,3.112,-10.837696335078538,-61.25,87.6603094634445,,0.08333333333333333,0.16666666666666666,0.0,0.16666666666666666
265,1.1514,-9.895287958115183,-61.25,116.14278903209988,,2.25,2.4166666666666665,0.0972222222222222,6.083333333333333
265,3.112,-9.895287958115183,-61.25,116.14278903209988,,0.4166666666666667,0.4166666666666667,0.0,0.5
266,1.1514,-8.952879581151834,-61.25,113.98281326872394,,2.3333333333333335,2.75,0.10548941798941795,7.416666666666667
266,3.112,-8.952879581151834,-61.25,113.98281326872394,,0.4166666666666667,0.4166666666666667,0.0,0.5
267,1.1514,-8.010471204188482,-61.25,120.27507539220693,,2.8333333333333335,3.1666666666666665,0.10977032227032224,9.916666666666666
267,3.112,-8.010471204188482,-61.25,120.27507539220693,,0.5,0.5,0.0,0.5833333333333334
268,1.1514,-7.0680628272251305,-61.25,135.1065544039454,,2.8333333333333335,3.75,0.12824675324675322,12.916666666666666
268,3.112,-7.0680628272251305,-61.25,135.1065544039454,,0.5,0.6666666666666666,0.0,0.9166666666666666
269,1.1514,-6.12565445026178,-61.25,147.31076370270878,,3.5833333333333335,3.6666666666666665,0.12673553298553297,12.416666666666666
269,3.112,-6.12565445026178,-61.25,147.31076370270878,,0.5833333333333334,0.75,0.0,1.0833333333333333
270,1.1514,-5.183246073298429,-61.25,138.81958515256412,,3.4166666666666665,3.3333333333333335,0.14432072557072553,10.583333333333334
270,3.112,-5.183246073298429,-61.25,138.81958515256412,,0.5833333333333334,0.5833333333333334,0.0,0.75
271,1.1514,-4.240837696335079,-61.25,129.99574404765886,,3.0,3.4166666666666665,0.14170782920782918,10.916666666666666
271,3.112,-4.240837696335079,-61.25,129.99574404765886,,0.3333333333333333,0.5,0.0,0.6666666666666666
272,1.1514,-3.298429319371728,-61.25,144.23458056733557,,3.0833333333333335,3.0833333333333335,0.14850866725866724,9.166666666666666
272,3.112,-3.298429319371728,-61.25,144.23458056733557,,0.3333333333333333,0.4166666666666667,0.0,0.5
273,1.1514,-2.356020942408377,-61.25,136.20454116507642,,2.4166666666666665,3.9166666666666665,0.15450498575498575,15.166666666666666
273,3.112,-2.356020942408377,-61.25,136.20454116507642,,0.16666666666666666,0.25,0.0,0.3333333333333333
274,1.1514,-1.4136125654450262,-61.25,155.9343191968569,,3.0833333333333335,4.333333333333333,0.10809818585553878,15.666666666666666
274,3.112,-1.4136125654450262,-61.25,155.9343191968569,,0.3333333333333333,0.25,0.0,0.16666666666666666
275,1.1514,-0.4712041884816754,-61.25,169.47024866415038,,3.8333333333333335,3.8333333333333335,0.1017640107713637,14.166666666666666
275,3.112,-0.4712041884816754,-61.25,169.47024866415038,,0.5,0.5,0.0,0.6666666666666666
276,1.1514,0.4712041884816754,-61.25,147.65973041825362,,3.75,3.0833333333333335,0.12379207802001918,10.25
276,3.112,0.4712041884816754,-61.25,147.65973041825362,,0.08333333333333333,0.3333333333333333,0.0,0.4166666666666667
277,1.1514,1.4136125654450262,-61.25,129.76873093468413,,4.083333333333333,1.75,0.13495254745254745,3.6666666666666665
277,3.112,1.4136125654450262,-61.25,129.76873093468413,,0.08333333333333333,0.16666666666666666,0.0,0.08333333333333333
278,1.1514,2.356020942408377,-61.25,128.65351526095534,,4.916666666666667,1.25,0.16836011211011206,1.8333333333333333
278,3.112,2.356020942408377,-61.25,128.65351526095534,,0.16666666666666666,0.0,0.0,0.0
279,1.1514,3.298429319371728,-61.25,17.875596357242102,,0.0,0.0,0.0,0.0
279,3.112,3.298429319371728,-61.25,17.875596357242102,,0.0,0.0,0.0,0.0
280,1.1514,4.240837696335079,-61.25,11.727075424906069,,0.0,0.0,0.0,0.0
280,3.112,4.240837696335079,-61.25,11.727075424906069,,0.0,0.0,0.0,0.0
281,1.1514,-15.549738219895294,-60.0,0.02257989188281079,,0.0,0.0,0.0,0.0
281,3.112,-15.549738219895294,-60.0,0.02257989188281079,,0.0,0.0,0.0,0.0
282,1.1514,-14.60732984293194,-60.0,14.59824893212708,,0.0,0.08333333333333333,0.0,0.08333333333333333
282,3.112,-14.60732984293194,-60.0,14.59824893212708,,0.0,0.0,0.0,0.0
283,1.1514,-13.664921465968591,-60.0,41.8306639533937,,0.08333333333333333,0.5,0.0,0.5833333333333334
283,3.112,-13.664921465968591,-60.0,41.8306639533937,,0.0,0.0,0.0,0.0
284,1.1514,-12.72251308900524,-60.0,77.65693207855715,,1.0,1.3333333333333333,0.05555555555555553,2.5
284,3.112,-12.72251308900524,-60.0,77.65693207855715,,0.0,0.0,0.0,0.0
285,1.1514,-11.780104712041888,-60.0,110.45387209273416,,2.0,1.75,0.05892857142857142,3.75
285,3.112,-11.780104712041888,-60.0,110.45387209273416,,0.25,0.4166666666666667,0.0,0.4166666666666667
286,1.1514,-10.837696335078538,-60.0,125.60746287716557,,2.75,2.3333333333333335,0.08769841269841268,6.5
286,3.112,-10.837696335078538,-60.0,125.60746287716557,,0.6666666666666666,0.6666666666666666,0.0,0.8333333333333334
287,1.1514,-9.895287958115183,-60.0,125.57053974189728,,2.9166666666666665,2.9166666666666665,0.12000915750915749,8.916666666666666
287,3.112,-9.895287958115183,-60.0,125.57053974189728,,0.6666666666666666,0.6666666666666666,0.0,0.8333333333333334
288,1.1514,-8.952879581151834,-60.0,134.7980758252747,,3.1666666666666665,3.1666666666666665,0.11328763828763826,9.833333333333334
288,3.112,-8.952879581151834,-60.0,134.7980758252747,,0.6666666666666666,0.5833333333333334,0.0,0.6666666666666666
289,1.1514,-8.010471204188482,-60.0,,,0.0,3.5833333333333335,0.18531746031746033,11.25
289,3.112,-8.010471204188482,-60.0,,,0.0,0.3333333333333333,0.0,0.3333333333333333
290,1.1514,-7.0680628272251305,-60.0,154.65380079506397,,3.3333333333333335,4.333333333333333,0.1144170644170644,16.583333333333332
290,3.112,-7.0680628272251305,-60.0,154.65380079506397,,0.8333333333333334,1.0,0.0,1.5
291,1.1514,-6.12565445026178,-60.0,150.02366577902927,,3.4166666666666665,4.083333333333333,0.15259380294757652,14.916666666666666
291,3.112,-6.12565445026178,-60.0,150.02366577902927,,0.6666666666666666,0.8333333333333334,0.0,1.25
292,1.1514,-5.183246073298429,-60.0,153.26035427962015,,3.8333333333333335,3.9166666666666665,0.13638056126263673,13.583333333333334
292,3.112,-5.183246073298429,-60.0,153.26035427962015,,0.8333333333333334,0.6666666666666666,0.0,0.8333333333333334
293,1.1514,-4.240837696335079,-60.0,153.9529345285762,,3.9166666666666665,3.5,0.1287935829602496,10.833333333333334
293,3.112,-4.240837696335079,-60.0,153.9529345285762,,0.5833333333333334,0.5833333333333334,0.0,0.75
294,1.1514,-3.298429319371728,-60.0,167.55615308283538,,3.4166666666666665,3.6666666666666665,0.13447293447293443,11.75
294,3.112,-3.298429319371728,-60.0,167.55615308283538,,0.5833333333333334,0.6666666666666666,0.0,0.9166666666666666
295,1.1514,-2.356020942408377,-60.0,181.11092249626776,,3.5,4.25,0.13399081854964207,16.166666666666668
295,3.112,-2.356020942408377,-60.0,181.11092249626776,,0.5,0.5833333333333334,0.0,0.8333333333333334
296,1.1514,-1.4136125654450262,-60.0,143.68258806856136,,2.5833333333333335,4.916666666666667,0.15962955889426475,20.416666666666668
296,3.112,-1.4136125654450262,-60.0,143.68258806856136,,0.16666666666666666,0.5,0.0,0.5833333333333334
297,1.1514,-0.4712041884816754,-60.0,180.08424493907057,,4.0,4.583333333333333,0.10461105658474079,17.583333333333332
297,3.112,-0.4712041884816754,-60.0,180.08424493907057,,0.5,0.5,0.0,0.75
298,1.1514,0.4712041884816754,-60.0,160.79054277112292,,3.5833333333333335,2.75,0.15201136009959537,9.083333333333334
298,3.112,0.4712041884816754,-60.0,160.79054277112292,,0.3333333333333333,0.25,0.0,0.3333333333333333
299,1.1514,1.4136125654450262,-60.0,152.71685913328602,,3.9166666666666665,1.5,0.14312319624819622,3.5833333333333335
299,3.112,1.4136125654450262,-60.0,152.71685913328602,,0.3333333333333333,0.08333333333333333,0.0,0.08333333333333333
300,1.1514,2.356020942408377,-60.0,116.96770389266494,,2.5,0.5833333333333334,0.09566798941798942,1.0
300,3.112,2.356020942408377,-60.0,116.96770389266494,,0.08333333333333333,0.0,0.0,0.0
301,1.1514,3.298429319371728,-60.0,36.671135998216364,,0.08333333333333333,0.0,0.0,0.0
301,3.112,3.298429319371728,-60.0,36.671135998216364,,0.0,0.0,0.0,0.0
302,1.1514,4.240837696335079,-60.0,28.550231734767948,,0.0,0.0,0.0,0.0
302,3.112,4.240837696335079,-60.0,28.550231734767948,,0.0,0.0,0.0,0.0
303,1.1514,5.183246073298429,-60.0,45.33408292911695,,0.0,0.0,0.0,0.0
303,3.112,5.183246073298429,-60.0,45.33408292911695,,0.0,0.0,0.0,0.0
304,1.1514,-13.664921465968591,-58.75,0.0,,0.0,0.16666666666666666,0.041666666666666664,0.25
304,3.112,-13.664921465968591,-58.75,0.0,,0.0,0.0,0.0,0.0
305,1.1514,-12.72251308900524,-58.75,14.59542701753248,,0.0,1.1666666666666667,0.20833333333333334,1.9166666666666667
305,3.112,-12.72251308900524,-58.75,14.59542701753248,,0.0,0.0,0.0,0.0
306,1.1514,-11.780104712041888,-58.75,100.38560934245255,,1.8333333333333333,2.25,0.0722222222222222,6.083333333333333
306,3.112,-11.780104712041888,-58.75,100.38560934245255,,0.08333333333333333,0.08333333333333333,0.0,0.08333333333333333
307,1.1514,-10.837696335078538,-58.75,92.17356902759407,,1.5833333333333333,3.0,0.13688973063973064,10.333333333333334
307,3.112,-10.837696335078538,-58.75,92.17356902759407,,0.08333333333333333,0.3333333333333333,0.0,0.4166666666666667
308,1.1514,-9.895287958115183,-58.75,132.26900277711417,,3.1666666666666665,3.5,0.1191597166173437,12.416666666666666
308,3.112,-9.895287958115183,-58.75,132.26900277711417,,0.75,0.6666666666666666,0.0,0.8333333333333334
309,1.1514,-8.952879581151834,-58.75,147.86326193720097,,3.5,3.6666666666666665,0.1294394808790876,12.666666666666666
309,3.112,-8.952879581151834,-58.75,147.86326193720097,,0.75,0.8333333333333334,0.0,1.1666666666666667
310,1.1514,-8.010471204188482,-58.75,159.95395566352462,,4.0,4.166666666666667,0.11432940232282335,15.333333333333334
310,3.112,-8.010471204188482,-58.75,159.95395566352462,,0.9166666666666666,0.8333333333333334,0.0,1.1666666666666667
311,1.1514,-7.0680628272251305,-58.75,164.70922672694186,,4.083333333333333,4.25,0.1292438190464506,16.083333333333332
311,3.112,-7.0680628272251305,-58.75,164.70922672694186,,0.8333333333333334,1.0833333333333333,0.0,1.6666666666666667
312,1.1514,-6.12565445026178,-58.75,171.3063869001246,,4.333333333333333,4.333333333333333,0.13814571720842372,16.583333333333332
312,3.112,-6.12565445026178,-58.75,171.3063869001246,,1.0833333333333333,0.9166666666666666,0.0,1.3333333333333333
313,1.1514,-5.183246073298429,-58.75,163.75343347727267,,4.0,4.416666666666667,0.13807217283340875,16.416666666666668
313,3.112,-5.183246073298429,-58.75,163.75343347727267,,0.9166666666666666,0.8333333333333334,0.0,1.1666666666666667
314,1.1514,-4.240837696335079,-58.75,135.9200190393612,,3.25,3.4166666666666665,0.15100886767553431,10.5
314,3.112,-4.240837696335079,-58.75,135.9200190393612,,0.5833333333333334,0.5833333333333334,0.0,0.5833333333333334
315,1.1514,-3.298429319371728,-58.75,163.86464733392344,,3.25,3.6666666666666665,0.13758093758093756,10.75
315,3.112,-3.298429319371728,-58.75,163.86464733392344,,0.5833333333333334,0.75,0.0,0.9166666666666666
316,1.1514,-2.356020942408377,-58.75,165.8820479168988,,3.3333333333333335,4.416666666666667,0.12404005308417071,15.583333333333334
316,3.112,-2.356020942408377,-58.75,165.8820479168988,,0.5833333333333334,0.5,0.0,0.6666666666666666
317,1.1514,-1.4136125654450262,-58.75,193.95204021688969,,4.166666666666667,5.5,0.13030237879309084,19.833333333333332
317,3.112,-1.4136125654450262,-58.75,193.95204021688969,,0.8333333333333334,1.0833333333333333,0.013888888888888883,1.8333333333333333
318,1.1514,-0.4712041884816754,-58.75,179.43761407028606,,4.0,4.833333333333333,0.1823923421349892,16.75
318,3.112,-0.4712041884816754,-58.75,179.43761407028606,,0.6666666666666666,0.9166666666666666,0.013888888888888883,1.25
319,1.1514,0.4712041884816754,-58.75,175.00540504799562,,3.9166666666666665,3.4166666666666665,0.13391065490523693,10.166666666666666
319,3.112,0.4712041884816754,-58.75,175.00540504799562,,0.5,0.6666666666666666,0.0069444444444444415,1.0
320,1.1514,-13.664921465968591,-57.5,26.47954019422531,,0.0,0.6666666666666666,0.027777777777777776,1.0
320,3.112,-13.664921465968591,-57.5,26.47954019422531,,0.0,0.0,0.0,0.0
321,1.1514,-12.72251308900524,-57.5,95.24977204602612,,1.4166666666666667,1.5,0.08343253968253968,3.4166666666666665
321,3.112,-12.72251308900524,-57.5,95.24977204602612,,0.0,0.08333333333333333,0.0,0.08333333333333333
322,1.1514,-11.780104712041888,-57.5,115.01759077784533,,2.3333333333333335,2.0833333333333335,0.0678030303030303,6.166666666666667
322,3.112,-11.780104712041888,-57.5,115.01759077784533,,0.4166666666666667,0.3333333333333333,0.0,0.3333333333333333
323,1.1514,-10.837696335078538,-57.5,107.26804268581839,,2.1666666666666665,2.75,0.1071368446368446,9.083333333333334
323,3.112,-10.837696335078538,-57.5,107.26804268581839,,0.16666666666666666,0.25,0.0,0.3333333333333333
324,1.1514,-9.895287958115183,-57.5,125.41509545200326,,2.9166666666666665,3.5833333333333335,0.11922432143020374,13.583333333333334
324,3.112,-9.895287958115183,-57.5,125.41509545200326,,0.5833333333333334,0.8333333333333334,0.041666666666666664,1.25
325,1.1514,-8.952879581151834,-57.5,149.8580251347212,,3.6666666666666665,4.166666666666667,0.12010949598954813,15.25
325,3.112,-8.952879581151834,-57.5,149.8580251347212,,0.8333333333333334,0.8333333333333334,0.013888888888888883,1.1666666666666667
326,1.1514,-8.010471204188482,-57.5,154.14164080921992,,3.8333333333333335,3.8333333333333335,0.127145424020424,13.166666666666666
326,3.112,-8.010471204188482,-57.5,154.14164080921992,,0.8333333333333334,0.9166666666666666,0.0,1.3333333333333333
327,1.1514,-7.0680628272251305,-57.5,155.54210327720068,,4.0,3.75,0.16908562928299767,12.916666666666666
327,3.112,-7.0680628272251305,-57.5,155.54210327720068,,0.9166666666666666,0.8333333333333334,0.0,1.1666666666666667
328,1.1514,-6.12565445026178,-57.5,153.11299704030168,,4.166666666666667,3.9166666666666665,0.1497712337599978,14.0
328,3.112,-6.12565445026178,-57.5,153.11299704030168,,0.9166666666666666,0.75,0.0069444444444444415,1.0833333333333333
329,1.1514,-5.183246073298429,-57.5,153.41488098905427,,3.9166666666666665,4.083333333333333,0.15899499610876014,14.333333333333334
329,3.112,-5.183246073298429,-57.5,153.41488098905427,,0.9166666666666666,0.8333333333333334,0.0069444444444444415,1.1666666666666667
330,1.1514,-4.240837696335079,-57.5,140.57176465273147,,3.5833333333333335,3.75,0.13631646131646127,11.75
330,3.112,-4.240837696335079,-57.5,140.57176465273147,,0.5,0.4166666666666667,0.0,0.5833333333333334
331,1.1514,-3.298429319371728,-57.5,144.6712614652021,,3.5833333333333335,3.25,0.1420937314319667,9.0
331,3.112,-3.298429319371728,-57.5,144.6712614652021,,0.5833333333333334,0.5833333333333334,0.0,0.5
332,1.1514,-2.356020942408377,-57.5,102.04877655155845,,2.0833333333333335,4.0,0.14227207977207976,11.416666666666666
332,3.112,-2.356020942408377,-57.5,102.04877655155845,,0.08333333333333333,0.4166666666666667,0.013888888888888883,0.6666666666666666
333,1.1514,-1.4136125654450262,-57.5,171.0009928311798,,4.166666666666667,4.833333333333333,0.12843460683050464,13.833333333333334
333,3.112,-1.4136125654450262,-57.5,171.0009928311798,,0.8333333333333334,1.1666666666666667,0.01805555555555555,1.4166666666666667
334,1.1514,-0.4712041884816754,-57.5,155.74910222491903,,4.416666666666667,4.25,0.18793158738979168,11.166666666666666
334,3.112,-0.4712041884816754,-57.5,155.74910222491903,,0.9166666666666666,1.0833333333333333,0.012499999999999999,1.1666666666666667
335,1.1514,0.4712041884816754,-57.5,150.79419884014064,,4.75,3.4166666666666665,0.21012961783085618,7.916666666666667
335,3.112,0.4712041884816754,-57.5,150.79419884014064,,0.6666666666666666,0.5833333333333334,0.03194444444444444,0.6666666666666666
336,1.1514,1.4136125654450262,-57.5,141.01053994307836,,3.5,2.0,0.18150946275946275,4.0
336,3.112,1.4136125654450262,-57.5,141.01053994307836,,0.25,0.16666666666666666,0.0,0.16666666666666666
337,1.1514,-13.664921465968591,-56.25,45.28365320062221,,0.0,0.5833333333333334,0.06944444444444443,1.0
337,3.112,-13.664921465968591,-56.25,45.28365320062221,,0.0,0.0,0.0,0.0
338,1.1514,-12.72251308900524,-56.25,13.0096987944415,,0.0,1.5,0.11388888888888887,2.9166666666666665
338,3.112,-12.72251308900524,-56.25,13.0096987944415,,0.0,0.0,0.0,0.0
339,1.1514,-11.780104712041888,-56.25,80.46249237793536,,1.4166666666666667,2.0,0.08217592592592592,5.25
339,3.112,-11.780104712041888,-56.25,80.46249237793536,,0.0,0.0,0.0,0.0
340,1.1514,-10.837696335078538,-56.25,97.07150691956771,,1.75,3.0,0.11151094276094276,10.083333333333334
340,3.112,-10.837696335078538,-56.25,97.07150691956771,,0.0,0.0,0.0,0.0
341,1.1514,-9.895287958115183,-56.25,75.61335723045904,,1.25,3.4166666666666665,0.1681878306878307,12.416666666666666
341,3.112,-9.895287958115183,-56.25,75.61335723045904,,0.0,0.3333333333333333,0.0,0.3333333333333333
342,1.1514,-8.952879581151834,-56.25,152.91658536011593,,4.25,3.75,0.11316377555262913,14.333333333333334
342,3.112,-8.952879581151834,-56.25,152.91658536011593,,1.0833333333333333,0.6666666666666666,0.013888888888888883,0.8333333333333334
343,1.1514,-8.010471204188482,-56.25,151.17869063360033,,4.0,3.9166666666666665,0.12238872238872238,13.5
343,3.112,-8.010471204188482,-56.25,151.17869063360033,,0.8333333333333334,0.75,0.0,1.0
344,1.1514,-7.0680628272251305,-56.25,152.90140394968907,,4.25,3.75,0.13911056263997437,12.5
344,3.112,-7.0680628272251305,-56.25,152.90140394968907,,0.9166666666666666,0.8333333333333334,0.013888888888888883,1.25
345,1.1514,-6.12565445026178,-56.25,134.15515852170117,,3.8333333333333335,3.5,0.16273865023865022,11.083333333333334
345,3.112,-6.12565445026178,-56.25,134.15515852170117,,0.5,0.5,0.013888888888888883,0.8333333333333334
346,1.1514,-5.183246073298429,-56.25,136.24806135529366,,4.333333333333333,3.0833333333333335,0.1685300198167845,9.083333333333334
346,3.112,-5.183246073298429,-56.25,136.24806135529366,,0.8333333333333334,0.5,0.0069444444444444415,0.6666666666666666
347,1.1514,-4.240837696335079,-56.25,111.73938418307478,,3.4166666666666665,3.0,0.16509439634439635,8.333333333333334
347,3.112,-4.240837696335079,-56.25,111.73938418307478,,0.3333333333333333,0.3333333333333333,0.0,0.5
348,1.1514,-3.298429319371728,-56.25,127.95638498294623,,4.166666666666667,2.6666666666666665,0.13397331154684095,6.416666666666667
348,3.112,-3.298429319371728,-56.25,127.95638498294623,,0.5833333333333334,0.25,0.0,0.3333333333333333
349,1.1514,-2.356020942408377,-56.25,103.52853295995988,,2.8333333333333335,3.25,0.10081168831168828,6.416666666666667
349,3.112,-2.356020942408377,-56.25,103.52853295995988,,0.25,0.08333333333333333,0.0,0.08333333333333333
350,1.1514,-1.4136125654450262,-56.25,111.26803894688511,,3.5,3.0,0.16107087357087355,5.75
350,3.112,-1.4136125654450262,-56.25,111.26803894688511,,0.5,0.16666666666666666,0.013888888888888883,0.16666666666666666
351,1.1514,-0.4712041884816754,-56.25,109.24660335002979,,4.666666666666667,2.1666666666666665,0.20365259740259742,4.0
351,3.112,-0.4712041884816754,-56.25,109.24660335002979,,0.5833333333333334,0.16666666666666666,0.020833333333333332,0.0
352,1.1514,0.4712041884816754,-56.25,106.2021220828928,,4.333333333333333,1.6666666666666667,0.256784188034188,2.5833333333333335
352,3.112,0.4712041884816754,-56.25,106.2021220828928,,0.5833333333333334,0.16666666666666666,0.048611111111111105,0.0
353,1.1514,1.4136125654450262,-56.25,88.79125010714499,,2.8333333333333335,1.0833333333333333,0.23703703703703705,1.75
353,3.112,1.4136125654450262,-56.25,88.79125010714499,,0.16666666666666666,0.08333333333333333,0.0,0.0
354,1.1514,-14.60732984293194,-55.0,0.0,,0.0,0.08333333333333333,0.0,0.08333333333333333
354,3.112,-14.60732984293194,-55.0,0.0,,0.0,0.0,0.0,0.0
355,1.1514,-13.664921465968591,-55.0,5.495223402264441,,0.0,1.0,0.13888888888888887,1.6666666666666667
355,3.112,-13.664921465968591,-55.0,5.495223402264441,,0.0,0.0,0.0,0.0
356,1.1514,-12.72251308900524,-55.0,95.10076152582563,,1.6666666666666667,2.0833333333333335,0.07613636363636363,5.166666666666667
356,3.112,-12.72251308900524,-55.0,95.10076152582563,,0.0,0.08333333333333333,0.0,0.08333333333333333
357,1.1514,-11.780104712041888,-55.0,103.76219478378158,,2.0,2.3333333333333335,0.0946759259259259,5.916666666666667
357,3.112,-11.780104712041888,-55.0,103.76219478378158,,0.16666666666666666,0.08333333333333333,0.0,0.08333333333333333
358,1.1514,-10.837696335078538,-55.0,75.38116935143054,,1.25,3.0,0.15625,9.833333333333334
358,3.112,-10.837696335078538,-55.0,75.38116935143054,,0.0,0.0,0.0,0.0
359,1.1514,-9.895287958115183,-55.0,74.0134066037991,,1.1666666666666667,3.0833333333333335,0.18253968253968253,10.333333333333334
359,3.112,-9.895287958115183,-55.0,74.0134066037991,,0.0,0.16666666666666666,0.0,0.16666666666666666
360,1.1514,-8.952879581151834,-55.0,137.2180082352459,,3.6666666666666665,3.5833333333333335,0.1211606110859842,13.25
360,3.112,-8.952879581151834,-55.0,137.2180082352459,,0.6666666666666666,0.6666666666666666,0.0,0.8333333333333334
361,1.1514,-8.010471204188482,-55.0,148.26280186591646,,4.166666666666667,3.25,0.12405002405002404,10.5
361,3.112,-8.010471204188482,-55.0,148.26280186591646,,0.6666666666666666,0.8333333333333334,0.0,1.1666666666666667
362,1.1514,-7.0680628272251305,-55.0,141.27974869421766,,3.75,3.3333333333333335,0.1314090661517132,11.166666666666666
362,3.112,-7.0680628272251305,-55.0,141.27974869421766,,0.5833333333333334,0.6666666666666666,0.0069444444444444415,1.0833333333333333
363,1.1514,-6.12565445026178,-55.0,136.37461840370807,,4.333333333333333,3.0833333333333335,0.14426245051245049,9.333333333333334
363,3.112,-6.12565445026178,-55.0,136.37461840370807,,0.6666666666666666,0.5,0.013888888888888883,0.9166666666666666
364,1.1514,-5.183246073298429,-55.0,125.83435504974288,,4.833333333333333,2.6666666666666665,0.14515190691661278,7.583333333333333
364,3.112,-5.183246073298429,-55.0,125.83435504974288,,0.5833333333333334,0.4166666666666667,0.008333333333333333,0.5833333333333334
365,1.1514,-4.240837696335079,-55.0,109.29168342981245,,4.0,2.25,0.17108435545935544,5.25
365,3.112,-4.240837696335079,-55.0,109.29168342981245,,0.25,0.25,0.0,0.3333333333333333
366,1.1514,-3.298429319371728,-55.0,91.48481387472505,,3.4166666666666665,2.0833333333333335,0.13943325193325193,3.6666666666666665
366,3.112,-3.298429319371728,-55.0,91.48481387472505,,0.25,0.25,0.0,0.25
367,1.1514,-2.356020942408377,-55.0,58.87489341759598,,1.1666666666666667,1.75,0.19206349206349205,1.4166666666666667
367,3.112,-2.356020942408377,-55.0,58.87489341759598,,0.0,0.08333333333333333,0.0,0.0
368,1.1514,-1.4136125654450262,-55.0,51.72905589470215,,1.6666666666666667,1.25,0.1765873015873016,1.4166666666666667
368,3.112,-1.4136125654450262,-55.0,51.72905589470215,,0.0,0.0,0.0,0.0
369,1.1514,-0.4712041884816754,-55.0,84.32206952457514,,3.6666666666666665,1.0,0.19605880230880232,1.3333333333333333
369,3.112,-0.4712041884816754,-55.0,84.32206952457514,,0.3333333333333333,0.0,0.041666666666666664,0.0
370,1.1514,0.4712041884816754,-55.0,82.59410498692547,,2.9166666666666665,0.5833333333333334,0.1577020202020202,0.75
370,3.112,0.4712041884816754,-55.0,82.59410498692547,,0.3333333333333333,0.0,0.08333333333333333,0.0
371,1.1514,1.4136125654450262,-55.0,83.51385333112844,,3.3333333333333335,0.5833333333333334,0.22095959595959594,0.5
371,3.112,1.4136125654450262,-55.0,83.51385333112844,,0.16666666666666666,0.0,0.0,0.0
372,1.1514,2.356020942408377,-55.0,89.30312772226,,1.5,0.5833333333333334,0.08482142857142856,0.5833333333333334
372,3.112,2.356020942408377,-55.0,89.30312772226,,0.0,0.08333333333333333,0.0,0.0
373,1.1514,-14.60732984293194,-53.75,1.8216939612539095e-07,,0.0,0.3333333333333333,0.08333333333333333,0.5
373,3.112,-14.60732984293194,-53.75,1.8216939612539095e-07,,0.0,0.0,0.0,0.0
374,1.1514,-13.664921465968591,-53.75,0.0019863089943865674,,0.0,1.0,0.0763888888888889,1.9166666666666667
374,3.112,-13.664921465968591,-53.75,0.0019863089943865674,,0.0,0.08333333333333333,0.0,0.08333333333333333
375,1.1514,-12.72251308900524,-53.75,100.40452098956344,,2.0,1.5,0.07628968253968252,3.4166666666666665
375,3.112,-12.72251308900524,-53.75,100.40452098956344,,0.16666666666666666,0.25,0.0,0.3333333333333333
376,1.1514,-11.780104712041888,-53.75,108.09088736037783,,2.4166666666666665,1.6666666666666667,0.14675925925925926,4.083333333333333
376,3.112,-11.780104712041888,-53.75,108.09088736037783,,0.4166666666666667,0.4166666666666667,0.0,0.5833333333333334
377,1.1514,-10.837696335078538,-53.75,121.41701692391537,,3.3333333333333335,2.3333333333333335,0.09746133496133495,7.75
377,3.112,-10.837696335078538,-53.75,121.41701692391537,,0.5,0.5,0.0,0.6666666666666666
378,1.1514,-9.895287958115183,-53.75,122.02520018437286,,3.3333333333333335,3.0,0.10369981325863675,10.166666666666666
378,3.112,-9.895287958115183,-53.75,122.02520018437286,,0.5,0.5,0.0,0.6666666666666666
379,1.1514,-8.952879581151834,-53.75,139.408405725712,,4.083333333333333,3.0833333333333335,0.11896773653775,10.5
379,3.112,-8.952879581151834,-53.75,139.408405725712,,0.6666666666666666,0.6666666666666666,0.0,0.8333333333333334
380,1.1514,-8.010471204188482,-53.75,148.66823153249382,,4.333333333333333,2.75,0.1282572751322751,8.166666666666666
380,3.112,-8.010471204188482,-53.75,148.66823153249382,,0.6666666666666666,0.8333333333333334,0.0,1.1666666666666667
381,1.1514,-7.0680628272251305,-53.75,147.32995209464,,4.416666666666667,2.75,0.12277821579292165,7.916666666666667
381,3.112,-7.0680628272251305,-53.75,147.32995209464,,0.75,0.5833333333333334,0.0,0.75
382,1.1514,-6.12565445026178,-53.75,136.39349460631252,,4.25,2.4166666666666665,0.12894397269397267,6.5
382,3.112,-6.12565445026178,-53.75,136.39349460631252,,0.5833333333333334,0.3333333333333333,0.008333333333333333,0.5
383,1.1514,-5.183246073298429,-53.75,112.20580587727243,,3.9166666666666665,2.3333333333333335,0.1266955266955267,5.916666666666667
383,3.112,-5.183246073298429,-53.75,112.20580587727243,,0.3333333333333333,0.16666666666666666,0.013888888888888883,0.16666666666666666
384,1.1514,-4.240837696335079,-53.75,106.38417099620432,,4.333333333333333,2.0,0.13692580567580567,4.25
384,3.112,-4.240837696335079,-53.75,106.38417099620432,,0.25,0.08333333333333333,0.0,0.08333333333333333
385,1.1514,-3.298429319371728,-53.75,80.38441613801793,,2.8333333333333335,1.5,0.1087148962148962,2.75
385,3.112,-3.298429319371728,-53.75,80.38441613801793,,0.16666666666666666,0.08333333333333333,0.0,0.0
386,1.1514,-2.356020942408377,-53.75,75.2500944018838,,3.4166666666666665,0.8333333333333334,0.14011243386243386,0.6666666666666666
386,3.112,-2.356020942408377,-53.75,75.2500944018838,,0.16666666666666666,0.0,0.0,0.0
387,1.1514,-1.4136125654450262,-53.75,61.33693002065769,,2.5833333333333335,0.3333333333333333,0.21676587301587302,0.0
387,3.112,-1.4136125654450262,-53.75,61.33693002065769,,0.0,0.0,0.0,0.0
388,1.1514,-0.4712041884816754,-53.75,73.40002591640813,,2.9166666666666665,0.3333333333333333,0.16153846153846155,0.25
388,3.112,-0.4712041884816754,-53.75,73.40002591640813,,0.0,0.0,0.0,0.0
389,1.1514,0.4712041884816754,-53.75,70.65525203545012,,2.75,0.25,0.18939393939393936,0.16666666666666666
389,3.112,0.4712041884816754,-53.75,70.65525203545012,,0.0,0.0,0.0,0.0
390,1.1514,1.4136125654450262,-53.75,69.61455956230195,,1.9166666666666667,0.08333333333333333,0.115244708994709,0.08333333333333333
390,3.112,1.4136125654450262,-53.75,69.61455956230195,,0.0,0.0,0.0,0.0
391,1.1514,2.356020942408377,-53.75,72.06043742899597,,1.3333333333333333,0.08333333333333333,0.09999999999999999,0.08333333333333333
391,3.112,2.356020942408377,-53.75,72.06043742899597,,0.08333333333333333,0.0,0.0,0.0
392,1.1514,-13.664921465968591,-52.5,0.0,,0.0,0.8333333333333334,0.07222222222222223,1.9166666666666667
392,3.112,-13.664921465968591,-52.5,0.0,,0.0,0.0,0.0,0.0
393,1.1514,-12.72251308900524,-52.5,32.02631290742913,,0.08333333333333333,1.1666666666666667,0.09861111111111111,2.4166666666666665
393,3.112,-12.72251308900524,-52.5,32.02631290742913,,0.0,0.0,0.0,0.0
394,1.1514,-11.780104712041888,-52.5,81.23263435632578,,1.0833333333333333,1.8333333333333333,0.07060185185185185,5.666666666666667
394,3.112,-11.780104712041888,-52.5,81.23263435632578,,0.0,0.0,0.0,0.0
395,1.1514,-10.837696335078538,-52.5,57.62754609084444,,0.5,1.75,0.13789682539682538,5.833333333333333
395,3.112,-10.837696335078538,-52.5,57.62754609084444,,0.0,0.16666666666666666,0.0,0.16666666666666666
396,1.1514,-9.895287958115183,-52.5,99.04256255881012,,2.0,2.25,0.1537037037037037,7.333333333333333
396,3.112,-9.895287958115183,-52.5,99.04256255881012,,0.3333333333333333,0.3333333333333333,0.0,0.5
397,1.1514,-8.952879581151834,-52.5,131.88089013782778,,3.0,2.8333333333333335,0.11032366879824505,9.25
397,3.112,-8.952879581151834,-52.5,131.88089013782778,,0.4166666666666667,0.4166666666666667,0.0,0.5833333333333334
398,1.1514,-8.010471204188482,-52.5,135.7260644590102,,3.1666666666666665,2.4166666666666665,0.12279456654456651,6.5
398,3.112,-8.010471204188482,-52.5,135.7260644590102,,0.4166666666666667,0.4166666666666667,0.0,0.5833333333333334
399,1.1514,-7.0680628272251305,-52.5,138.60308096681948,,3.75,1.8333333333333333,0.1280656843156843,3.8333333333333335
399,3.112,-7.0680628272251305,-52.5,138.60308096681948,,0.5833333333333334,0.4166666666666667,0.0,0.5
400,1.1514,-6.12565445026178,-52.5,106.42778981475567,,2.9166666666666665,1.6666666666666667,0.12777777777777777,3.6666666666666665
400,3.112,-6.12565445026178,-52.5,106.42778981475567,,0.25,0.25,0.0,0.4166666666666667
401,1.1514,-5.183246073298429,-52.5,111.39115649486605,,3.8333333333333335,2.0833333333333335,0.10655779405779403,4.833333333333333
401,3.112,-5.183246073298429,-52.5,111.39115649486605,,0.25,0.16666666666666666,0.0,0.16666666666666666
402,1.1514,-4.240837696335079,-52.5,98.96568151412805,,3.1666666666666665,1.6666666666666667,0.08263125763125762,3.25
402,3.112,-4.240837696335079,-52.5,98.96568151412805,,0.08333333333333333,0.08333333333333333,0.0,0.0
403,1.1514,-3.298429319371728,-52.5,68.5395934042429,,1.1666666666666667,1.0833333333333333,0.09907407407407405,1.3333333333333333
403,3.112,-3.298429319371728,-52.5,68.5395934042429,,0.0,0.0,0.0,0.0
404,1.1514,-2.356020942408377,-52.5,72.59487430929573,,2.75,0.5,0.12934704184704185,0.5833333333333334
404,3.112,-2.356020942408377,-52.5,72.59487430929573,,0.08333333333333333,0.0,0.0,0.0
405,1.1514,-1.4136125654450262,-52.5,57.247777759098845,,1.5833333333333333,0.0,0.1505952380952381,0.0
405,3.112,-1.4136125654450262,-52.5,57.247777759098845,,0.0,0.0,0.0,0.0
406,1.1514,-0.4712041884816754,-52.5,70.90114063616805,,2.3333333333333335,0.0,0.13852813852813853,0.0
406,3.112,-0.4712041884816754,-52.5,70.90114063616805,,0.0,0.0,0.0,0.0
407,1.1514,0.4712041884816754,-52.5,71.48897042827157,,1.75,0.0,0.11597222222222221,0.0
407,3.112,0.4712041884816754,-52.5,71.48897042827157,,0.0,0.0,0.0,0.0
408,1.1514,-8.952879581151834,-51.25,103.73590469435965,,1.5,1.5,0.19305555555555554,3.6666666666666665
408,3.112,-8.952879581151834,-51.25,103.73590469435965,,0.16666666666666666,0.3333333333333333,0.0,0.5
409,1.1514,-8.010471204188482,-51.25,103.53074529258136,,2.0833333333333335,1.1666666666666667,0.15972222222222224,2.0833333333333335
409,3.112,-8.010471204188482,-51.25,103.53074529258136,,0.3333333333333333,0.3333333333333333,0.0,0.5
410,1.1514,-7.0680628272251305,-51.25,118.70001381489347,,2.75,0.6666666666666666,0.1683531746031746,0.8333333333333334
410,3.112,-7.0680628272251305,-51.25,118.70001381489347,,0.3333333333333333,0.16666666666666666,0.0,0.16666666666666666
411,1.1514,-5.183246073298429,-51.25,115.43347706805476,,2.4166666666666665,1.0,0.18171296296296294,1.6666666666666667
411,3.112,-5.183246073298429,-51.25,115.43347706805476,,0.16666666666666666,0.08333333333333333,0.0,0.08333333333333333
412,1.1514,-4.240837696335079,-51.25,92.28123490873777,,2.0833333333333335,1.25,0.09166666666666666,2.0
412,3.112,-4.240837696335079,-51.25,92.28123490873777,,0.08333333333333333,0.0,0.0,0.0
413,1.1514,-3.298429319371728,-51.25,89.38902719167504,,2.1666666666666665,0.75,0.0625,1.0833333333333333
413,3.112,-3.298429319371728,-51.25,89.38902719167504,,0.08333333333333333,0.0,0.0,0.0
414,1.1514,-2.356020942408377,-51.25,77.45035269100768,,2.1666666666666665,0.25,0.10416666666666667,0.25
414,3.112,-2.356020942408377,-51.25,77.45035269100768,,0.0,0.0,0.0,0.0
415,1.1514,-3.298429319371728,-50.0,76.76092158740705,,1.5,0.3333333333333333,0.11666666666666665,0.3333333333333333
415,3.112,-3.298429319371728,-50.0,76.76092158740705,,0.0,0.0,0.0,0.0
