node_id,lat,lon,threshold,prec,evap,in_degree,out_degree,clustering,ffl
0,-6.12565445026178,-78.75,1.1514,0.0,,0,5,0.45,14
1,-5.183246073298429,-78.75,1.1514,23.170638590764835,,0,5,0.4,13
2,-4.2408376963350785,-78.75,1.1514,141.78726261083673,,2,7,0.38095238095238093,27
3,-3.298429319371728,-78.75,1.1514,96.88186600753058,,2,7,0.35714285714285715,23
4,-2.356020942408377,-78.75,1.1514,42.91219482655129,,1,8,0.35714285714285715,30
5,-1.4136125654450262,-78.75,1.1514,5.559845412977792,,0,6,0.4666666666666667,20
6,-8.952879581151834,-77.5,1.1514,4.214555342745743,,0,9,0.3333333333333333,33
7,-8.010471204188482,-77.5,1.1514,61.20770327706395,,2,7,0.38095238095238093,23
8,-7.0680628272251305,-77.5,1.1514,69.77546843721052,,3,4,0.5,10
9,-6.12565445026178,-77.5,1.1514,90.77652061627646,,5,4,0.30952380952380953,11
10,-5.183246073298429,-77.5,1.1514,142.26698544587484,,4,4,0.4,10
11,-4.2408376963350785,-77.5,1.1514,232.8348309554553,,6,5,0.2638888888888889,15
12,-3.298429319371728,-77.5,1.1514,276.8277149053938,,4,6,0.32142857142857145,22
13,-2.356020942408377,-77.5,1.1514,227.04857681965296,,5,4,0.3333333333333333,11
14,-1.4136125654450262,-77.5,1.1514,306.75887907636934,,4,6,0.37037037037037035,20
15,-0.4712041884816754,-77.5,1.1514,275.78740644911727,,4,8,0.27906976744186046,32
16,0.4712041884816754,-77.5,1.1514,209.90264149605065,,2,8,0.35185185185185186,32
17,-10.837696335078537,-76.25,1.1514,0.0,,0,4,0.3333333333333333,8
18,-9.895287958115185,-76.25,1.1514,19.31115765341521,,0,6,0.3333333333333333,16
19,-8.952879581151834,-76.25,1.1514,161.78943007071504,,4,8,0.2777777777777778,30
20,-8.010471204188482,-76.25,1.1514,149.3314469173326,,5,7,0.32222222222222224,24
21,-7.0680628272251305,-76.25,1.1514,207.2987089068826,,8,5,0.3055555555555556,15
22,-6.12565445026178,-76.25,1.1514,204.29557325042327,,13,5,0.1864406779661017,15
23,-5.183246073298429,-76.25,1.1514,193.58631265773187,,10,5,0.21052631578947367,15
24,-4.2408376963350785,-76.25,1.1514,161.14578491676536,,7,6,0.3018867924528302,20
25,-3.298429319371728,-76.25,1.1514,180.93662561696868,,9,6,0.23684210526315788,21
26,-2.356020942408377,-76.25,1.1514,158.99656465541267,,8,6,0.2421875,20
27,-1.4136125654450262,-76.25,1.1514,178.59670695968427,,8,5,0.29245283018867924,15
28,-0.4712041884816754,-76.25,1.1514,278.2110830729287,,8,7,0.2565789473684211,26
29,0.4712041884816754,-76.25,1.1514,319.9303597377441,,5,7,0.3409090909090909,26
30,1.4136125654450262,-76.25,1.1514,199.27597669989632,,2,4,0.5,10
31,-13.664921465968591,-75.0,1.1514,0.0,,0,0,0.0,0
32,-12.72251308900524,-75.0,1.1514,0.0,,0,0,0.0,0
33,-11.780104712041888,-75.0,1.1514,21.80640949738211,,0,4,0.3333333333333333,8
34,-10.837696335078537,-75.0,1.1514,187.20744463316996,,3,10,0.19090909090909092,35
35,-9.895287958115185,-75.0,1.1514,204.30386738477702,,5,6,0.2361111111111111,18
36,-8.952879581151834,-75.0,1.1514,151.285974343391,,11,4,0.22077922077922077,11
37,-8.010471204188482,-75.0,1.1514,152.588523192517,,10,5,0.25,15
38,-7.0680628272251305,-75.0,1.1514,158.71464767677656,,8,5,0.22641509433962265,15
39,-6.12565445026178,-75.0,1.1514,189.3656211499082,,5,6,0.23529411764705882,20
40,-5.183246073298429,-75.0,1.1514,225.59366854763587,,6,7,0.2358490566037736,27
41,-4.2408376963350785,-75.0,1.1514,229.73918314913053,,6,9,0.2631578947368421,41
42,-3.298429319371728,-75.0,1.1514,260.4899524236355,,7,9,0.25842696629213485,41
43,-2.356020942408377,-75.0,1.1514,221.9327697577561,,5,8,0.3113207547169811,35
44,-1.4136125654450262,-75.0,1.1514,235.97411737800937,,5,8,0.24528301886792453,32
45,-0.4712041884816754,-75.0,1.1514,250.44679487133484,,6,9,0.19480519480519481,30
46,0.4712041884816754,-75.0,1.1514,186.2168489192553,,6,4,0.39285714285714285,9
47,1.4136125654450262,-75.0,1.1514,194.6692889422487,,5,2,0.45,3
48,2.356020942408377,-75.0,1.1514,142.9045168232014,,1,1,0.0,1
49,-14.607329842931941,-73.75,1.1514,4.462444798007503,,0,0,0.0,0
50,-13.664921465968591,-73.75,1.1514,0.0,,0,0,0.0,0
51,-12.72251308900524,-73.75,1.1514,49.677519613199074,,0,5,0.3,11
52,-11.780104712041888,-73.75,1.1514,112.22294008656844,,2,11,0.16363636363636364,35
53,-10.837696335078537,-73.75,1.1514,138.8469026472703,,6,3,0.21428571428571427,5
54,-9.895287958115185,-73.75,1.1514,147.83086788856755,,10,3,0.18518518518518517,7
55,-8.952879581151834,-73.75,1.1514,162.221477336102,,9,6,0.18421052631578946,19
56,-8.010471204188482,-73.75,1.1514,194.1312264735489,,6,6,0.23255813953488372,21
57,-7.0680628272251305,-73.75,1.1514,196.9978484779027,,5,8,0.25471698113207547,32
58,-6.12565445026178,-73.75,1.1514,206.4779458517075,,5,8,0.3018867924528302,34
59,-5.183246073298429,-73.75,1.1514,233.64110328103718,,6,9,0.27631578947368424,39
60,-4.2408376963350785,-73.75,1.1514,213.1731538200516,,6,7,0.3490566037735849,28
61,-3.298429319371728,-73.75,1.1514,235.0787320912019,,6,8,0.328125,34
62,-2.356020942408377,-73.75,1.1514,256.2192897333305,,6,8,0.3203125,34
63,-1.4136125654450262,-73.75,1.1514,225.6579717347386,,5,10,0.2597402597402597,43
64,-0.4712041884816754,-73.75,1.1514,229.66576118854223,,4,8,0.28888888888888886,30
65,0.4712041884816754,-73.75,1.1514,246.8477406588979,,6,5,0.25,12
66,1.4136125654450262,-73.75,1.1514,260.507628506566,,9,2,0.2916666666666667,3
67,-14.607329842931941,-72.5,1.1514,0.0,,0,3,0.3333333333333333,5
68,-13.664921465968591,-72.5,1.1514,0.0,,0,4,0.4166666666666667,9
69,-12.72251308900524,-72.5,1.1514,12.65458861425561,,0,7,0.21428571428571427,16
70,-11.780104712041888,-72.5,1.1514,135.77831261602225,,9,3,0.18888888888888888,5
71,-10.837696335078537,-72.5,1.1514,147.13776289992373,,10,3,0.14545454545454545,6
72,-9.895287958115185,-72.5,1.1514,157.85733133743045,,6,5,0.18571428571428572,14
73,-8.952879581151834,-72.5,1.1514,166.49884785883904,,6,6,0.22093023255813954,19
74,-8.010471204188482,-72.5,1.1514,150.07647827635597,,5,6,0.27941176470588236,18
75,-7.0680628272251305,-72.5,1.1514,174.94301961231002,,6,6,0.3023255813953488,20
76,-6.12565445026178,-72.5,1.1514,182.88639303352448,,6,7,0.3018867924528302,26
77,-5.183246073298429,-72.5,1.1514,251.6902029197654,,8,7,0.28289473684210525,26
78,-4.2408376963350785,-72.5,1.1514,246.6269954591384,,8,10,0.25,45
79,-3.298429319371728,-72.5,1.1514,243.26512633555865,,8,9,0.2815533980582524,40
80,-2.356020942408377,-72.5,1.1514,261.79709523212006,,9,10,0.2537313432835821,46
81,-1.4136125654450262,-72.5,1.1514,233.379919789032,,6,11,0.2644230769230769,52
82,-0.4712041884816754,-72.5,1.1514,222.07029471323582,,5,9,0.30303030303030304,41
83,0.4712041884816754,-72.5,1.1514,218.83567950489018,,5,10,0.27564102564102566,47
84,1.4136125654450262,-72.5,1.1514,218.8259356464005,,4,4,0.23333333333333334,10
85,-14.607329842931941,-71.25,1.1514,0.0,,0,6,0.3333333333333333,15
86,-13.664921465968591,-71.25,1.1514,0.0,,0,7,0.2619047619047619,18
87,-12.72251308900524,-71.25,1.1514,168.63344375780815,,8,9,0.18571428571428572,28
88,-11.780104712041888,-71.25,1.1514,153.8408557932939,,14,3,0.1619047619047619,5
89,-10.837696335078537,-71.25,1.1514,143.08316161610816,,8,3,0.2222222222222222,6
90,-9.895287958115185,-71.25,1.1514,158.9008943884117,,6,4,0.24074074074074073,10
91,-8.952879581151834,-71.25,1.1514,144.23895159387513,,4,5,0.25,13
92,-8.010471204188482,-71.25,1.1514,131.22129934487472,,4,5,0.23809523809523808,13
93,-7.0680628272251305,-71.25,1.1514,174.3637280280741,,8,6,0.23846153846153847,19
94,-6.12565445026178,-71.25,1.1514,194.7442499294531,,8,7,0.25,24
95,-5.183246073298429,-71.25,1.1514,192.1002251208433,,6,8,0.27692307692307694,29
96,-4.2408376963350785,-71.25,1.1514,265.120085164608,,10,7,0.2644230769230769,26
97,-3.298429319371728,-71.25,1.1514,231.45800729720384,,8,10,0.2627118644067797,44
98,-2.356020942408377,-71.25,1.1514,236.42622982662272,,7,10,0.2692307692307692,43
99,-1.4136125654450262,-71.25,1.1514,236.63206845920465,,6,11,0.28095238095238095,54
100,-0.4712041884816754,-71.25,1.1514,254.8249945739155,,7,11,0.2875,58
101,0.4712041884816754,-71.25,1.1514,246.00291636489828,,7,10,0.2980769230769231,54
102,1.4136125654450262,-71.25,1.1514,189.01409263336654,,4,10,0.35384615384615387,53
103,-13.664921465968591,-70.0,1.1514,58.985435652509196,,1,8,0.2777777777777778,24
104,-12.72251308900524,-70.0,1.1514,168.50567353559114,,12,5,0.18571428571428572,11
105,-11.780104712041888,-70.0,1.1514,129.30596985797033,,9,3,0.2,6
106,-10.837696335078537,-70.0,1.1514,144.55512495601684,,5,4,0.14285714285714285,8
107,-9.895287958115185,-70.0,1.1514,143.17922638456812,,5,4,0.19047619047619047,8
108,-8.952879581151834,-70.0,1.1514,150.6598469040267,,4,5,0.16666666666666666,12
109,-8.010471204188482,-70.0,1.1514,127.22945425765369,,4,6,0.25,18
110,-7.0680628272251305,-70.0,1.1514,149.01394337843197,,5,6,0.25,18
111,-6.12565445026178,-70.0,1.1514,178.24334957554942,,6,6,0.25555555555555554,18
112,-5.183246073298429,-70.0,1.1514,215.9016962147432,,7,6,0.2636363636363636,18
113,-4.2408376963350785,-70.0,1.1514,219.1642218846684,,6,7,0.2818181818181818,22
114,-3.298429319371728,-70.0,1.1514,234.34818837263444,,8,8,0.27472527472527475,29
115,-2.356020942408377,-70.0,1.1514,238.12606795739646,,8,10,0.2625,45
116,-1.4136125654450262,-70.0,1.1514,259.7959708882166,,8,12,0.2549019607843137,59
117,-0.4712041884816754,-70.0,1.1514,336.6488711345814,,10,12,0.2619047619047619,65
118,0.4712041884816754,-70.0,1.1514,315.8250227376008,,8,12,0.31456953642384106,70
119,1.4136125654450262,-70.0,1.1514,285.0131238482873,,6,10,0.35,52
120,-15.549738219895294,-68.75,1.1514,0.0,,0,8,0.25,22
121,-14.607329842931941,-68.75,1.1514,26.830606123394517,,0,6,0.23333333333333334,13
122,-13.664921465968591,-68.75,1.1514,174.75357240248056,,7,4,0.2361111111111111,9
123,-12.72251308900524,-68.75,1.1514,109.00892945450282,,9,2,0.2222222222222222,3
124,-11.780104712041888,-68.75,1.1514,120.74089473017416,,5,1,0.16666666666666666,1
125,-10.837696335078537,-68.75,1.1514,128.4528712381574,,3,2,0.16666666666666666,3
126,-9.895287958115185,-68.75,1.1514,116.82096666727597,,3,2,0.16666666666666666,3
127,-8.952879581151834,-68.75,1.1514,140.2258604005378,,3,4,0.35,10
128,-8.010471204188482,-68.75,1.1514,172.97262980448798,,5,5,0.25,13
129,-7.0680628272251305,-68.75,1.1514,165.58331372646052,,6,6,0.23333333333333334,18
130,-6.12565445026178,-68.75,1.1514,185.75472201892435,,6,6,0.2222222222222222,17
131,-5.183246073298429,-68.75,1.1514,215.6172676339764,,6,6,0.2111111111111111,15
132,-4.2408376963350785,-68.75,1.1514,261.5550635395392,,9,8,0.2,24
133,-3.298429319371728,-68.75,1.1514,244.1767839158574,,8,7,0.26282051282051283,25
134,-2.356020942408377,-68.75,1.1514,265.7381773776666,,8,11,0.23897058823529413,49
135,-1.4136125654450262,-68.75,1.1514,291.0574361403603,,9,12,0.24705882352941178,53
136,-0.4712041884816754,-68.75,1.1514,341.7090051434164,,10,14,0.259825327510917,78
137,0.4712041884816754,-68.75,1.1514,413.70031075173864,,11,14,0.2788844621513944,92
138,1.4136125654450262,-68.75,1.1514,373.50369299485243,,8,12,0.2980132450331126,67
139,2.356020942408377,-68.75,1.1514,380.8231261857651,,5,6,0.5294117647058824,25
140,-16.492146596858646,-67.5,1.1514,0.0,,0,2,0.5,3
141,-15.549738219895294,-67.5,1.1514,99.49198819138633,,3,7,0.10714285714285714,14
142,-14.607329842931941,-67.5,1.1514,88.65286517655346,,5,1,0.16666666666666666,1
143,-13.664921465968591,-67.5,1.1514,62.014730649081976,,1,0,0.0,0
144,-12.72251308900524,-67.5,1.1514,35.64670192822603,,0,0,0.0,0
145,-11.780104712041888,-67.5,1.1514,114.6160537732594,,1,2,0.0,3
146,-10.837696335078537,-67.5,1.1514,158.98695149648748,,5,2,0.0,3
147,-9.895287958115185,-67.5,1.1514,97.85049787801097,,1,4,0.0,7
148,-8.952879581151834,-67.5,1.1514,176.5966142368994,,4,4,0.16666666666666666,9
149,-8.010471204188482,-67.5,1.1514,187.43762853377476,,6,5,0.2222222222222222,14
150,-7.0680628272251305,-67.5,1.1514,191.91453352002762,,6,6,0.2222222222222222,18
151,-6.12565445026178,-67.5,1.1514,174.49216064240602,,6,5,0.20833333333333334,12
152,-5.183246073298429,-67.5,1.1514,178.83990525917,,5,6,0.19444444444444445,16
153,-4.2408376963350785,-67.5,1.1514,214.8413704349547,,4,5,0.21428571428571427,12
154,-3.298429319371728,-67.5,1.1514,240.1856218000308,,7,8,0.23717948717948717,31
155,-2.356020942408377,-67.5,1.1514,263.1783278183449,,7,10,0.24285714285714285,42
156,-1.4136125654450262,-67.5,1.1514,275.21491869796523,,8,11,0.25735294117647056,52
157,-0.4712041884816754,-67.5,1.1514,314.88051934724155,,9,14,0.2679425837320574,75
158,0.4712041884816754,-67.5,1.1514,390.35979907968107,,12,14,0.2773722627737226,84
159,1.4136125654450262,-67.5,1.1514,397.63117614989494,,10,14,0.2838427947598253,77
160,2.356020942408377,-67.5,1.1514,505.91319660681904,,7,8,0.3933333333333333,31
161,-18.376963350785346,-66.25,1.1514,0.0,,0,0,0.0,0
162,-17.434554973821996,-66.25,1.1514,0.0,,0,0,0.0,0
163,-16.492146596858646,-66.25,1.1514,36.94313563335797,,0,3,0.16666666666666666,3
164,-15.549738219895294,-66.25,1.1514,105.00680787053535,,3,2,0.16666666666666666,3
165,-14.607329842931941,-66.25,1.1514,82.41994496722845,,3,1,0.5,1
166,-13.664921465968591,-66.25,1.1514,10.072657638499543,,0,0,0.0,0
167,-12.72251308900524,-66.25,1.1514,0.0,,0,0,0.0,0
168,-11.780104712041888,-66.25,1.1514,86.5318455360064,,1,1,0.0,1
169,-10.837696335078537,-66.25,1.1514,122.7442504950727,,2,4,0.16666666666666666,9
170,-9.895287958115185,-66.25,1.1514,137.74401817208806,,3,4,0.15,9
171,-8.952879581151834,-66.25,1.1514,155.2186450336095,,3,4,0.3,11
172,-8.010471204188482,-66.25,1.1514,187.61426451400547,,5,5,0.25,14
173,-7.0680628272251305,-66.25,1.1514,195.09940700539966,,6,6,0.2222222222222222,17
174,-6.12565445026178,-66.25,1.1514,187.06051855856364,,6,5,0.20833333333333334,13
175,-5.183246073298429,-66.25,1.1514,191.9804471791112,,4,6,0.19642857142857142,18
176,-4.2408376963350785,-66.25,1.1514,205.13372501473532,,4,7,0.2222222222222222,23
177,-3.298429319371728,-66.25,1.1514,237.3886972951867,,7,7,0.22727272727272727,24
178,-2.356020942408377,-66.25,1.1514,250.10481660328034,,7,7,0.2803030303030303,23
179,-1.4136125654450262,-66.25,1.1514,255.53899515370162,,9,10,0.2536764705882353,44
180,-0.4712041884816754,-66.25,1.1514,272.2561276630942,,10,13,0.24047619047619048,66
181,0.4712041884816754,-66.25,1.1514,284.56712096060045,,9,11,0.3137254901960784,46
182,1.4136125654450262,-66.25,1.1514,255.15760491741335,,6,11,0.3317307692307692,45
183,2.356020942408377,-66.25,1.1514,398.34929118454653,,8,8,0.34269662921348315,28
184,-18.376963350785346,-65.0,1.1514,0.0,,0,0,0.0,0
185,-17.434554973821996,-65.0,1.1514,21.144386021355235,,0,1,0.0,0
186,-16.492146596858646,-65.0,1.1514,79.78967633989006,,2,0,0.0,0
187,-15.549738219895294,-65.0,1.1514,87.38817138158271,,0,0,0.0,0
188,-14.607329842931941,-65.0,1.1514,47.206230612034794,,0,0,0.0,0
189,-13.664921465968591,-65.0,1.1514,12.588973104950023,,0,0,0.0,0
190,-12.72251308900524,-65.0,1.1514,0.0,,0,0,0.0,0
191,-11.780104712041888,-65.0,1.1514,98.97092553865879,,1,3,0.0,5
192,-10.837696335078537,-65.0,1.1514,144.70089896781002,,3,3,0.08333333333333333,5
193,-9.895287958115185,-65.0,1.1514,135.30244940291058,,4,3,0.15,5
194,-8.952879581151834,-65.0,1.1514,178.73774950238297,,6,4,0.18518518518518517,10
195,-8.010471204188482,-65.0,1.1514,199.46026924941143,,6,6,0.20454545454545456,18
196,-7.0680628272251305,-65.0,1.1514,195.98046569897267,,6,6,0.23333333333333334,19
197,-6.12565445026178,-65.0,1.1514,190.74252328260937,,5,7,0.2222222222222222,24
198,-5.183246073298429,-65.0,1.1514,235.73219339070957,,5,9,0.23484848484848486,38
199,-4.2408376963350785,-65.0,1.1514,240.1583695848405,,7,8,0.21153846153846154,32
200,-3.298429319371728,-65.0,1.1514,238.53808335819696,,5,8,0.2727272727272727,33
201,-2.356020942408377,-65.0,1.1514,258.66196069040325,,8,8,0.25274725274725274,30
202,-1.4136125654450262,-65.0,1.1514,253.37583381714148,,9,10,0.25,46
203,-0.4712041884816754,-65.0,1.1514,264.0890285431207,,10,11,0.24853801169590642,51
204,0.4712041884816754,-65.0,1.1514,310.4402495341532,,14,10,0.24675324675324675,37
205,1.4136125654450262,-65.0,1.1514,310.72893057878986,,14,5,0.3272058823529412,13
206,-20.261780104712045,-63.75,1.1514,107.98098059199688,,0,0,0.0,0
207,-19.319371727748695,-63.75,1.1514,29.162573329289582,,0,0,0.0,0
208,-18.376963350785346,-63.75,1.1514,57.01237001362227,,0,0,0.0,0
209,-17.434554973821996,-63.75,1.1514,29.53685328882575,,0,0,0.0,0
210,-16.492146596858646,-63.75,1.1514,60.60053530796603,,0,0,0.0,0
211,-15.549738219895294,-63.75,1.1514,49.811562365756096,,0,0,0.0,0
212,-14.607329842931941,-63.75,1.1514,100.18233778913886,,1,1,0.0,1
213,-13.664921465968591,-63.75,1.1514,62.562277494191974,,0,0,0.0,0
214,-12.72251308900524,-63.75,1.1514,67.13273767143349,,0,0,0.0,0
215,-11.780104712041888,-63.75,1.1514,116.80274966392923,,2,2,0.0,3
216,-10.837696335078537,-63.75,1.1514,143.18129841666843,,3,1,0.0,1
217,-9.895287958115185,-63.75,1.1514,110.977816501279,,2,4,0.25,10
218,-8.952879581151834,-63.75,1.1514,122.9366527466457,,2,5,0.25,13
219,-8.010471204188482,-63.75,1.1514,185.21732967223025,,4,8,0.23333333333333334,29
220,-7.0680628272251305,-63.75,1.1514,192.25419476638518,,5,7,0.25555555555555554,25
221,-6.12565445026178,-63.75,1.1514,207.40472672428268,,5,9,0.25,37
222,-5.183246073298429,-63.75,1.1514,233.57454569370393,,5,9,0.26515151515151514,35
223,-4.2408376963350785,-63.75,1.1514,237.26679093411943,,6,8,0.2803030303030303,33
224,-3.298429319371728,-63.75,1.1514,251.87033928199588,,6,8,0.26515151515151514,30
225,-2.356020942408377,-63.75,1.1514,318.85058865278273,,9,9,0.21666666666666667,35
226,-1.4136125654450262,-63.75,1.1514,317.2084560147631,,9,10,0.2536764705882353,47
227,-0.4712041884816754,-63.75,1.1514,230.64563574287297,,8,9,0.2904761904761905,37
228,0.4712041884816754,-63.75,1.1514,194.30198357119386,,8,8,0.32967032967032966,25
229,1.4136125654450262,-63.75,1.1514,204.08003611666973,,12,5,0.3761904761904762,11
230,3.298429319371728,-63.75,1.1514,162.8107325551001,,7,2,0.5238095238095238,2
231,-19.319371727748695,-62.5,1.1514,0.0,,0,0,0.0,0
232,-18.376963350785346,-62.5,1.1514,0.0,,0,0,0.0,0
233,-17.434554973821996,-62.5,1.1514,0.0,,0,0,0.0,0
234,-16.492146596858646,-62.5,1.1514,39.5898517403422,,0,0,0.0,0
235,-15.549738219895294,-62.5,1.1514,59.622542830036764,,0,0,0.0,0
236,-14.607329842931941,-62.5,1.1514,94.8997035895072,,1,1,0.0,1
237,-13.664921465968591,-62.5,1.1514,97.60776120534845,,1,1,0.0,1
238,-12.72251308900524,-62.5,1.1514,75.1427105876048,,1,1,0.0,1
239,-11.780104712041888,-62.5,1.1514,52.263262737136394,,0,0,0.0,0
240,-10.837696335078537,-62.5,1.1514,38.90802332591036,,0,2,0.0,2
241,-9.895287958115185,-62.5,1.1514,111.57402880361407,,2,6,0.4,21
242,-8.952879581151834,-62.5,1.1514,154.62610539294687,,5,6,0.2222222222222222,17
243,-8.010471204188482,-62.5,1.1514,160.77495943890221,,4,6,0.26785714285714285,18
244,-7.0680628272251305,-62.5,1.1514,224.49579277910522,,7,8,0.2564102564102564,35
245,-6.12565445026178,-62.5,1.1514,244.87732248628132,,7,9,0.24725274725274726,36
246,-5.183246073298429,-62.5,1.1514,274.9385972438462,,7,9,0.24725274725274726,35
247,-4.2408376963350785,-62.5,1.1514,255.9572641145018,,7,9,0.26373626373626374,38
248,-3.298429319371728,-62.5,1.1514,304.3905369614824,,8,8,0.24725274725274726,30
249,-2.356020942408377,-62.5,1.1514,374.80450440057325,,10,10,0.21241830065359477,43
250,-1.4136125654450262,-62.5,1.1514,328.49880201440345,,9,14,0.23809523809523808,83
251,-0.4712041884816754,-62.5,1.1514,276.98259590895134,,9,9,0.2916666666666667,39
252,0.4712041884816754,-62.5,1.1514,168.83713581584098,,6,7,0.34545454545454546,20
253,1.4136125654450262,-62.5,1.1514,214.71121155959946,,15,4,0.3161764705882353,6
254,2.356020942408377,-62.5,1.1514,172.65438582914757,,12,2,0.4166666666666667,2
255,3.298429319371728,-62.5,1.1514,104.93477180202771,,5,0,0.6,0
256,-18.376963350785346,-61.25,1.1514,0.0,,0,0,0.0,0
257,-17.434554973821996,-61.25,1.1514,0.0,,0,0,0.0,0
258,-16.492146596858646,-61.25,1.1514,21.467744551015674,,0,0,0.0,0
259,-15.549738219895294,-61.25,1.1514,14.962375602743792,,0,0,0.0,0
260,-14.607329842931941,-61.25,1.1514,33.82851680118755,,0,0,0.0,0
261,-13.664921465968591,-61.25,1.1514,74.49930776354505,,1,1,0.0,1
262,-12.72251308900524,-61.25,1.1514,30.271112152954267,,0,0,0.0,0
263,-11.780104712041888,-61.25,1.1514,65.33979985635129,,0,1,0.0,1
264,-10.837696335078537,-61.25,1.1514,92.17073421248388,,2,2,0.0,3
265,-9.895287958115185,-61.25,1.1514,157.30503088946125,,6,5,0.2361111111111111,16
266,-8.952879581151834,-61.25,1.1514,172.28469679470743,,4,7,0.2638888888888889,24
267,-8.010471204188482,-61.25,1.1514,194.93093504328442,,5,6,0.2638888888888889,18
268,-7.0680628272251305,-61.25,1.1514,229.23265569275355,,7,8,0.2692307692307692,34
269,-6.12565445026178,-61.25,1.1514,275.723708659854,,8,10,0.24166666666666667,44
270,-5.183246073298429,-61.25,1.1514,269.1053201960867,,7,8,0.2692307692307692,30
271,-4.2408376963350785,-61.25,1.1514,255.99742877729844,,8,9,0.2619047619047619,38
272,-3.298429319371728,-61.25,1.1514,274.5134997690334,,8,7,0.26282051282051283,22
273,-2.356020942408377,-61.25,1.1514,290.6980026749623,,8,8,0.25824175824175827,32
274,-1.4136125654450262,-61.25,1.1514,331.41025661104425,,8,13,0.2573099415204678,73
275,-0.4712041884816754,-61.25,1.1514,390.8011544314273,,12,13,0.21936758893280633,64
276,0.4712041884816754,-61.25,1.1514,283.43957520478614,,13,6,0.2647058823529412,16
277,1.4136125654450262,-61.25,1.1514,204.8417230053249,,13,3,0.31868131868131866,4
278,2.356020942408377,-61.25,1.1514,134.4229852101138,,14,0,0.3626373626373626,0
279,3.298429319371728,-61.25,1.1514,11.364355599743034,,0,0,0.0,0
280,4.2408376963350785,-61.25,1.1514,3.1532940576753834,,0,0,0.0,0
281,-15.549738219895294,-60.0,1.1514,0.0,,0,0,0.0,0
282,-14.607329842931941,-60.0,1.1514,4.4319376329603495,,0,0,0.0,0
283,-13.664921465968591,-60.0,1.1514,33.000719511840245,,0,0,0.0,0
284,-12.72251308900524,-60.0,1.1514,78.4845105445671,,1,1,0.0,1
285,-11.780104712041888,-60.0,1.1514,128.40766840746656,,2,3,0.0,5
286,-10.837696335078537,-60.0,1.1514,151.9724089370155,,5,4,0.15,10
287,-9.895287958115185,-60.0,1.1514,169.61635346049835,,6,6,0.26744186046511625,20
288,-8.952879581151834,-60.0,1.1514,210.9345243808076,,8,8,0.2222222222222222,33
289,-8.010471204188482,-60.0,1.1514,,,0,8,0.375,29
290,-7.0680628272251305,-60.0,1.1514,260.89308743569535,,10,8,0.226890756302521,31
291,-6.12565445026178,-60.0,1.1514,278.526626178629,,7,11,0.25630252100840334,50
292,-5.183246073298429,-60.0,1.1514,310.6350320008091,,8,9,0.2523809523809524,37
293,-4.2408376963350785,-60.0,1.1514,313.731312322927,,9,8,0.2523809523809524,29
294,-3.298429319371728,-60.0,1.1514,328.1919950506372,,9,7,0.25274725274725274,22
295,-2.356020942408377,-60.0,1.1514,385.1746642966719,,9,10,0.22426470588235295,45
296,-1.4136125654450262,-60.0,1.1514,302.6960266579849,,6,15,0.2777777777777778,87
297,-0.4712041884816754,-60.0,1.1514,428.2741792381899,,10,14,0.23160173160173161,69
298,0.4712041884816754,-60.0,1.1514,327.4051695441861,,12,6,0.2708333333333333,16
299,1.4136125654450262,-60.0,1.1514,229.1868625867378,,12,1,0.35454545454545455,1
300,2.356020942408377,-60.0,1.1514,124.89383861916313,,6,0,0.4666666666666667,0
301,3.298429319371728,-60.0,1.1514,24.093853583783915,,0,0,0.0,0
302,4.2408376963350785,-60.0,1.1514,16.063839510722875,,0,0,0.0,0
303,5.183246073298429,-60.0,1.1514,39.25129123801259,,0,0,0.0,0
304,-13.664921465968591,-58.75,1.1514,0.0,,0,0,0.0,0
305,-12.72251308900524,-58.75,1.1514,0.0,,0,1,0.0,1
306,-11.780104712041888,-58.75,1.1514,107.35679782052244,,2,2,0.0,3
307,-10.837696335078537,-58.75,1.1514,108.71405939466543,,2,5,0.25,13
308,-9.895287958115185,-58.75,1.1514,183.00337917469088,,7,6,0.25925925925925924,20
309,-8.952879581151834,-58.75,1.1514,229.71969064872843,,7,9,0.2696629213483146,40
310,-8.010471204188482,-58.75,1.1514,259.36917344282034,,9,11,0.2152317880794702,53
311,-7.0680628272251305,-58.75,1.1514,290.6692857027091,,9,11,0.23509933774834438,52
312,-6.12565445026178,-58.75,1.1514,326.4990919578081,,8,11,0.25555555555555554,51
313,-5.183246073298429,-58.75,1.1514,330.42287964035944,,8,9,0.2571428571428571,37
314,-4.2408376963350785,-58.75,1.1514,270.35197878072614,,8,8,0.25274725274725274,28
315,-3.298429319371728,-58.75,1.1514,325.24190898766693,,9,8,0.22857142857142856,27
316,-2.356020942408377,-58.75,1.1514,337.81511394632093,,8,10,0.22916666666666666,44
317,-1.4136125654450262,-58.75,1.1514,434.7976159359758,,9,16,0.22529644268774704,85
318,-0.4712041884816754,-58.75,1.1514,385.2552743787687,,8,16,0.24025974025974026,71
319,0.4712041884816754,-58.75,1.1514,345.52489489920544,,12,8,0.2549019607843137,24
320,-13.664921465968591,-57.5,1.1514,10.606875850335294,,0,0,0.0,0
321,-12.72251308900524,-57.5,1.1514,79.71305868146963,,2,1,0.0,1
322,-11.780104712041888,-57.5,1.1514,131.0267677180654,,3,3,0.08333333333333333,5
323,-10.837696335078537,-57.5,1.1514,135.4368917084669,,4,4,0.16666666666666666,8
324,-9.895287958115185,-57.5,1.1514,175.99824275890234,,7,8,0.2077922077922078,32
325,-8.952879581151834,-57.5,1.1514,222.85810154214218,,7,9,0.2808988764044944,38
326,-8.010471204188482,-57.5,1.1514,254.4777552893185,,7,11,0.2647058823529412,50
327,-7.0680628272251305,-57.5,1.1514,278.14368881750977,,7,8,0.27564102564102566,30
328,-6.12565445026178,-57.5,1.1514,297.1346409980353,,8,9,0.2761904761904762,37
329,-5.183246073298429,-57.5,1.1514,297.16720229725803,,8,8,0.2692307692307692,29
330,-4.2408376963350785,-57.5,1.1514,264.2195428186097,,8,8,0.24175824175824176,26
331,-3.298429319371728,-57.5,1.1514,281.0259359050511,,9,5,0.2803030303030303,13
332,-2.356020942408377,-57.5,1.1514,179.3894364535772,,4,11,0.25,44
333,-1.4136125654450262,-57.5,1.1514,342.80381256052556,,9,13,0.2394736842105263,56
334,-0.4712041884816754,-57.5,1.1514,303.53263647594355,,9,13,0.2657894736842105,45
335,0.4712041884816754,-57.5,1.1514,287.57859026577484,,12,9,0.26900584795321636,23
336,1.4136125654450262,-57.5,1.1514,228.39878441615764,,9,3,0.36666666666666664,4
337,-13.664921465968591,-56.25,1.1514,21.177872970755285,,0,0,0.0,0
338,-12.72251308900524,-56.25,1.1514,0.0,,0,1,0.0,1
339,-11.780104712041888,-56.25,1.1514,78.57222089274761,,2,2,0.0,3
340,-10.837696335078537,-56.25,1.1514,115.40342509435942,,2,4,0.3333333333333333,10
341,-9.895287958115185,-56.25,1.1514,92.51551472072678,,2,7,0.40476190476190477,25
342,-8.952879581151834,-56.25,1.1514,227.35049412684714,,8,8,0.25824175824175827,30
343,-8.010471204188482,-56.25,1.1514,246.8931859489789,,6,8,0.3181818181818182,30
344,-7.0680628272251305,-56.25,1.1514,284.5478010343415,,8,8,0.26373626373626374,29
345,-6.12565445026178,-56.25,1.1514,254.72995708895442,,7,7,0.3106060606060606,24
346,-5.183246073298429,-56.25,1.1514,273.058411533298,,9,6,0.28846153846153844,20
347,-4.2408376963350785,-56.25,1.1514,203.45706876858063,,7,5,0.28888888888888886,12
348,-3.298429319371728,-56.25,1.1514,237.31530579935657,,8,6,0.24242424242424243,17
349,-2.356020942408377,-56.25,1.1514,182.5519655972831,,7,8,0.19230769230769232,22
350,-1.4136125654450262,-56.25,1.1514,216.1887059005051,,8,9,0.2904761904761905,29
351,-0.4712041884816754,-56.25,1.1514,220.16331312275432,,12,8,0.2908496732026144,21
352,0.4712041884816754,-56.25,1.1514,206.62435771765263,,13,4,0.35714285714285715,7
353,1.4136125654450262,-56.25,1.1514,143.61042194617426,,8,2,0.37777777777777777,0
354,-14.607329842931941,-55.0,1.1514,0.0,,0,0,0.0,0
355,-13.664921465968591,-55.0,1.1514,0.0,,0,0,0.0,0
356,-12.72251308900524,-55.0,1.1514,81.15520537022269,,2,3,0.16666666666666666,6
357,-11.780104712041888,-55.0,1.1514,99.6657369010444,,2,3,0.16666666666666666,6
358,-10.837696335078537,-55.0,1.1514,79.36219699516644,,2,3,0.5,6
359,-9.895287958115185,-55.0,1.1514,83.30440824175047,,2,6,0.36666666666666664,18
360,-8.952879581151834,-55.0,1.1514,178.53892257178586,,6,6,0.3111111111111111,18
361,-8.010471204188482,-55.0,1.1514,235.33766541230835,,8,7,0.28846153846153844,24
362,-7.0680628272251305,-55.0,1.1514,254.23647710216696,,8,6,0.3106060606060606,18
363,-6.12565445026178,-55.0,1.1514,279.7838865967479,,8,6,0.30303030303030304,18
364,-5.183246073298429,-55.0,1.1514,259.58764243108726,,9,6,0.28205128205128205,18
365,-4.2408376963350785,-55.0,1.1514,212.5627833147731,,9,4,0.2818181818181818,8
366,-3.298429319371728,-55.0,1.1514,165.90010960171395,,7,4,0.2777777777777778,9
367,-2.356020942408377,-55.0,1.1514,124.69654720142225,,3,4,0.2619047619047619,6
368,-1.4136125654450262,-55.0,1.1514,103.04396248805686,,5,5,0.375,10
369,-0.4712041884816754,-55.0,1.1514,187.47664582849626,,12,4,0.33516483516483514,7
370,0.4712041884816754,-55.0,1.1514,175.55948853276163,,10,3,0.4090909090909091,3
371,1.4136125654450262,-55.0,1.1514,165.87659371914373,,9,2,0.36363636363636365,0
372,2.356020942408377,-55.0,1.1514,162.2836225920209,,5,1,0.43333333333333335,0
373,-14.607329842931941,-53.75,1.1514,0.0,,0,0,0.0,0
374,-13.664921465968591,-53.75,1.1514,0.0,,0,1,0.0,1
375,-12.72251308900524,-53.75,1.1514,89.63078261596806,,3,2,0.16666666666666666,3
376,-11.780104712041888,-53.75,1.1514,103.96189559619533,,4,2,0.16666666666666666,3
377,-10.837696335078537,-53.75,1.1514,132.43685287360864,,6,3,0.14285714285714285,6
378,-9.895287958115185,-53.75,1.1514,133.8218466954305,,7,4,0.20833333333333334,9
379,-8.952879581151834,-53.75,1.1514,168.16911555819013,,8,4,0.3111111111111111,9
380,-8.010471204188482,-53.75,1.1514,214.75436035809983,,8,6,0.2727272727272727,18
381,-7.0680628272251305,-53.75,1.1514,253.78742866778904,,9,5,0.2803030303030303,12
382,-6.12565445026178,-53.75,1.1514,281.6747137332025,,10,5,0.26282051282051283,13
383,-5.183246073298429,-53.75,1.1514,226.84477465145875,,9,4,0.3090909090909091,9
384,-4.2408376963350785,-53.75,1.1514,232.73466339593065,,9,4,0.23636363636363636,9
385,-3.298429319371728,-53.75,1.1514,165.5079089703247,,6,4,0.19642857142857142,9
386,-2.356020942408377,-53.75,1.1514,169.89882754962986,,8,3,0.25,4
387,-1.4136125654450262,-53.75,1.1514,125.95398519143158,,8,3,0.2916666666666667,3
388,-0.4712041884816754,-53.75,1.1514,171.3631628929658,,12,3,0.3076923076923077,3
389,0.4712041884816754,-53.75,1.1514,165.5465025788339,,10,1,0.39090909090909093,0
390,1.4136125654450262,-53.75,1.1514,161.4267913188,,9,0,0.4444444444444444,0
391,2.356020942408377,-53.75,1.1514,164.41575489594604,,6,0,0.4,0
392,-13.664921465968591,-52.5,1.1514,0.0,,0,0,0.0,0
393,-12.72251308900524,-52.5,1.1514,26.569288159968828,,0,0,0.0,0
394,-11.780104712041888,-52.5,1.1514,79.3894062290919,,1,1,0.0,1
395,-10.837696335078537,-52.5,1.1514,58.17024450523426,,0,1,0.0,1
396,-9.895287958115185,-52.5,1.1514,99.55508636763442,,5,2,0.2,3
397,-8.952879581151834,-52.5,1.1514,143.57849382771948,,9,4,0.21818181818181817,9
398,-8.010471204188482,-52.5,1.1514,162.33826045850765,,8,4,0.26666666666666666,9
399,-7.0680628272251305,-52.5,1.1514,210.4741924649394,,9,3,0.3111111111111111,5
400,-6.12565445026178,-52.5,1.1514,199.88817348693382,,7,3,0.2857142857142857,6
401,-5.183246073298429,-52.5,1.1514,229.64859065514344,,8,4,0.24444444444444444,9
402,-4.2408376963350785,-52.5,1.1514,216.1974407610412,,7,3,0.25,6
403,-3.298429319371728,-52.5,1.1514,146.723930304011,,3,3,0.25,6
404,-2.356020942408377,-52.5,1.1514,164.36783071243642,,6,2,0.26666666666666666,3
405,-1.4136125654450262,-52.5,1.1514,123.68693716274834,,4,0,0.4166666666666667,0
406,-0.4712041884816754,-52.5,1.1514,156.26940991605582,,8,0,0.375,0
407,0.4712041884816754,-52.5,1.1514,158.7268779481215,,10,0,0.37777777777777777,0
408,-8.952879581151834,-51.25,1.1514,107.52838364968481,,2,2,0.5,3
409,-8.010471204188482,-51.25,1.1514,121.26215965761688,,5,2,0.25,3
410,-7.0680628272251305,-51.25,1.1514,154.655877703398,,7,1,0.36666666666666664,1
411,-5.183246073298429,-51.25,1.1514,214.8886655688897,,4,2,0.3333333333333333,3
412,-4.2408376963350785,-51.25,1.1514,177.35183509838757,,4,3,0.2,6
413,-3.298429319371728,-51.25,1.1514,194.24869635197294,,5,3,0.16666666666666666,5
414,-2.356020942408377,-51.25,1.1514,172.004250354729,,5,1,0.25,1
415,-3.298429319371728,-50.0,1.1514,154.94991439749825,,3,1,0.5,1
0,-6.12565445026178,-78.75,3.112,0.0,,0,0,0.0,0
1,-5.183246073298429,-78.75,3.112,23.170638590764835,,0,1,0.0,1
2,-4.2408376963350785,-78.75,3.112,141.78726261083673,,1,2,0.0,3
3,-3.298429319371728,-78.75,3.112,96.88186600753058,,0,1,0.0,1
4,-2.356020942408377,-78.75,3.112,42.91219482655129,,0,1,0.0,1
5,-1.4136125654450262,-78.75,3.112,5.559845412977792,,0,1,0.0,1
6,-8.952879581151834,-77.5,3.112,4.214555342745743,,0,1,0.0,0
7,-8.010471204188482,-77.5,3.112,61.20770327706395,,0,0,0.0,0
8,-7.0680628272251305,-77.5,3.112,69.77546843721052,,0,0,0.0,0
9,-6.12565445026178,-77.5,3.112,90.77652061627646,,0,0,0.0,0
10,-5.183246073298429,-77.5,3.112,142.26698544587484,,0,0,0.0,0
11,-4.2408376963350785,-77.5,3.112,232.8348309554553,,3,1,0.0,1
12,-3.298429319371728,-77.5,3.112,276.8277149053938,,2,1,0.0,1
13,-2.356020942408377,-77.5,3.112,227.04857681965296,,2,1,0.0,1
14,-1.4136125654450262,-77.5,3.112,306.75887907636934,,2,1,0.0,1
15,-0.4712041884816754,-77.5,3.112,275.78740644911727,,1,2,0.0,3
16,0.4712041884816754,-77.5,3.112,209.90264149605065,,1,2,0.0,3
17,-10.837696335078537,-76.25,3.112,0.0,,0,0,0.0,0
18,-9.895287958115185,-76.25,3.112,19.31115765341521,,0,0,0.0,0
19,-8.952879581151834,-76.25,3.112,161.78943007071504,,0,0,0.0,0
20,-8.010471204188482,-76.25,3.112,149.3314469173326,,1,0,0.0,0
21,-7.0680628272251305,-76.25,3.112,207.2987089068826,,0,0,0.0,0
22,-6.12565445026178,-76.25,3.112,204.29557325042327,,1,1,0.0,1
23,-5.183246073298429,-76.25,3.112,193.58631265773187,,1,1,0.0,1
24,-4.2408376963350785,-76.25,3.112,161.14578491676536,,1,1,0.0,1
25,-3.298429319371728,-76.25,3.112,180.93662561696868,,1,1,0.0,1
26,-2.356020942408377,-76.25,3.112,158.99656465541267,,1,1,0.0,1
27,-1.4136125654450262,-76.25,3.112,178.59670695968427,,1,1,0.0,1
28,-0.4712041884816754,-76.25,3.112,278.2110830729287,,2,1,0.0,1
29,0.4712041884816754,-76.25,3.112,319.9303597377441,,2,1,0.0,1
30,1.4136125654450262,-76.25,3.112,199.27597669989632,,1,1,0.0,1
31,-13.664921465968591,-75.0,3.112,0.0,,0,0,0.0,0
32,-12.72251308900524,-75.0,3.112,0.0,,0,0,0.0,0
33,-11.780104712041888,-75.0,3.112,21.80640949738211,,0,0,0.0,0
34,-10.837696335078537,-75.0,3.112,187.20744463316996,,1,3,0.0,4
35,-9.895287958115185,-75.0,3.112,204.30386738477702,,2,2,0.0,2
36,-8.952879581151834,-75.0,3.112,151.285974343391,,1,0,0.0,0
37,-8.010471204188482,-75.0,3.112,152.588523192517,,0,0,0.0,0
38,-7.0680628272251305,-75.0,3.112,158.71464767677656,,0,0,0.0,0
39,-6.12565445026178,-75.0,3.112,189.3656211499082,,1,1,0.0,1
40,-5.183246073298429,-75.0,3.112,225.59366854763587,,1,1,0.0,1
41,-4.2408376963350785,-75.0,3.112,229.73918314913053,,1,1,0.0,1
42,-3.298429319371728,-75.0,3.112,260.4899524236355,,1,1,0.0,1
43,-2.356020942408377,-75.0,3.112,221.9327697577561,,1,2,0.0,3
44,-1.4136125654450262,-75.0,3.112,235.97411737800937,,1,1,0.0,1
45,-0.4712041884816754,-75.0,3.112,250.44679487133484,,1,1,0.0,1
46,0.4712041884816754,-75.0,3.112,186.2168489192553,,1,1,0.0,1
47,1.4136125654450262,-75.0,3.112,194.6692889422487,,0,0,0.0,0
48,2.356020942408377,-75.0,3.112,142.9045168232014,,0,0,0.0,0
49,-14.607329842931941,-73.75,3.112,4.462444798007503,,0,0,0.0,0
50,-13.664921465968591,-73.75,3.112,0.0,,0,0,0.0,0
51,-12.72251308900524,-73.75,3.112,49.677519613199074,,0,0,0.0,0
52,-11.780104712041888,-73.75,3.112,112.22294008656844,,1,3,0.0,3
53,-10.837696335078537,-73.75,3.112,138.8469026472703,,2,0,0.0,0
54,-9.895287958115185,-73.75,3.112,147.83086788856755,,0,0,0.0,0
55,-8.952879581151834,-73.75,3.112,162.221477336102,,1,1,0.0,1
56,-8.010471204188482,-73.75,3.112,194.1312264735489,,1,1,0.0,1
57,-7.0680628272251305,-73.75,3.112,196.9978484779027,,1,1,0.0,1
58,-6.12565445026178,-73.75,3.112,206.4779458517075,,1,1,0.0,1
59,-5.183246073298429,-73.75,3.112,233.64110328103718,,1,2,0.0,3
60,-4.2408376963350785,-73.75,3.112,213.1731538200516,,1,2,0.0,3
61,-3.298429319371728,-73.75,3.112,235.0787320912019,,1,2,0.0,3
62,-2.356020942408377,-73.75,3.112,256.2192897333305,,2,2,0.0,3
63,-1.4136125654450262,-73.75,3.112,225.6579717347386,,1,1,0.0,1
64,-0.4712041884816754,-73.75,3.112,229.66576118854223,,1,1,0.0,1
65,0.4712041884816754,-73.75,3.112,246.8477406588979,,1,1,0.0,1
66,1.4136125654450262,-73.75,3.112,260.507628506566,,1,1,0.0,1
67,-14.607329842931941,-72.5,3.112,0.0,,0,0,0.0,0
68,-13.664921465968591,-72.5,3.112,0.0,,0,0,0.0,0
69,-12.72251308900524,-72.5,3.112,12.65458861425561,,0,1,0.0,0
70,-11.780104712041888,-72.5,3.112,135.77831261602225,,2,0,0.0,0
71,-10.837696335078537,-72.5,3.112,147.13776289992373,,0,0,0.0,0
72,-9.895287958115185,-72.5,3.112,157.85733133743045,,1,1,0.0,1
73,-8.952879581151834,-72.5,3.112,166.49884785883904,,1,1,0.0,1
74,-8.010471204188482,-72.5,3.112,150.07647827635597,,0,0,0.0,0
75,-7.0680628272251305,-72.5,3.112,174.94301961231002,,1,1,0.0,1
76,-6.12565445026178,-72.5,3.112,182.88639303352448,,1,1,0.0,1
77,-5.183246073298429,-72.5,3.112,251.6902029197654,,2,1,0.0,1
78,-4.2408376963350785,-72.5,3.112,246.6269954591384,,2,2,0.0,3
79,-3.298429319371728,-72.5,3.112,243.26512633555865,,2,2,0.0,3
80,-2.356020942408377,-72.5,3.112,261.79709523212006,,2,2,0.0,3
81,-1.4136125654450262,-72.5,3.112,233.379919789032,,1,2,0.0,3
82,-0.4712041884816754,-72.5,3.112,222.07029471323582,,1,2,0.0,3
83,0.4712041884816754,-72.5,3.112,218.83567950489018,,1,1,0.0,1
84,1.4136125654450262,-72.5,3.112,218.8259356464005,,1,1,0.0,1
85,-14.607329842931941,-71.25,3.112,0.0,,0,0,0.0,0
86,-13.664921465968591,-71.25,3.112,0.0,,0,1,0.0,1
87,-12.72251308900524,-71.25,3.112,168.63344375780815,,2,3,0.0,3
88,-11.780104712041888,-71.25,3.112,153.8408557932939,,1,0,0.0,0
89,-10.837696335078537,-71.25,3.112,143.08316161610816,,0,0,0.0,0
90,-9.895287958115185,-71.25,3.112,158.9008943884117,,1,1,0.0,1
91,-8.952879581151834,-71.25,3.112,144.23895159387513,,0,0,0.0,0
92,-8.010471204188482,-71.25,3.112,131.22129934487472,,0,0,0.0,0
93,-7.0680628272251305,-71.25,3.112,174.3637280280741,,1,1,0.0,1
94,-6.12565445026178,-71.25,3.112,194.7442499294531,,1,1,0.0,1
95,-5.183246073298429,-71.25,3.112,192.1002251208433,,1,1,0.0,1
96,-4.2408376963350785,-71.25,3.112,265.120085164608,,2,2,0.0,3
97,-3.298429319371728,-71.25,3.112,231.45800729720384,,2,2,0.0,3
98,-2.356020942408377,-71.25,3.112,236.42622982662272,,2,2,0.0,3
99,-1.4136125654450262,-71.25,3.112,236.63206845920465,,2,2,0.0,3
100,-0.4712041884816754,-71.25,3.112,254.8249945739155,,2,2,0.0,3
101,0.4712041884816754,-71.25,3.112,246.00291636489828,,1,2,0.0,3
102,1.4136125654450262,-71.25,3.112,189.01409263336654,,1,1,0.0,1
103,-13.664921465968591,-70.0,3.112,58.985435652509196,,0,1,0.0,0
104,-12.72251308900524,-70.0,3.112,168.50567353559114,,2,0,0.0,0
105,-11.780104712041888,-70.0,3.112,129.30596985797033,,0,0,0.0,0
106,-10.837696335078537,-70.0,3.112,144.55512495601684,,0,0,0.0,0
107,-9.895287958115185,-70.0,3.112,143.17922638456812,,0,0,0.0,0
108,-8.952879581151834,-70.0,3.112,150.6598469040267,,0,0,0.0,0
109,-8.010471204188482,-70.0,3.112,127.22945425765369,,0,0,0.0,0
110,-7.0680628272251305,-70.0,3.112,149.01394337843197,,0,0,0.0,0
111,-6.12565445026178,-70.0,3.112,178.24334957554942,,1,1,0.0,1
112,-5.183246073298429,-70.0,3.112,215.9016962147432,,1,2,0.0,3
113,-4.2408376963350785,-70.0,3.112,219.1642218846684,,2,2,0.0,3
114,-3.298429319371728,-70.0,3.112,234.34818837263444,,2,2,0.0,3
115,-2.356020942408377,-70.0,3.112,238.12606795739646,,2,2,0.0,3
116,-1.4136125654450262,-70.0,3.112,259.7959708882166,,2,2,0.0,3
117,-0.4712041884816754,-70.0,3.112,336.6488711345814,,2,2,0.0,3
118,0.4712041884816754,-70.0,3.112,315.8250227376008,,2,2,0.0,3
119,1.4136125654450262,-70.0,3.112,285.0131238482873,,1,2,0.0,3
120,-15.549738219895294,-68.75,3.112,0.0,,0,1,0.0,0
121,-14.607329842931941,-68.75,3.112,26.830606123394517,,0,0,0.0,0
122,-13.664921465968591,-68.75,3.112,174.75357240248056,,1,0,0.0,0
123,-12.72251308900524,-68.75,3.112,109.00892945450282,,0,0,0.0,0
124,-11.780104712041888,-68.75,3.112,120.74089473017416,,0,0,0.0,0
125,-10.837696335078537,-68.75,3.112,128.4528712381574,,0,0,0.0,0
126,-9.895287958115185,-68.75,3.112,116.82096666727597,,0,0,0.0,0
127,-8.952879581151834,-68.75,3.112,140.2258604005378,,0,0,0.0,0
128,-8.010471204188482,-68.75,3.112,172.97262980448798,,1,1,0.0,1
129,-7.0680628272251305,-68.75,3.112,165.58331372646052,,1,1,0.0,1
130,-6.12565445026178,-68.75,3.112,185.75472201892435,,1,1,0.0,1
131,-5.183246073298429,-68.75,3.112,215.6172676339764,,2,1,0.0,1
132,-4.2408376963350785,-68.75,3.112,261.5550635395392,,2,1,0.0,1
133,-3.298429319371728,-68.75,3.112,244.1767839158574,,2,2,0.0,3
134,-2.356020942408377,-68.75,3.112,265.7381773776666,,2,2,0.0,3
135,-1.4136125654450262,-68.75,3.112,291.0574361403603,,2,2,0.0,3
136,-0.4712041884816754,-68.75,3.112,341.7090051434164,,2,2,0.0,3
137,0.4712041884816754,-68.75,3.112,413.70031075173864,,2,2,0.0,3
138,1.4136125654450262,-68.75,3.112,373.50369299485243,,2,2,0.0,3
139,2.356020942408377,-68.75,3.112,380.8231261857651,,1,2,0.0,3
140,-16.492146596858646,-67.5,3.112,0.0,,0,0,0.0,0
141,-15.549738219895294,-67.5,3.112,99.49198819138633,,0,0,0.0,0
142,-14.607329842931941,-67.5,3.112,88.65286517655346,,0,0,0.0,0
143,-13.664921465968591,-67.5,3.112,62.014730649081976,,0,0,0.0,0
144,-12.72251308900524,-67.5,3.112,35.64670192822603,,0,0,0.0,0
145,-11.780104712041888,-67.5,3.112,114.6160537732594,,0,0,0.0,0
146,-10.837696335078537,-67.5,3.112,158.98695149648748,,0,0,0.0,0
147,-9.895287958115185,-67.5,3.112,97.85049787801097,,0,0,0.0,0
148,-8.952879581151834,-67.5,3.112,176.5966142368994,,0,0,0.0,0
149,-8.010471204188482,-67.5,3.112,187.43762853377476,,1,1,0.0,1
150,-7.0680628272251305,-67.5,3.112,191.91453352002762,,1,1,0.0,1
151,-6.12565445026178,-67.5,3.112,174.49216064240602,,0,0,0.0,0
152,-5.183246073298429,-67.5,3.112,178.83990525917,,0,0,0.0,0
153,-4.2408376963350785,-67.5,3.112,214.8413704349547,,1,1,0.0,1
154,-3.298429319371728,-67.5,3.112,240.1856218000308,,2,2,0.0,3
155,-2.356020942408377,-67.5,3.112,263.1783278183449,,2,2,0.0,3
156,-1.4136125654450262,-67.5,3.112,275.21491869796523,,2,2,0.0,3
157,-0.4712041884816754,-67.5,3.112,314.88051934724155,,2,2,0.0,3
158,0.4712041884816754,-67.5,3.112,390.35979907968107,,2,2,0.0,3
159,1.4136125654450262,-67.5,3.112,397.63117614989494,,2,3,0.16666666666666666,6
160,2.356020942408377,-67.5,3.112,505.91319660681904,,2,2,0.0,3
161,-18.376963350785346,-66.25,3.112,0.0,,0,0,0.0,0
162,-17.434554973821996,-66.25,3.112,0.0,,0,0,0.0,0
163,-16.492146596858646,-66.25,3.112,36.94313563335797,,0,0,0.0,0
164,-15.549738219895294,-66.25,3.112,105.00680787053535,,0,0,0.0,0
165,-14.607329842931941,-66.25,3.112,82.41994496722845,,0,0,0.0,0
166,-13.664921465968591,-66.25,3.112,10.072657638499543,,0,0,0.0,0
167,-12.72251308900524,-66.25,3.112,0.0,,0,0,0.0,0
168,-11.780104712041888,-66.25,3.112,86.5318455360064,,0,0,0.0,0
169,-10.837696335078537,-66.25,3.112,122.7442504950727,,0,0,0.0,0
170,-9.895287958115185,-66.25,3.112,137.74401817208806,,0,0,0.0,0
171,-8.952879581151834,-66.25,3.112,155.2186450336095,,0,0,0.0,0
172,-8.010471204188482,-66.25,3.112,187.61426451400547,,0,0,0.0,0
173,-7.0680628272251305,-66.25,3.112,195.09940700539966,,1,1,0.0,1
174,-6.12565445026178,-66.25,3.112,187.06051855856364,,1,1,0.0,1
175,-5.183246073298429,-66.25,3.112,191.9804471791112,,1,1,0.0,1
176,-4.2408376963350785,-66.25,3.112,205.13372501473532,,1,2,0.0,3
177,-3.298429319371728,-66.25,3.112,237.3886972951867,,2,2,0.0,3
178,-2.356020942408377,-66.25,3.112,250.10481660328034,,2,2,0.0,3
179,-1.4136125654450262,-66.25,3.112,255.53899515370162,,2,2,0.0,3
180,-0.4712041884816754,-66.25,3.112,272.2561276630942,,2,2,0.0,3
181,0.4712041884816754,-66.25,3.112,284.56712096060045,,2,2,0.0,3
182,1.4136125654450262,-66.25,3.112,255.15760491741335,,2,2,0.5,3
183,2.356020942408377,-66.25,3.112,398.34929118454653,,2,2,0.0,2
184,-18.376963350785346,-65.0,3.112,0.0,,0,0,0.0,0
185,-17.434554973821996,-65.0,3.112,21.144386021355235,,0,0,0.0,0
186,-16.492146596858646,-65.0,3.112,79.78967633989006,,0,0,0.0,0
187,-15.549738219895294,-65.0,3.112,87.38817138158271,,0,0,0.0,0
188,-14.607329842931941,-65.0,3.112,47.206230612034794,,0,0,0.0,0
189,-13.664921465968591,-65.0,3.112,12.588973104950023,,0,0,0.0,0
190,-12.72251308900524,-65.0,3.112,0.0,,0,0,0.0,0
191,-11.780104712041888,-65.0,3.112,98.97092553865879,,0,0,0.0,0
192,-10.837696335078537,-65.0,3.112,144.70089896781002,,0,0,0.0,0
193,-9.895287958115185,-65.0,3.112,135.30244940291058,,0,0,0.0,0
194,-8.952879581151834,-65.0,3.112,178.73774950238297,,1,1,0.0,1
195,-8.010471204188482,-65.0,3.112,199.46026924941143,,1,1,0.0,1
196,-7.0680628272251305,-65.0,3.112,195.98046569897267,,1,1,0.0,1
197,-6.12565445026178,-65.0,3.112,190.74252328260937,,1,1,0.0,1
198,-5.183246073298429,-65.0,3.112,235.73219339070957,,1,2,0.0,3
199,-4.2408376963350785,-65.0,3.112,240.1583695848405,,2,2,0.0,3
200,-3.298429319371728,-65.0,3.112,238.53808335819696,,2,2,0.0,3
201,-2.356020942408377,-65.0,3.112,258.66196069040325,,2,2,0.0,3
202,-1.4136125654450262,-65.0,3.112,253.37583381714148,,2,2,0.0,3
203,-0.4712041884816754,-65.0,3.112,264.0890285431207,,2,2,0.0,2
204,0.4712041884816754,-65.0,3.112,310.4402495341532,,2,2,0.0,2
205,1.4136125654450262,-65.0,3.112,310.72893057878986,,3,2,0.16666666666666666,2
206,-20.261780104712045,-63.75,3.112,107.98098059199688,,0,0,0.0,0
207,-19.319371727748695,-63.75,3.112,29.162573329289582,,0,0,0.0,0
208,-18.376963350785346,-63.75,3.112,57.01237001362227,,0,0,0.0,0
209,-17.434554973821996,-63.75,3.112,29.53685328882575,,0,0,0.0,0
210,-16.492146596858646,-63.75,3.112,60.60053530796603,,0,0,0.0,0
211,-15.549738219895294,-63.75,3.112,49.811562365756096,,0,0,0.0,0
212,-14.607329842931941,-63.75,3.112,100.18233778913886,,0,0,0.0,0
213,-13.664921465968591,-63.75,3.112,62.562277494191974,,0,0,0.0,0
214,-12.72251308900524,-63.75,3.112,67.13273767143349,,0,0,0.0,0
215,-11.780104712041888,-63.75,3.112,116.80274966392923,,0,0,0.0,0
216,-10.837696335078537,-63.75,3.112,143.18129841666843,,0,0,0.0,0
217,-9.895287958115185,-63.75,3.112,110.977816501279,,0,0,0.0,0
218,-8.952879581151834,-63.75,3.112,122.9366527466457,,0,0,0.0,0
219,-8.010471204188482,-63.75,3.112,185.21732967223025,,1,1,0.0,1
220,-7.0680628272251305,-63.75,3.112,192.25419476638518,,1,2,0.0,3
221,-6.12565445026178,-63.75,3.112,207.40472672428268,,1,2,0.0,3
222,-5.183246073298429,-63.75,3.112,233.57454569370393,,2,2,0.0,3
223,-4.2408376963350785,-63.75,3.112,237.26679093411943,,2,2,0.0,3
224,-3.298429319371728,-63.75,3.112,251.87033928199588,,2,2,0.0,3
225,-2.356020942408377,-63.75,3.112,318.85058865278273,,2,2,0.0,3
226,-1.4136125654450262,-63.75,3.112,317.2084560147631,,2,2,0.0,3
227,-0.4712041884816754,-63.75,3.112,230.64563574287297,,1,1,0.0,0
228,0.4712041884816754,-63.75,3.112,194.30198357119386,,1,0,0.0,0
229,1.4136125654450262,-63.75,3.112,204.08003611666973,,1,1,0.0,0
230,3.298429319371728,-63.75,3.112,162.8107325551001,,1,0,0.0,0
231,-19.319371727748695,-62.5,3.112,0.0,,0,0,0.0,0
232,-18.376963350785346,-62.5,3.112,0.0,,0,0,0.0,0
233,-17.434554973821996,-62.5,3.112,0.0,,0,0,0.0,0
234,-16.492146596858646,-62.5,3.112,39.5898517403422,,0,0,0.0,0
235,-15.549738219895294,-62.5,3.112,59.622542830036764,,0,0,0.0,0
236,-14.607329842931941,-62.5,3.112,94.8997035895072,,0,0,0.0,0
237,-13.664921465968591,-62.5,3.112,97.60776120534845,,0,0,0.0,0
238,-12.72251308900524,-62.5,3.112,75.1427105876048,,0,0,0.0,0
239,-11.780104712041888,-62.5,3.112,52.263262737136394,,0,0,0.0,0
240,-10.837696335078537,-62.5,3.112,38.90802332591036,,0,0,0.0,0
241,-9.895287958115185,-62.5,3.112,111.57402880361407,,0,0,0.0,0
242,-8.952879581151834,-62.5,3.112,154.62610539294687,,0,0,0.0,0
243,-8.010471204188482,-62.5,3.112,160.77495943890221,,0,0,0.0,0
244,-7.0680628272251305,-62.5,3.112,224.49579277910522,,2,2,0.0,3
245,-6.12565445026178,-62.5,3.112,244.87732248628132,,2,2,0.0,3
246,-5.183246073298429,-62.5,3.112,274.9385972438462,,2,2,0.0,3
247,-4.2408376963350785,-62.5,3.112,255.9572641145018,,2,2,0.0,3
248,-3.298429319371728,-62.5,3.112,304.3905369614824,,2,2,0.0,3
249,-2.356020942408377,-62.5,3.112,374.80450440057325,,2,2,0.0,3
250,-1.4136125654450262,-62.5,3.112,328.49880201440345,,2,3,0.0,5
251,-0.4712041884816754,-62.5,3.112,276.98259590895134,,1,2,0.0,1
252,0.4712041884816754,-62.5,3.112,168.83713581584098,,0,1,0.0,0
253,1.4136125654450262,-62.5,3.112,214.71121155959946,,1,0,0.0,0
254,2.356020942408377,-62.5,3.112,172.65438582914757,,0,0,0.0,0
255,3.298429319371728,-62.5,3.112,104.93477180202771,,0,0,0.0,0
256,-18.376963350785346,-61.25,3.112,0.0,,0,0,0.0,0
257,-17.434554973821996,-61.25,3.112,0.0,,0,0,0.0,0
258,-16.492146596858646,-61.25,3.112,21.467744551015674,,0,0,0.0,0
259,-15.549738219895294,-61.25,3.112,14.962375602743792,,0,0,0.0,0
260,-14.607329842931941,-61.25,3.112,33.82851680118755,,0,0,0.0,0
261,-13.664921465968591,-61.25,3.112,74.49930776354505,,0,0,0.0,0
262,-12.72251308900524,-61.25,3.112,30.271112152954267,,0,0,0.0,0
263,-11.780104712041888,-61.25,3.112,65.33979985635129,,0,0,0.0,0
264,-10.837696335078537,-61.25,3.112,92.17073421248388,,0,0,0.0,0
265,-9.895287958115185,-61.25,3.112,157.30503088946125,,0,0,0.0,0
266,-8.952879581151834,-61.25,3.112,172.28469679470743,,1,1,0.0,1
267,-8.010471204188482,-61.25,3.112,194.93093504328442,,1,1,0.0,1
268,-7.0680628272251305,-61.25,3.112,229.23265569275355,,2,2,0.0,3
269,-6.12565445026178,-61.25,3.112,275.723708659854,,2,2,0.0,3
270,-5.183246073298429,-61.25,3.112,269.1053201960867,,2,2,0.0,3
271,-4.2408376963350785,-61.25,3.112,255.99742877729844,,2,2,0.0,3
272,-3.298429319371728,-61.25,3.112,274.5134997690334,,2,2,0.0,3
273,-2.356020942408377,-61.25,3.112,290.6980026749623,,2,2,0.0,3
274,-1.4136125654450262,-61.25,3.112,331.41025661104425,,2,3,0.0,5
275,-0.4712041884816754,-61.25,3.112,390.8011544314273,,3,3,0.0,4
276,0.4712041884816754,-61.25,3.112,283.43957520478614,,1,1,0.0,0
277,1.4136125654450262,-61.25,3.112,204.8417230053249,,1,0,0.0,0
278,2.356020942408377,-61.25,3.112,134.4229852101138,,0,0,0.0,0
279,3.298429319371728,-61.25,3.112,11.364355599743034,,0,0,0.0,0
280,4.2408376963350785,-61.25,3.112,3.1532940576753834,,0,0,0.0,0
281,-15.549738219895294,-60.0,3.112,0.0,,0,0,0.0,0
282,-14.607329842931941,-60.0,3.112,4.4319376329603495,,0,0,0.0,0
283,-13.664921465968591,-60.0,3.112,33.000719511840245,,0,0,0.0,0
284,-12.72251308900524,-60.0,3.112,78.4845105445671,,0,0,0.0,0
285,-11.780104712041888,-60.0,3.112,128.40766840746656,,0,0,0.0,0
286,-10.837696335078537,-60.0,3.112,151.9724089370155,,1,1,0.0,1
287,-9.895287958115185,-60.0,3.112,169.61635346049835,,1,1,0.0,1
288,-8.952879581151834,-60.0,3.112,210.9345243808076,,1,2,0.0,3
289,-8.010471204188482,-60.0,3.112,,,0,1,0.0,1
290,-7.0680628272251305,-60.0,3.112,260.89308743569535,,2,2,0.0,3
291,-6.12565445026178,-60.0,3.112,278.526626178629,,2,2,0.0,3
292,-5.183246073298429,-60.0,3.112,310.6350320008091,,2,2,0.0,3
293,-4.2408376963350785,-60.0,3.112,313.731312322927,,2,2,0.0,3
294,-3.298429319371728,-60.0,3.112,328.1919950506372,,2,2,0.0,3
295,-2.356020942408377,-60.0,3.112,385.1746642966719,,2,2,0.0,3
296,-1.4136125654450262,-60.0,3.112,302.6960266579849,,2,3,0.0,5
297,-0.4712041884816754,-60.0,3.112,428.2741792381899,,3,3,0.0,5
298,0.4712041884816754,-60.0,3.112,327.4051695441861,,1,0,0.0,0
299,1.4136125654450262,-60.0,3.112,229.1868625867378,,1,0,0.0,0
300,2.356020942408377,-60.0,3.112,124.89383861916313,,0,0,0.0,0
301,3.298429319371728,-60.0,3.112,24.093853583783915,,0,0,0.0,0
302,4.2408376963350785,-60.0,3.112,16.063839510722875,,0,0,0.0,0
303,5.183246073298429,-60.0,3.112,39.25129123801259,,0,0,0.0,0
304,-13.664921465968591,-58.75,3.112,0.0,,0,0,0.0,0
305,-12.72251308900524,-58.75,3.112,0.0,,0,0,0.0,0
306,-11.780104712041888,-58.75,3.112,107.35679782052244,,0,0,0.0,0
307,-10.837696335078537,-58.75,3.112,108.71405939466543,,0,0,0.0,0
308,-9.895287958115185,-58.75,3.112,183.00337917469088,,1,1,0.0,1
309,-8.952879581151834,-58.75,3.112,229.71969064872843,,2,2,0.0,3
310,-8.010471204188482,-58.75,3.112,259.36917344282034,,2,2,0.0,3
311,-7.0680628272251305,-58.75,3.112,290.6692857027091,,2,2,0.0,3
312,-6.12565445026178,-58.75,3.112,326.4990919578081,,2,2,0.0,3
313,-5.183246073298429,-58.75,3.112,330.42287964035944,,2,2,0.0,3
314,-4.2408376963350785,-58.75,3.112,270.35197878072614,,2,2,0.0,3
315,-3.298429319371728,-58.75,3.112,325.24190898766693,,2,2,0.0,3
316,-2.356020942408377,-58.75,3.112,337.81511394632093,,2,1,0.0,1
317,-1.4136125654450262,-58.75,3.112,434.7976159359758,,2,4,0.16666666666666666,8
318,-0.4712041884816754,-58.75,3.112,385.2552743787687,,3,4,0.1,7
319,0.4712041884816754,-58.75,3.112,345.52489489920544,,2,3,0.0,3
320,-13.664921465968591,-57.5,3.112,10.606875850335294,,0,0,0.0,0
321,-12.72251308900524,-57.5,3.112,79.71305868146963,,0,0,0.0,0
322,-11.780104712041888,-57.5,3.112,131.0267677180654,,0,0,0.0,0
323,-10.837696335078537,-57.5,3.112,135.4368917084669,,0,0,0.0,0
324,-9.895287958115185,-57.5,3.112,175.99824275890234,,1,1,0.0,1
325,-8.952879581151834,-57.5,3.112,222.85810154214218,,2,2,0.0,3
326,-8.010471204188482,-57.5,3.112,254.4777552893185,,2,2,0.0,3
327,-7.0680628272251305,-57.5,3.112,278.14368881750977,,2,2,0.0,3
328,-6.12565445026178,-57.5,3.112,297.1346409980353,,2,2,0.0,3
329,-5.183246073298429,-57.5,3.112,297.16720229725803,,2,2,0.0,3
330,-4.2408376963350785,-57.5,3.112,264.2195428186097,,2,2,0.0,2
331,-3.298429319371728,-57.5,3.112,281.0259359050511,,2,2,0.0,3
332,-2.356020942408377,-57.5,3.112,179.3894364535772,,0,1,0.0,0
333,-1.4136125654450262,-57.5,3.112,342.80381256052556,,2,4,0.25,6
334,-0.4712041884816754,-57.5,3.112,303.53263647594355,,3,4,0.1,4
335,0.4712041884816754,-57.5,3.112,287.57859026577484,,2,2,0.08333333333333333,0
336,1.4136125654450262,-57.5,3.112,228.39878441615764,,1,0,0.0,0
337,-13.664921465968591,-56.25,3.112,21.177872970755285,,0,0,0.0,0
338,-12.72251308900524,-56.25,3.112,0.0,,0,0,0.0,0
339,-11.780104712041888,-56.25,3.112,78.57222089274761,,0,0,0.0,0
340,-10.837696335078537,-56.25,3.112,115.40342509435942,,0,0,0.0,0
341,-9.895287958115185,-56.25,3.112,92.51551472072678,,0,0,0.0,0
342,-8.952879581151834,-56.25,3.112,227.35049412684714,,2,2,0.0,3
343,-8.010471204188482,-56.25,3.112,246.8931859489789,,2,2,0.0,3
344,-7.0680628272251305,-56.25,3.112,284.5478010343415,,2,2,0.0,3
345,-6.12565445026178,-56.25,3.112,254.72995708895442,,2,2,0.0,3
346,-5.183246073298429,-56.25,3.112,273.058411533298,,2,2,0.0,3
347,-4.2408376963350785,-56.25,3.112,203.45706876858063,,1,1,0.0,0
348,-3.298429319371728,-56.25,3.112,237.31530579935657,,2,2,0.0,2
349,-2.356020942408377,-56.25,3.112,182.5519655972831,,1,0,0.0,0
350,-1.4136125654450262,-56.25,3.112,216.1887059005051,,1,1,0.5,0
351,-0.4712041884816754,-56.25,3.112,220.16331312275432,,3,1,0.25,0
352,0.4712041884816754,-56.25,3.112,206.62435771765263,,3,0,0.3333333333333333,0
353,1.4136125654450262,-56.25,3.112,143.61042194617426,,1,0,0.0,0
354,-14.607329842931941,-55.0,3.112,0.0,,0,0,0.0,0
355,-13.664921465968591,-55.0,3.112,0.0,,0,0,0.0,0
356,-12.72251308900524,-55.0,3.112,81.15520537022269,,0,0,0.0,0
357,-11.780104712041888,-55.0,3.112,99.6657369010444,,0,0,0.0,0
358,-10.837696335078537,-55.0,3.112,79.36219699516644,,0,0,0.0,0
359,-9.895287958115185,-55.0,3.112,83.30440824175047,,0,0,0.0,0
360,-8.952879581151834,-55.0,3.112,178.53892257178586,,2,2,0.0,3
361,-8.010471204188482,-55.0,3.112,235.33766541230835,,2,2,0.0,3
362,-7.0680628272251305,-55.0,3.112,254.23647710216696,,2,2,0.0,3
363,-6.12565445026178,-55.0,3.112,279.7838865967479,,2,2,0.0,3
364,-5.183246073298429,-55.0,3.112,259.58764243108726,,2,1,0.0,1
365,-4.2408376963350785,-55.0,3.112,212.5627833147731,,1,0,0.0,0
366,-3.298429319371728,-55.0,3.112,165.90010960171395,,1,0,0.0,0
367,-2.356020942408377,-55.0,3.112,124.69654720142225,,0,0,0.0,0
368,-1.4136125654450262,-55.0,3.112,103.04396248805686,,0,0,0.0,0
369,-0.4712041884816754,-55.0,3.112,187.47664582849626,,3,0,0.3333333333333333,0
370,0.4712041884816754,-55.0,3.112,175.55948853276163,,1,0,0.0,0
371,1.4136125654450262,-55.0,3.112,165.87659371914373,,0,0,0.0,0
372,2.356020942408377,-55.0,3.112,162.2836225920209,,0,0,0.0,0
373,-14.607329842931941,-53.75,3.112,0.0,,0,0,0.0,0
374,-13.664921465968591,-53.75,3.112,0.0,,0,0,0.0,0
375,-12.72251308900524,-53.75,3.112,89.63078261596806,,0,0,0.0,0
376,-11.780104712041888,-53.75,3.112,103.96189559619533,,0,0,0.0,0
377,-10.837696335078537,-53.75,3.112,132.43685287360864,,0,0,0.0,0
378,-9.895287958115185,-53.75,3.112,133.8218466954305,,0,0,0.0,0
379,-8.952879581151834,-53.75,3.112,168.16911555819013,,2,1,0.0,1
380,-8.010471204188482,-53.75,3.112,214.75436035809983,,2,1,0.0,1
381,-7.0680628272251305,-53.75,3.112,253.78742866778904,,2,2,0.0,2
382,-6.12565445026178,-53.75,3.112,281.6747137332025,,2,1,0.0,1
383,-5.183246073298429,-53.75,3.112,226.84477465145875,,0,0,0.0,0
384,-4.2408376963350785,-53.75,3.112,232.73466339593065,,0,0,0.0,0
385,-3.298429319371728,-53.75,3.112,165.5079089703247,,0,0,0.0,0
386,-2.356020942408377,-53.75,3.112,169.89882754962986,,0,0,0.0,0
387,-1.4136125654450262,-53.75,3.112,125.95398519143158,,0,0,0.0,0
388,-0.4712041884816754,-53.75,3.112,171.3631628929658,,0,0,0.0,0
389,0.4712041884816754,-53.75,3.112,165.5465025788339,,0,0,0.0,0
390,1.4136125654450262,-53.75,3.112,161.4267913188,,0,0,0.0,0
391,2.356020942408377,-53.75,3.112,164.41575489594604,,0,0,0.0,0
392,-13.664921465968591,-52.5,3.112,0.0,,0,0,0.0,0
393,-12.72251308900524,-52.5,3.112,26.569288159968828,,0,0,0.0,0
394,-11.780104712041888,-52.5,3.112,79.3894062290919,,0,0,0.0,0
395,-10.837696335078537,-52.5,3.112,58.17024450523426,,0,0,0.0,0
396,-9.895287958115185,-52.5,3.112,99.55508636763442,,0,0,0.0,0
397,-8.952879581151834,-52.5,3.112,143.57849382771948,,0,0,0.0,0
398,-8.010471204188482,-52.5,3.112,162.33826045850765,,0,0,0.0,0
399,-7.0680628272251305,-52.5,3.112,210.4741924649394,,1,0,0.0,0
400,-6.12565445026178,-52.5,3.112,199.88817348693382,,0,0,0.0,0
401,-5.183246073298429,-52.5,3.112,229.64859065514344,,0,0,0.0,0
402,-4.2408376963350785,-52.5,3.112,216.1974407610412,,0,0,0.0,0
403,-3.298429319371728,-52.5,3.112,146.723930304011,,0,0,0.0,0
404,-2.356020942408377,-52.5,3.112,164.36783071243642,,0,0,0.0,0
405,-1.4136125654450262,-52.5,3.112,123.68693716274834,,0,0,0.0,0
406,-0.4712041884816754,-52.5,3.112,156.26940991605582,,0,0,0.0,0
407,0.4712041884816754,-52.5,3.112,158.7268779481215,,0,0,0.0,0
408,-8.952879581151834,-51.25,3.112,107.52838364968481,,0,0,0.0,0
409,-8.010471204188482,-51.25,3.112,121.26215965761688,,0,0,0.0,0
410,-7.0680628272251305,-51.25,3.112,154.655877703398,,0,0,0.0,0
411,-5.183246073298429,-51.25,3.112,214.8886655688897,,0,0,0.0,0
412,-4.2408376963350785,-51.25,3.112,177.35183509838757,,0,0,0.0,0
413,-3.298429319371728,-51.25,3.112,194.24869635197294,,0,0,0.0,0
414,-2.356020942408377,-51.25,3.112,172.004250354729,,0,0,0.0,0
415,-3.298429319371728,-50.0,3.112,154.94991439749825,,0,0,0.0,0
