year,threshold,lat,lon,prec,evap,in_degree,out_degree,clustering,ffl
2030,1.0,-6.639901329037456,-64.54326923076923,114.95391707624822,,4.6306089743589745,4.6306089743589745,0.17329916548665794,20.31590544871795
2030,1.14,-6.639901329037456,-64.54326923076923,114.95391707624822,,3.7421875,3.7421875,0.1561858271566633,13.939903846153847
2030,1.5,-6.639901329037456,-64.54326923076923,114.95391707624822,,2.3878205128205128,2.3878205128205128,0.10846964781691307,6.530048076923077
2031,1.0,-6.639901329037456,-64.54326923076923,114.5333286942948,,4.615985576923077,4.615985576923077,0.17254385894415591,20.13321314102564
2031,1.14,-6.639901329037456,-64.54326923076923,114.5333286942948,,3.727363782051282,3.727363782051282,0.15480400318405113,13.795873397435896
2031,1.5,-6.639901329037456,-64.54326923076923,114.5333286942948,,2.3896233974358974,2.3896233974358974,0.10837788024964157,6.504206730769231
2032,1.0,-6.639901329037456,-64.54326923076923,115.06698177791016,,4.673878205128205,4.673878205128205,0.1753582958640833,20.53525641025641
2032,1.14,-6.639901329037456,-64.54326923076923,115.06698177791016,,3.7808493589743586,3.7808493589743586,0.1560328405325834,14.075120192307692
2032,1.5,-6.639901329037456,-64.54326923076923,115.06698177791016,,2.4224759615384617,2.4224759615384617,0.11093900255331635,6.6454326923076925
2033,1.0,-6.639901329037456,-64.54326923076923,113.72824871418399,,4.61698717948718,4.61698717948718,0.17351780785882528,20.20733173076923
2033,1.14,-6.639901329037456,-64.54326923076923,113.72824871418399,,3.745392628205128,3.745392628205128,0.15593798272572326,13.92548076923077
2033,1.5,-6.639901329037456,-64.54326923076923,113.72824871418399,,2.387219551282051,2.387219551282051,0.10853973463859906,6.5048076923076925
2034,1.0,-6.639901329037456,-64.54326923076923,111.6680930932349,,4.4344951923076925,4.4344951923076925,0.16905456064242008,18.822516025641026
2034,1.14,-6.639901329037456,-64.54326923076923,111.6680930932349,,3.5849358974358974,3.5849358974358974,0.1500687067701522,12.94511217948718
2034,1.5,-6.639901329037456,-64.54326923076923,111.6680930932349,,2.29306891025641,2.29306891025641,0.10579368305204834,6.123397435897436
2035,1.0,-6.639901329037456,-64.54326923076923,109.94968309125096,,4.348357371794872,4.348357371794872,0.16470355900462844,18.389623397435898
2035,1.14,-6.639901329037456,-64.54326923076923,109.94968309125096,,3.5272435897435894,3.5272435897435894,0.14818678206540248,12.698317307692308
2035,1.5,-6.639901329037456,-64.54326923076923,109.94968309125096,,2.2405849358974357,2.2405849358974357,0.10391988072904468,5.9579326923076925
2036,1.0,-6.639901329037456,-64.54326923076923,110.05563074009221,,4.373597756410256,4.373597756410256,0.1631621685030347,18.383814102564102
2036,1.14,-6.639901329037456,-64.54326923076923,110.05563074009221,,3.540264423076923,3.540264423076923,0.14758742438358555,12.680889423076923
2036,1.5,-6.639901329037456,-64.54326923076923,110.05563074009221,,2.245793269230769,2.245793269230769,0.10616057643308151,5.9136618589743595
2037,1.0,-6.639901329037456,-64.54326923076923,107.10342796154325,,4.136818910256411,4.136818910256411,0.15963988200103907,16.62940705128205
2037,1.14,-6.639901329037456,-64.54326923076923,107.10342796154325,,3.3387419871794872,3.3387419871794872,0.141733128761107,11.41025641025641
2037,1.5,-6.639901329037456,-64.54326923076923,107.10342796154325,,2.1288060897435894,2.1288060897435894,0.09960490695374963,5.373197115384615
2038,1.0,-6.639901329037456,-64.54326923076923,106.49112698232133,,4.019831730769231,4.019831730769231,0.1570697482288253,15.904246794871794
2038,1.14,-6.639901329037456,-64.54326923076923,106.49112698232133,,3.240985576923077,3.240985576923077,0.1389696578200218,10.904447115384615
2038,1.5,-6.639901329037456,-64.54326923076923,106.49112698232133,,2.0540865384615383,2.0540865384615383,0.09482758178478687,5.084735576923077
2039,1.0,-6.639901329037456,-64.54326923076923,108.2471666024293,,4.109775641025641,4.109775641025641,0.159021452120114,16.370192307692307
2039,1.14,-6.639901329037456,-64.54326923076923,108.2471666024293,,3.3295272435897436,3.3295272435897436,0.1419561331209852,11.388822115384615
2039,1.5,-6.639901329037456,-64.54326923076923,108.2471666024293,,2.10556891025641,2.10556891025641,0.09841800358863348,5.250600961538462
2040,1.0,-6.639901329037456,-64.54326923076923,109.61072162467434,,4.175480769230769,4.175480769230769,0.16087579912915478,16.872796474358974
2040,1.14,-6.639901329037456,-64.54326923076923,109.61072162467434,,3.4008413461538463,3.4008413461538463,0.14157876084919951,11.743790064102566
2040,1.5,-6.639901329037456,-64.54326923076923,109.61072162467434,,2.1690705128205128,2.1690705128205128,0.103369558446613,5.491386217948717
2041,1.0,-6.639901329037456,-64.54326923076923,110.3064993375329,,4.238581730769231,4.238581730769231,0.16095296231707049,17.40544871794872
2041,1.14,-6.639901329037456,-64.54326923076923,110.3064993375329,,3.4346955128205128,3.4346955128205128,0.14288524373819722,12.02323717948718
2041,1.5,-6.639901329037456,-64.54326923076923,110.3064993375329,,2.1953125,2.1953125,0.10405045898919894,5.631009615384615
2042,1.0,-6.639901329037456,-64.54326923076923,109.6997599497114,,4.163661858974359,4.163661858974359,0.15869258197292477,16.806490384615383
2042,1.14,-6.639901329037456,-64.54326923076923,109.6997599497114,,3.3653846153846154,3.3653846153846154,0.14131928346314698,11.560897435897434
2042,1.5,-6.639901329037456,-64.54326923076923,109.6997599497114,,2.1534455128205128,2.1534455128205128,0.10181704275744062,5.436899038461538
2043,1.0,-6.639901329037456,-64.54326923076923,111.54981636472161,,4.243189102564103,4.243189102564103,0.16189069661439662,17.271834935897434
2043,1.14,-6.639901329037456,-64.54326923076923,111.54981636472161,,3.4322916666666665,3.4322916666666665,0.14273135282309568,11.880408653846153
2043,1.5,-6.639901329037456,-64.54326923076923,111.54981636472161,,2.1963141025641026,2.1963141025641026,0.10340694451743872,5.606570512820513
2044,1.0,-6.639901329037456,-64.54326923076923,114.36122598166202,,4.406650641025641,4.406650641025641,0.16709654022643233,18.279447115384617
2044,1.14,-6.639901329037456,-64.54326923076923,114.36122598166202,,3.5833333333333335,3.5833333333333335,0.14997266798381376,12.60176282051282
2044,1.5,-6.639901329037456,-64.54326923076923,114.36122598166202,,2.296073717948718,2.296073717948718,0.10740965661250697,5.9631410256410255
2045,1.0,-6.639901329037456,-64.54326923076923,113.64676275220585,,4.3251201923076925,4.3251201923076925,0.16610788459968603,17.550681089743588
2045,1.14,-6.639901329037456,-64.54326923076923,113.64676275220585,,3.5170272435897436,3.5170272435897436,0.14725120626204638,12.15625
2045,1.5,-6.639901329037456,-64.54326923076923,113.64676275220585,,2.23838141025641,2.23838141025641,0.10464188958345041,5.694310897435898
2046,1.0,-6.639901329037456,-64.54326923076923,112.36092085976928,,4.2365785256410255,4.2365785256410255,0.1638695482842487,16.991185897435898
2046,1.14,-6.639901329037456,-64.54326923076923,112.36092085976928,,3.4334935897435894,3.4334935897435894,0.14629887603634692,11.74238782051282
2046,1.5,-6.639901329037456,-64.54326923076923,112.36092085976928,,2.1903044871794872,2.1903044871794872,0.10269451855993737,5.5420673076923075
2047,1.0,-6.639901329037456,-64.54326923076923,113.34010742094748,,4.387219551282051,4.387219551282051,0.1674214612275992,18.26282051282051
2047,1.14,-6.639901329037456,-64.54326923076923,113.34010742094748,,3.5685096153846154,3.5685096153846154,0.14780845017780317,12.662860576923077
2047,1.5,-6.639901329037456,-64.54326923076923,113.34010742094748,,2.277043269230769,2.277043269230769,0.1044350070372279,5.938902243589744
2048,1.0,-6.639901329037456,-64.54326923076923,112.46064329182731,,4.400040064102564,4.400040064102564,0.1669177566738758,18.37119391025641
2048,1.14,-6.639901329037456,-64.54326923076923,112.46064329182731,,3.5797275641025643,3.5797275641025643,0.14962634505124936,12.762820512820513
2048,1.5,-6.639901329037456,-64.54326923076923,112.46064329182731,,2.282852564102564,2.282852564102564,0.10604645249597532,6.001802884615385
2049,1.0,-6.639901329037456,-64.54326923076923,110.5461318470842,,4.272836538461538,4.272836538461538,0.1633359749724584,17.651442307692307
2049,1.14,-6.639901329037456,-64.54326923076923,110.5461318470842,,3.4825721153846154,3.4825721153846154,0.1452476253387576,12.341746794871796
2049,1.5,-6.639901329037456,-64.54326923076923,110.5461318470842,,2.214142628205128,2.214142628205128,0.1005687958953605,5.737580128205129
2050,1.0,-6.639901329037456,-64.54326923076923,109.40463664786391,,4.216947115384615,4.216947115384615,0.16190484690558382,17.19951923076923
2050,1.14,-6.639901329037456,-64.54326923076923,109.40463664786391,,3.4208733974358974,3.4208733974358974,0.1428728521211326,11.901842948717949
2050,1.5,-6.639901329037456,-64.54326923076923,109.40463664786391,,2.1630608974358974,2.1630608974358974,0.09754235655095599,5.531850961538462
2051,1.0,-6.639901329037456,-64.54326923076923,108.1682185508818,,4.100360576923077,4.100360576923077,0.1585137650138897,16.314503205128204
2051,1.14,-6.639901329037456,-64.54326923076923,108.1682185508818,,3.3243189102564106,3.3243189102564106,0.14146131642469698,11.310096153846153
2051,1.5,-6.639901329037456,-64.54326923076923,108.1682185508818,,2.094551282051282,2.094551282051282,0.09480715671998746,5.229767628205129
2052,1.0,-6.639901329037456,-64.54326923076923,107.32334148860252,,4.05488782051282,4.05488782051282,0.15816148662121104,16.196314102564102
2052,1.14,-6.639901329037456,-64.54326923076923,107.32334148860252,,3.285456730769231,3.285456730769231,0.14005684600259347,11.200921474358974
2052,1.5,-6.639901329037456,-64.54326923076923,107.32334148860252,,2.065705128205128,2.065705128205128,0.09315740059529828,5.1975160256410255
2053,1.0,-6.639901329037456,-64.54326923076923,106.22878087315034,,4.033253205128205,4.033253205128205,0.15784977829590524,16.14503205128205
2053,1.14,-6.639901329037456,-64.54326923076923,106.22878087315034,,3.2578125,3.2578125,0.1388157697573668,11.108974358974358
2053,1.5,-6.639901329037456,-64.54326923076923,106.22878087315034,,2.0362580128205128,2.0362580128205128,0.09310057525508383,5.0889423076923075
2054,1.0,-6.639901329037456,-64.54326923076923,105.49408795960704,,3.9873798076923075,3.9873798076923075,0.15729637844195782,15.837740384615385
2054,1.14,-6.639901329037456,-64.54326923076923,105.49408795960704,,3.1955128205128203,3.1955128205128203,0.1357609829970105,10.755809294871796
2054,1.5,-6.639901329037456,-64.54326923076923,105.49408795960704,,1.9963942307692308,1.9963942307692308,0.09045379960386418,4.910657051282051
2055,1.0,-6.639901329037456,-64.54326923076923,104.03432425829175,,3.9224759615384617,3.9224759615384617,0.15352688741043524,15.470352564102566
2055,1.14,-6.639901329037456,-64.54326923076923,104.03432425829175,,3.152644230769231,3.152644230769231,0.13298704388402435,10.623998397435896
2055,1.5,-6.639901329037456,-64.54326923076923,104.03432425829175,,1.9619391025641024,1.9619391025641024,0.08983869775974453,4.842548076923077
2056,1.0,-6.639901329037456,-64.54326923076923,104.49395686050998,,3.9925881410256414,3.9925881410256414,0.1556608045736802,16.138221153846153
2056,1.14,-6.639901329037456,-64.54326923076923,104.49395686050998,,3.2125400641025643,3.2125400641025643,0.13549143713298595,11.044471153846153
2056,1.5,-6.639901329037456,-64.54326923076923,104.49395686050998,,2.0072115384615383,2.0072115384615383,0.09173106868278738,5.059094551282052
2057,1.0,-6.639901329037456,-64.54326923076923,106.63318426975965,,4.044871794871795,4.044871794871795,0.1553015664099662,16.58273237179487
2057,1.14,-6.639901329037456,-64.54326923076923,106.63318426975965,,3.269230769230769,3.269230769230769,0.1369189518731519,11.473157051282051
2057,1.5,-6.639901329037456,-64.54326923076923,106.63318426975965,,2.0556891025641026,2.0556891025641026,0.0944170487098104,5.263621794871795
2058,1.0,-6.639901329037456,-64.54326923076923,107.23003560781021,,4.061498397435897,4.061498397435897,0.15449002806273246,16.888020833333332
2058,1.14,-6.639901329037456,-64.54326923076923,107.23003560781021,,3.2830528846153846,3.2830528846153846,0.13567382205149914,11.624198717948719
2058,1.5,-6.639901329037456,-64.54326923076923,107.23003560781021,,2.065705128205128,2.065705128205128,0.09484227928094183,5.3545673076923075
2059,1.0,-6.639901329037456,-64.54326923076923,106.91198507549251,,4.039663461538462,4.039663461538462,0.15463954966793586,16.70372596153846
2059,1.14,-6.639901329037456,-64.54326923076923,106.91198507549251,,3.263421474358974,3.263421474358974,0.13504877688267164,11.55849358974359
2059,1.5,-6.639901329037456,-64.54326923076923,106.91198507549251,,2.0494791666666665,2.0494791666666665,0.0936620396458905,5.313501602564102
2060,1.0,-6.639901329037456,-64.54326923076923,106.39901872993106,,4.030248397435897,4.030248397435897,0.15263447584280634,16.876001602564102
2060,1.14,-6.639901329037456,-64.54326923076923,106.39901872993106,,3.2425881410256414,3.2425881410256414,0.13519867735424818,11.564102564102566
2060,1.5,-6.639901329037456,-64.54326923076923,106.39901872993106,,2.0384615384615383,2.0384615384615383,0.09274255326120498,5.335136217948717
2061,1.0,-6.639901329037456,-64.54326923076923,105.62968400692033,,3.987980769230769,3.987980769230769,0.15228266381684302,16.690104166666664
2061,1.14,-6.639901329037456,-64.54326923076923,105.62968400692033,,3.2275641025641026,3.2275641025641026,0.13414440369113756,11.574919871794872
2061,1.5,-6.639901329037456,-64.54326923076923,105.62968400692033,,2.0170272435897436,2.0170272435897436,0.09267664848104343,5.270032051282052
2062,1.0,-6.639901329037456,-64.54326923076923,105.38341984231681,,3.957331730769231,3.957331730769231,0.15179383219523784,16.423677884615383
2062,1.14,-6.639901329037456,-64.54326923076923,105.38341984231681,,3.201121794871795,3.201121794871795,0.13144434389221393,11.387419871794872
2062,1.5,-6.639901329037456,-64.54326923076923,105.38341984231681,,2.0006009615384617,2.0006009615384617,0.09106194921648182,5.173677884615385
2063,1.0,-6.639901329037456,-64.54326923076923,105.94779831006839,,3.992988782051282,3.992988782051282,0.15111988452119793,16.66866987179487
2063,1.14,-6.639901329037456,-64.54326923076923,105.94779831006839,,3.2289663461538463,3.2289663461538463,0.1326918585167166,11.497796474358974
2063,1.5,-6.639901329037456,-64.54326923076923,105.94779831006839,,2.016426282051282,2.016426282051282,0.0899125734910588,5.234174679487179
2064,1.0,-6.639901329037456,-64.54326923076923,104.6935424087032,,3.9815705128205128,3.9815705128205128,0.15003166022691267,16.90184294871795
2064,1.14,-6.639901329037456,-64.54326923076923,104.6935424087032,,3.1983173076923075,3.1983173076923075,0.13000788410622377,11.56630608974359
2064,1.5,-6.639901329037456,-64.54326923076923,104.6935424087032,,2.009815705128205,2.009815705128205,0.09063738576777844,5.295472756410256
2065,1.0,-6.639901329037456,-64.54326923076923,106.11505510357426,,4.0524839743589745,4.0524839743589745,0.1524578461484943,17.259815705128204
2065,1.14,-6.639901329037456,-64.54326923076923,106.11505510357426,,3.2538060897435894,3.2538060897435894,0.13258326604260487,11.786057692307692
2065,1.5,-6.639901329037456,-64.54326923076923,106.11505510357426,,2.066105769230769,2.066105769230769,0.0921090413202934,5.4787660256410255
2066,1.0,-6.639901329037456,-64.54326923076923,107.16897427146499,,4.068309294871795,4.068309294871795,0.15325855697068452,17.221554487179485
2066,1.14,-6.639901329037456,-64.54326923076923,107.16897427146499,,3.2744391025641026,3.2744391025641026,0.13481027241267377,11.849358974358974
2066,1.5,-6.639901329037456,-64.54326923076923,107.16897427146499,,2.069511217948718,2.069511217948718,0.09210757910484271,5.475560897435898
2067,1.0,-6.639901329037456,-64.54326923076923,107.37459373437181,,4.087139423076923,4.087139423076923,0.1546990078826249,17.207131410256412
2067,1.14,-6.639901329037456,-64.54326923076923,107.37459373437181,,3.3187099358974357,3.3187099358974357,0.13685613012125658,11.967548076923077
2067,1.5,-6.639901329037456,-64.54326923076923,107.37459373437181,,2.0865384615384617,2.0865384615384617,0.0938073855762813,5.498798076923077
2068,1.0,-6.639901329037456,-64.54326923076923,107.79999404033055,,4.07832532051282,4.07832532051282,0.15544589078487056,16.936298076923077
2068,1.14,-6.639901329037456,-64.54326923076923,107.79999404033055,,3.3129006410256414,3.3129006410256414,0.1382807084690709,11.779847756410257
2068,1.5,-6.639901329037456,-64.54326923076923,107.79999404033055,,2.0869391025641026,2.0869391025641026,0.09475770542289504,5.446113782051283
2069,1.0,-6.639901329037456,-64.54326923076923,107.64059417635342,,3.995793269230769,3.995793269230769,0.15536801009089254,16.173878205128204
2069,1.14,-6.639901329037456,-64.54326923076923,107.64059417635342,,3.2319711538461537,3.2319711538461537,0.1365275210829582,11.162459935897434
2069,1.5,-6.639901329037456,-64.54326923076923,107.64059417635342,,2.0412660256410255,2.0412660256410255,0.09318278121077822,5.1905048076923075
2070,1.0,-6.639901329037456,-64.54326923076923,106.34789682045064,,3.899238782051282,3.899238782051282,0.1549698518614879,15.384014423076923
2070,1.14,-6.639901329037456,-64.54326923076923,106.34789682045064,,3.1538461538461537,3.1538461538461537,0.1358520387438901,10.631410256410257
2070,1.5,-6.639901329037456,-64.54326923076923,106.34789682045064,,2.0050080128205128,2.0050080128205128,0.09066671719647014,5.035657051282052
2071,1.0,-6.639901329037456,-64.54326923076923,107.13068574457009,,3.941105769230769,3.941105769230769,0.15592018160225155,15.597155448717949
2071,1.14,-6.639901329037456,-64.54326923076923,107.13068574457009,,3.189703525641026,3.189703525641026,0.13609154986402486,10.74639423076923
2071,1.5,-6.639901329037456,-64.54326923076923,107.13068574457009,,2.025040064102564,2.025040064102564,0.09118886062470245,5.072716346153846
2072,1.0,-6.639901329037456,-64.54326923076923,108.27738833329457,,4.008413461538462,4.008413461538462,0.15679223312885504,16.056891025641026
2072,1.14,-6.639901329037456,-64.54326923076923,108.27738833329457,,3.244190705128205,3.244190705128205,0.13805621317706074,11.073116987179487
2072,1.5,-6.639901329037456,-64.54326923076923,108.27738833329457,,2.0761217948717947,2.0761217948717947,0.09468274325409116,5.266225961538462
2073,1.0,-6.639901329037456,-64.54326923076923,106.40585494312441,,3.839342948717949,3.839342948717949,0.15350762479944582,14.911658653846153
2073,1.14,-6.639901329037456,-64.54326923076923,106.40585494312441,,3.122996794871795,3.122996794871795,0.1347536727103582,10.384014423076923
2073,1.5,-6.639901329037456,-64.54326923076923,106.40585494312441,,1.9889823717948718,1.9889823717948718,0.09187463064796386,4.905048076923077
2074,1.0,-6.639901329037456,-64.54326923076923,106.34811851495421,,3.793269230769231,3.793269230769231,0.15361845358816956,14.502804487179487
2074,1.14,-6.639901329037456,-64.54326923076923,106.34811851495421,,3.081730769230769,3.081730769230769,0.13372536962373496,10.084935897435896
2074,1.5,-6.639901329037456,-64.54326923076923,106.34811851495421,,1.9735576923076923,1.9735576923076923,0.09022134550147731,4.80448717948718
2075,1.0,-6.639901329037456,-64.54326923076923,105.72424071206957,,3.768830128205128,3.768830128205128,0.15136299087672273,14.344951923076923
2075,1.14,-6.639901329037456,-64.54326923076923,105.72424071206957,,3.0494791666666665,3.0494791666666665,0.13353510394710785,9.964342948717949
2075,1.5,-6.639901329037456,-64.54326923076923,105.72424071206957,,1.9507211538461537,1.9507211538461537,0.09109931875590291,4.704326923076923
2076,1.0,-6.639901329037456,-64.54326923076923,104.90007196827493,,3.7419871794871797,3.7419871794871797,0.15079249484062174,14.128205128205128
2076,1.14,-6.639901329037456,-64.54326923076923,104.90007196827493,,3.028044871794872,3.028044871794872,0.13253534368261524,9.795673076923077
2076,1.5,-6.639901329037456,-64.54326923076923,104.90007196827493,,1.9264823717948718,1.9264823717948718,0.0905796005693736,4.584935897435897
2077,1.0,-6.639901329037456,-64.54326923076923,103.69142405516402,,3.670673076923077,3.670673076923077,0.148425168307101,13.720152243589743
2077,1.14,-6.639901329037456,-64.54326923076923,103.69142405516402,,2.9649439102564106,2.9649439102564106,0.1302909025186738,9.483774038461538
2077,1.5,-6.639901329037456,-64.54326923076923,103.69142405516402,,1.8772035256410255,1.8772035256410255,0.08811508331632077,4.408253205128205
2078,1.0,-6.639901329037456,-64.54326923076923,102.82454045958637,,3.6454326923076925,3.6454326923076925,0.14878777519631362,13.590945512820513
2078,1.14,-6.639901329037456,-64.54326923076923,102.82454045958637,,2.944511217948718,2.944511217948718,0.12760436278634726,9.399839743589743
2078,1.5,-6.639901329037456,-64.54326923076923,102.82454045958637,,1.852363782051282,1.852363782051282,0.08662564345822013,4.311097756410256
2079,1.0,-6.639901329037456,-64.54326923076923,102.72643492656776,,3.6937099358974357,3.6937099358974357,0.14865585009028337,14.038261217948719
2079,1.14,-6.639901329037456,-64.54326923076923,102.72643492656776,,2.989983974358974,2.989983974358974,0.1289086096177225,9.739583333333332
2079,1.5,-6.639901329037456,-64.54326923076923,102.72643492656776,,1.8780048076923077,1.8780048076923077,0.08800737774859944,4.461338141025641
2080,1.0,-6.639901329037456,-64.54326923076923,102.99623976176419,,3.690705128205128,3.690705128205128,0.148475159383916,14.005208333333334
2080,1.14,-6.639901329037456,-64.54326923076923,102.99623976176419,,2.9819711538461537,2.9819711538461537,0.12872308642155117,9.713341346153847
2080,1.5,-6.639901329037456,-64.54326923076923,102.99623976176419,,1.8737980769230769,1.8737980769230769,0.0875394909113175,4.4483173076923075
2081,1.0,-6.639901329037456,-64.54326923076923,102.86200121119603,,3.6558493589743586,3.6558493589743586,0.14570715406838725,13.920272435897434
2081,1.14,-6.639901329037456,-64.54326923076923,102.86200121119603,,2.9503205128205128,2.9503205128205128,0.1283598228998498,9.577323717948717
2081,1.5,-6.639901329037456,-64.54326923076923,102.86200121119603,,1.8499599358974357,1.8499599358974357,0.08486422311627978,4.383213141025641
2082,1.0,-6.639901329037456,-64.54326923076923,102.6378842547408,,3.6979166666666665,3.6979166666666665,0.14568301047703458,14.322916666666666
2082,1.14,-6.639901329037456,-64.54326923076923,102.6378842547408,,2.9813701923076925,2.9813701923076925,0.12829972745425125,9.802283653846153
2082,1.5,-6.639901329037456,-64.54326923076923,102.6378842547408,,1.8770032051282048,1.8770032051282048,0.08594309805941275,4.535256410256411
2083,1.0,-6.639901329037456,-64.54326923076923,103.38419134401771,,3.7471955128205128,3.7471955128205128,0.14732409563311058,14.807291666666666
2083,1.14,-6.639901329037456,-64.54326923076923,103.38419134401771,,3.027043269230769,3.027043269230769,0.12990048596612158,10.193509615384615
2083,1.5,-6.639901329037456,-64.54326923076923,103.38419134401771,,1.9174679487179487,1.9174679487179487,0.09026288235933286,4.736378205128205
2084,1.0,-6.639901329037456,-64.54326923076923,102.29383933415984,,3.655448717948718,3.655448717948718,0.14556619344678282,14.366786858974358
2084,1.14,-6.639901329037456,-64.54326923076923,102.29383933415984,,2.9579326923076925,2.9579326923076925,0.1283646181218941,9.903445512820513
2084,1.5,-6.639901329037456,-64.54326923076923,102.29383933415984,,1.8661858974358974,1.8661858974358974,0.08453849452326398,4.592548076923077
2085,1.0,-6.639901329037456,-64.54326923076923,101.93144502443924,,3.6103766025641026,3.6103766025641026,0.143613064714152,14.043469551282051
2085,1.14,-6.639901329037456,-64.54326923076923,101.93144502443924,,2.9130608974358974,2.9130608974358974,0.12500794638875207,9.660857371794872
2085,1.5,-6.639901329037456,-64.54326923076923,101.93144502443924,,1.8393429487179487,1.8393429487179487,0.08290274787513133,4.514222756410256
2086,1.0,-6.639901329037456,-64.54326923076923,101.36843085148344,,3.596955128205128,3.596955128205128,0.14355158706349586,13.979967948717949
2086,1.14,-6.639901329037456,-64.54326923076923,101.36843085148344,,2.9008413461538463,2.9008413461538463,0.12408892212827118,9.649439102564102
2086,1.5,-6.639901329037456,-64.54326923076923,101.36843085148344,,1.8275240384615385,1.8275240384615385,0.08188940204232395,4.488782051282051
2087,1.0,-6.639901329037456,-64.54326923076923,101.28772205572923,,3.5472756410256414,3.5472756410256414,0.1431529655786587,13.500801282051281
2087,1.14,-6.639901329037456,-64.54326923076923,101.28772205572923,,2.8451522435897436,2.8451522435897436,0.12350178988437858,9.22275641025641
2087,1.5,-6.639901329037456,-64.54326923076923,101.28772205572923,,1.8020833333333333,1.8020833333333333,0.08227020830391102,4.362580128205128
2088,1.0,-6.639901329037456,-64.54326923076923,100.84740759863197,,3.499198717948718,3.499198717948718,0.14180745944330375,13.202724358974358
2088,1.14,-6.639901329037456,-64.54326923076923,100.84740759863197,,2.802483974358974,2.802483974358974,0.1241581432229609,8.996794871794872
2088,1.5,-6.639901329037456,-64.54326923076923,100.84740759863197,,1.770032051282051,1.770032051282051,0.08003883363472886,4.236979166666666
2089,1.0,-6.639901329037456,-64.54326923076923,101.7357072396148,,3.516826923076923,3.516826923076923,0.14191347428802087,13.249599358974358
2089,1.14,-6.639901329037456,-64.54326923076923,101.7357072396148,,2.8231169871794872,2.8231169871794872,0.1249625604077662,9.03165064102564
2089,1.5,-6.639901329037456,-64.54326923076923,101.7357072396148,,1.7804487179487178,1.7804487179487178,0.08091351096601877,4.261017628205128
2090,1.0,-6.639901329037456,-64.54326923076923,103.02165236598142,,3.6470352564102564,3.6470352564102564,0.14589096552082703,14.106570512820513
2090,1.14,-6.639901329037456,-64.54326923076923,103.02165236598142,,2.928485576923077,2.928485576923077,0.12642228169656267,9.67147435897436
2090,1.5,-6.639901329037456,-64.54326923076923,103.02165236598142,,1.8573717948717947,1.8573717948717947,0.08507317015193769,4.5498798076923075
2091,1.0,-6.639901329037456,-64.54326923076923,103.34835406767951,,3.6724759615384617,3.6724759615384617,0.14693759292775696,14.137620192307692
2091,1.14,-6.639901329037456,-64.54326923076923,103.34835406767951,,2.956330128205128,2.956330128205128,0.12927369891821583,9.71454326923077
2091,1.5,-6.639901329037456,-64.54326923076923,103.34835406767951,,1.8848157051282048,1.8848157051282048,0.0873160261113718,4.612780448717949
2092,1.0,-6.639901329037456,-64.54326923076923,102.909990856087,,3.6209935897435894,3.6209935897435894,0.145324215528087,13.857572115384615
2092,1.14,-6.639901329037456,-64.54326923076923,102.909990856087,,2.9076522435897436,2.9076522435897436,0.12743885354506873,9.48477564102564
2092,1.5,-6.639901329037456,-64.54326923076923,102.909990856087,,1.8487580128205126,1.8487580128205126,0.08472015657514533,4.466346153846154
2093,1.0,-6.639901329037456,-64.54326923076923,103.58035788530098,,3.6560496794871797,3.6560496794871797,0.14606172224312525,14.04306891025641
2093,1.14,-6.639901329037456,-64.54326923076923,103.58035788530098,,2.9415064102564106,2.9415064102564106,0.1276733177489221,9.637219551282051
2093,1.5,-6.639901329037456,-64.54326923076923,103.58035788530098,,1.8607772435897434,1.8607772435897434,0.08535348481072479,4.5
2094,1.0,-6.639901329037456,-64.54326923076923,105.10983998182472,,3.760016025641026,3.760016025641026,0.1492006316931364,14.482371794871794
2094,1.14,-6.639901329037456,-64.54326923076923,105.10983998182472,,3.0234375,3.0234375,0.13199275672705466,9.911858974358974
2094,1.5,-6.639901329037456,-64.54326923076923,105.10983998182472,,1.9108573717948718,1.9108573717948718,0.08833511419349996,4.640625
2095,1.0,-6.639901329037456,-64.54326923076923,104.1921176814516,,3.6935096153846154,3.6935096153846154,0.1486010980567174,13.998597756410257
2095,1.14,-6.639901329037456,-64.54326923076923,104.1921176814516,,2.979967948717949,2.979967948717949,0.12933481224188206,9.658453525641026
2095,1.5,-6.639901329037456,-64.54326923076923,104.1921176814516,,1.8733974358974357,1.8733974358974357,0.0860234986046413,4.501201923076923
2096,1.0,-6.639901329037456,-64.54326923076923,104.42855461782608,,3.6939102564102564,3.6939102564102564,0.14766181090359282,14.078926282051281
2096,1.14,-6.639901329037456,-64.54326923076923,104.42855461782608,,2.9749599358974357,2.9749599358974357,0.12871909824943872,9.700520833333332
2096,1.5,-6.639901329037456,-64.54326923076923,104.42855461782608,,1.8764022435897434,1.8764022435897434,0.0865977516019394,4.516426282051282
2097,1.0,-6.639901329037456,-64.54326923076923,106.63884921409763,,3.8345352564102564,3.8345352564102564,0.1484741615337333,15.098157051282051
2097,1.14,-6.639901329037456,-64.54326923076923,106.63884921409763,,3.0923477564102564,3.0923477564102564,0.13064563347288788,10.432091346153847
2097,1.5,-6.639901329037456,-64.54326923076923,106.63884921409763,,1.9569310897435896,1.9569310897435896,0.08995231157760707,4.858173076923077
2098,1.0,-6.639901329037456,-64.54326923076923,106.82948975210884,,3.858173076923077,3.858173076923077,0.14960178888188996,15.322115384615385
2098,1.14,-6.639901329037456,-64.54326923076923,106.82948975210884,,3.1157852564102564,3.1157852564102564,0.13182765097318852,10.547876602564104
2098,1.5,-6.639901329037456,-64.54326923076923,106.82948975210884,,1.9683493589743588,1.9683493589743588,0.09009610769328374,4.889823717948718
2099,1.0,-6.639901329037456,-64.54326923076923,105.66545780506051,,3.8094951923076925,3.8094951923076925,0.1485650716629137,15.009014423076923
2099,1.14,-6.639901329037456,-64.54326923076923,105.66545780506051,,3.068108974358974,3.068108974358974,0.13064082863901144,10.283854166666666
2099,1.5,-6.639901329037456,-64.54326923076923,105.66545780506051,,1.9397035256410255,1.9397035256410255,0.0874511111944872,4.791466346153846
